AreaID,AreaName,ZoneId,ZoneName,Polygon,IsLive,ZoneType
994,"Abbeville, SC",4570,SC: Abbeville,"POLYGON ((-82.3855329 34.2018988, -82.4025274 34.1868481, -82.394116 34.1627047, -82.3573805 34.1577331, -82.3477674 34.1957936, -82.3855329 34.2018988))",true,null
778,"Aberdeen, WA",4338,WA: Aberdeen,"POLYGON ((-123.85827 46.9888803, -123.85827 46.9682672, -123.81847631850128 46.971705653715695, -123.8084883 46.9653386, -123.7981886 46.9562002, -123.7810224 46.9679158, -123.7981886 46.9850159, -123.85827 46.9888803))",true,null
232,"Abilene, TX",3254,TX: Abilene,"POLYGON ((-99.7886644 32.4626148, -99.7886126 32.4249241, -99.7735922 32.383836, -99.763407927259678 32.398850011246168, -99.7409766 32.3836911, -99.7196906 32.3913739, -99.6852725 32.4351389, -99.686002 32.4688538, -99.6947138 32.4835165, -99.7176306 32.4922043, -99.7533362 32.4923491, -99.7886644 32.4626148))",true,null
498,"Abingdon, VA",3941,VA: Abingdon,"POLYGON ((-81.9771367 36.7637316, -82.0760137 36.6800741, -81.9908696 36.6470263, -81.8480474 36.7351222, -81.9771367 36.7637316))",true,null
1137,"Adams Center, NY",4717,NY: Adams Center,"POLYGON ((-76.017906 43.9021925, -76.0371321 43.8388314, -76.0000533 43.8249622, -75.9547347 43.8695304, -76.017906 43.9021925))",false,null
1137,"Adams Center, NY",4886,NY: Watertown,"POLYGON ((-75.99115 43.92901, -75.918865 43.92901, -75.882722 43.974077, -75.918865 44.019111, -75.99115 44.019111, -76.027292 43.974077, -75.99115 43.92901))",false,null
423,"Adams, MA",3859,MA: Adams,"POLYGON ((-73.2274175 42.6981168, -73.2548833 42.5222534, -72.9774785 42.5364217, -72.9829717 42.7041722, -73.2274175 42.6981168))",true,null
1097,"Addison, NY",4677,NY: Addison,"POLYGON ((-77.2566975 42.1181553, -77.240218 42.0819826, -77.1331013 42.1110243, -77.1605671 42.1400526, -77.2566975 42.1181553))",false,null
539,"Adrian, MI",3981,MI: Adrian,"POLYGON ((-84.1041966 41.9302237, -84.0846272 41.8538079, -83.9830037 41.857388, -83.9847203 41.9366088, -84.1041966 41.9302237))",true,null
1032,"Ahoskie, NC",4609,NC: Ahoskie,"POLYGON ((-77.0035578 36.2886274, -76.9767787 36.2670391, -76.9506861 36.2908412, -76.9884516 36.3052296, -77.0035578 36.2886274))",true,null
341,"Alamogordo, NM",4490,NM: Alamogordo,"POLYGON ((-106.0349211 33.0019486, -106.0335478 32.782852, -105.9058318 32.7874702, -105.9099516 33.004252, -106.0349211 33.0019486))",true,null
589,"Albany, GA",4042,GA: Albany,"POLYGON ((-84.2722911 31.6211596, -84.2640514 31.5486283, -84.1294688 31.438554, -83.9921397 31.6024472, -84.0910167 31.6632485, -84.2722911 31.6211596))",true,null
314,"Albany, NY",3899,NY: Albany,"POLYGON ((-73.8610646494373 42.8553187482793, -73.836332643746 42.877297428583795, -73.8565866756303 42.90299988, -73.82044421781515 42.948838200175736, -73.74815930218485 42.948838200175736, -73.71201684436969 42.90299988, -73.72895173180282 42.88151017059292, -73.707607304587 42.83281906688709, -73.4846535 42.7763008, -73.6585888368011 42.4577543946784, -73.99002459999998 42.6673399, -74.02056397173591 42.7946821951138, -74.00422834242228 42.85307309462189, -73.9460269480416 42.904425271509794, -73.90082605355049 42.906264645168804, -73.8610646494373 42.8553187482793))",true,null
746,"Albany, OR",4253,OR: Albany,"POLYGON ((-122.997326 44.7519745, -123.3763543 44.5722484, -123.2500115 44.5252718, -123.1291619 44.5800742, -122.9066888 44.4743376, -122.7391473 44.3625185, -122.6018182 44.4017776, -122.997326 44.7519745))",true,null
578,"Albertville, AL",4028,AL: Albertville,"POLYGON ((-86.2208953 34.2858351, -86.2579742 34.2506531, -86.1851897 34.2393009, -86.1645904 34.2710831, -86.2208953 34.2858351))",true,null
193,"Albuquerque, NM",2931,NM: Academy Acres North,"POLYGON ((-106.6065856 35.1514378, -106.637103 35.1401538, -106.597517 35.1396652, -106.4953862 35.1394853, -106.4975806 35.1521395, -106.5246196 35.1541203, -106.5248771 35.1845709, -106.5422149 35.1843604, -106.5420433 35.1908139, -106.5931125 35.1906035, -106.5992923 35.1565764, -106.6065856 35.1514378))",true,null
193,"Albuquerque, NM",2929,NM: Albuquerque,"POLYGON ((-106.6370929 35.063856, -106.5685464 35.064181, -106.5503503 35.0724704, -106.5505219 35.0886254, -106.5857125 35.1029515, -106.5979462 35.1028783, -106.597517 35.1396652, -106.637103 35.1401538, -106.6447849 35.1089845, -106.6833122 35.1136355, -106.6605598 35.0663074, -106.6370929 35.063856))",true,null
193,"Albuquerque, NM",2930,NM: Loma Del Rey,"POLYGON ((-106.5125523 35.0672998, -106.4946995 35.0681428, -106.4953862 35.1394853, -106.597517 35.1396652, -106.5979462 35.1028783, -106.5857125 35.1029515, -106.5505219 35.0886254, -106.5503503 35.0724704, -106.5125523 35.0672998))",true,null
193,"Albuquerque, NM",2932,NM: Rio Rancho,"POLYGON ((-106.642023 35.202705, -106.608449 35.222369, -106.609492 35.224418, -106.580218 35.224418, -106.544075 35.27554, -106.580218 35.32663, -106.652502 35.32663, -106.652947 35.326002, -106.659716 35.326002, -106.660168 35.32664, -106.732452 35.32664, -106.768595 35.27555, -106.73253 35.224537, -106.739855 35.196944, -106.726777 35.163022, -106.71225 35.144513, -106.712914 35.117265, -106.712916 35.117154, -106.683466 35.113654, -106.683523 35.113772, -106.644892 35.109109, -106.637221 35.140231, -106.606659 35.151532, -106.599418 35.156633, -106.593243 35.190636, -106.642023 35.202705))",true,null
193,"Albuquerque, NM",2928,NM: South Valley,"POLYGON ((-106.748783738042 35.006015788710606, -106.775712578171 35.0519991116121, -106.76918505417798 35.0778088767295, -106.75638526091099 35.1112585543279, -106.73034232251999 35.1198033652039, -106.71305077661903 35.117173919161395, -106.7130535904051 35.117058413334426, -106.68340896623522 35.113535617233566, -106.66065599209587 35.06620626461572, -106.63710107514825 35.06374566699955, -106.61172286798306 35.063865993184216, -106.58633018436969 35.02785873, -106.62247264218486 34.97658073694612, -106.69475755781514 34.97658073694612, -106.71158334331092 35.00045672825733, -106.714162157908 35.000893374723, -106.748783738042 35.006015788710606))",true,null
1103,"Alden, NY",4683,NY: Alden,"POLYGON ((-78.5453107 42.9574085, -78.5411908 42.932277, -78.4931257 42.9312715, -78.5102918 42.969468, -78.5453107 42.9574085))",false,null
640,"Alexandria, LA",4112,LA: Alexandria,"POLYGON ((-92.4231857 31.494311, -92.6264328 31.3958957, -92.7527756 31.3302282, -92.6209397 31.2786001, -92.5055832 31.2175486, -92.2199387 31.3724483, -92.4231857 31.494311))",true,null
640,"Alexandria, LA",4741,LA: Leesville,"POLYGON ((-93.281954744135632 31.165314643771943, -93.296050410915711 31.144027521563785, -93.2902463128298 31.122380713558989, -93.263713293008465 31.115282324230495, -93.24837389092427 31.133027302036776, -93.238009430056564 31.157155145378596, -93.263298714573764 31.166733615241771, -93.281954744135632 31.165314643771943))",true,null
946,"Alice, TX",4523,TX: Alice,"POLYGON ((-98.0849933 27.7817761, -98.1296252 27.7817761, -98.1335735 27.741674, -98.1249904 27.7175145, -98.0573558 27.7281514, -98.018217 27.774334, -98.0849933 27.7817761))",true,null
844,"Allegan, MI",4409,MI: Allegan,"POLYGON ((-85.8826674 42.5431481, -85.8696211 42.5067127, -85.8064497 42.5082313, -85.8270491 42.5552885, -85.8936537 42.5573116, -85.8826674 42.5431481))",true,null
469,"Allentown, PA",3910,PA: Allentown,"POLYGON ((-75.5988208 40.6273204, -75.590581 40.4979533, -75.4367724 40.4728857, -75.0680438 40.6658733, -75.1964465 40.8406446, -75.220687755755 40.89342189129652, -75.3599054 40.8391849, -75.5344155 40.783553, -75.63295066997169 40.75993547869801, -75.5988208 40.6273204))",true,null
1113,"Almond, NY",4693,NY: Almond,"POLYGON ((-77.7438874 42.3366329, -77.7596802 42.3112493, -77.7438874 42.3021087, -77.7164216 42.3335874, -77.7438874 42.3366329))",false,null
478,"Altoona, PA",3921,PA: Altoona,"POLYGON ((-78.3904682 40.6325473, -78.4872852 40.4828252, -78.3506428 40.4384181, -78.2469593 40.6023168, -78.3904682 40.6325473))",true,null
645,"Altus, OK",4120,OK: Altus,"POLYGON ((-99.3579371 34.692326, -99.3551905 34.6177688, -99.2666133 34.6155084, -99.2364009 34.6719989, -99.2515071 34.696278, -99.3579371 34.692326))",true,null
183,"Amarillo, TX",3256,TX: Amarillo,"POLYGON ((-101.906862 35.235275, -101.936299 35.225333, -101.939843 35.215778, -101.943874 35.206802, -101.943187 35.152363, -101.922931 35.152223, -101.922245 35.111931, -101.897525 35.112212, -101.87919 35.080179, -101.834367 35.079669, -101.845855 35.147591, -101.840534 35.173975, -101.819228 35.174061, -101.795019 35.13978, -101.722734 35.13978, -101.686591 35.190955, -101.722734 35.242098, -101.795019 35.242098, -101.798626 35.236996, -101.848087 35.236812, -101.872895 35.235266, -101.906862 35.235275))",true,null
1068,"Amelia, VA",4648,VA: Amelia,"POLYGON ((-78.0665856 37.423488, -77.9924279 37.2619023, -77.8166466 37.3318199, -77.9320031 37.4474778, -78.0665856 37.423488))",true,null
1146,"Amsterdam, NY",4726,NY: Amsterdam,"POLYGON ((-74.2563931 42.9685178, -74.2577664 42.9544479, -74.1939083 42.9137276, -74.1540829 42.9268013, -74.1630093 42.9609807, -74.1321102 42.9609807, -74.1307369 42.9876074, -74.1891018 43.0056869, -74.2563931 42.9685178))",false,null
779,"Anacortes, WA",4339,WA: Anacortes,"POLYGON ((-122.6168796 48.5204155, -122.6735278 48.5023339, -122.6651164 48.4847009, -122.5976535 48.4877729, -122.6094981 48.5108637, -122.6089832 48.5164358, -122.5990268 48.5162084, -122.5998851 48.5205292, -122.6168796 48.5204155))",true,null
570,"Anderson, SC",4019,SC: Anderson,"POLYGON ((-82.7354735 34.5693429, -82.7739256 34.481092, -82.6832884 34.4448594, -82.4443358 34.4890158, -82.4292296 34.5682121, -82.7354735 34.5693429))",true,null
959,"Angleton, TX",4536,TX: Angleton,"POLYGON ((-95.4449512 29.2064487, -95.4681255 29.1971584, -95.471902 29.1505441, -95.4406596 29.1376502, -95.3819514 29.1697319, -95.3871013 29.2097451, -95.4449512 29.2064487))",true,null
825,"Angola, IN",4388,IN: Angola,"POLYGON ((-84.96378879999999 41.6239871, -84.98955462619071 41.6127508338413, -85.00864972218486 41.58801854968332, -85.08093463781515 41.58801854968332, -85.11707709563031 41.63482285, -85.08093463781515 41.68159318773645, -85.00864972218486 41.68159318773645, -85.00146849277763 41.672302983996474, -84.96653539999998 41.66914, -84.96378879999999 41.6239871))",true,null
573,"Antioch, SC",4023,SC: Antioch,"POLYGON ((-81.239415 35.036485, -81.273747 35.156149, -81.660328 35.169622, -81.658914 35.145654, -81.702636 35.145654, -81.738778 35.09445, -81.702636 35.043214, -81.652874 35.043214, -81.652775 35.041545, -81.239415 35.036485))",true,null
609,"Appleton, WI",4060,WI: Appleton,"POLYGON ((-88.57835737026018 44.23019501234766, -88.5451191 44.1530572, -88.50444653802434 44.1067210610058, -88.1743306 44.2888735, -88.2704609 44.3321113, -88.55228810814926 44.33577412619761, -88.57835737026018 44.23019501234766))",true,null
988,"Arcadia, FL",4564,FL: Arcadia,"POLYGON ((-81.8710656 27.235781, -81.8909783 27.1649384, -81.8322701 27.1573019, -81.8133873 27.235781, -81.8710656 27.235781))",true,null
646,"Ardmore, OK",4121,OK: Ardmore,"POLYGON ((-97.1672042 34.2043264, -97.1705952 34.1834161, -97.1726116 34.1625057, -97.159951 34.1568973, -97.1447162 34.1522814, -97.1288808 34.1495814, -97.11562 34.1600909, -97.10648 34.1697467, -97.1079811 34.2032616, -97.1672042 34.2043264))",true,null
1112,"Arkport, NY",4692,NY: Arkport,"POLYGON ((-77.7152638 42.4032197, -77.7042775 42.3788775, -77.6678853 42.3748196, -77.6747517 42.4098108, -77.7152638 42.4032197))",false,null
733,"Arlington, WA",4237,WA: Arlington,"POLYGON ((-122.2213962 48.2126034, -122.3504856 48.0990031, -122.2406223 48.0384358, -122.20092972292126 48.019214635356064, -122.18561972475901 48.015480965837419, -122.17980759364784 48.007734215629711, -122.17846087795019 47.989631206000261, -122.17169187962212 47.986460228558037, -122.1527316 47.972281099999996, -122.0511081 47.9557291, -121.9906833 48.0384358, -122.1060398 48.0329261, -122.1115329 48.1540024, -122.012656 48.1723224, -122.0291355 48.2382203, -122.2213962 48.2126034))",true,null
807,"Arvin, CA",4368,CA: Arvin,"POLYGON ((-118.8466143 35.2297022, -118.856914 35.179207, -118.8253283 35.1674203, -118.7951159 35.1853803, -118.8157152 35.211752, -118.8466143 35.2297022))",true,null
1160,"Asheville, NC",4827,NC: Downtown Asheville / East End,"POLYGON ((-82.56339241251156 35.59476786860811, -82.5592367144172 35.58804798368242, -82.55125968474182 35.58816451828476, -82.52715497897532 35.59293227221664, -82.5281210231776 35.59686817160676, -82.53265577193635 35.599742208287324, -82.53714104191714 35.602393715851456, -82.54976917284009 35.60307005648757, -82.55397349757072 35.60330989855678, -82.55714291529267 35.603398176265735, -82.5541198796929 35.600673907272956, -82.55398427945372 35.60051798778747, -82.56339241251156 35.59476786860811))",true,null
1160,"Asheville, NC",4832,NC: Echo Hills,"POLYGON ((-82.619505 35.570378, -82.604071 35.591405, -82.61432 35.591922, -82.619295 35.594431, -82.621902 35.597886, -82.627833 35.607663, -82.627911 35.607791, -82.621845 35.611333, -82.670074 35.611333, -82.706216 35.560424, -82.670074 35.509482, -82.597789 35.509482, -82.588478 35.522609, -82.606784 35.548411, -82.596239 35.56327, -82.619528 35.570346, -82.619511 35.570369, -82.619505 35.570378))",true,null
1160,"Asheville, NC",4831,NC: Emma,"POLYGON ((-82.5752103171837 35.59735384859872, -82.60057714777061 35.595971101106244, -82.60386019809513 35.59150366755544, -82.61427772483255 35.592029700244815, -82.61919664400317 35.59451027562106, -82.62178405965373 35.59793867791972, -82.62773959268937 35.607756197133504, -82.60078855263099 35.623493225208655, -82.59370914827285 35.62300076423167, -82.58649466724788 35.625655866093865, -82.58219653847162 35.62485396414022, -82.57737350042986 35.61769293466712, -82.57685043839788 35.612068693044904, -82.58027007716184 35.60721452986616, -82.5752103171837 35.59735384859872))",true,null
1160,"Asheville, NC",4835,NC: Five Points / Chestnut Hills,"POLYGON ((-82.56699765611478 35.61226416645616, -82.55714844383898 35.6033990410044, -82.55396863281906 35.60331161151249, -82.53714025769409 35.60239500654647, -82.53691980694376 35.60782941019623, -82.5482723461824 35.608600816677495, -82.5541305050889 35.617284353508474, -82.55507979433725 35.612756115790766, -82.56699765611478 35.61226416645616))",true,null
1160,"Asheville, NC",4852,NC: Fletcher,"POLYGON ((-82.498201 35.497461, -82.567312 35.497461, -82.600402 35.450786, -82.569687 35.407437, -82.578289 35.395293, -82.542147 35.344246, -82.469862 35.344246, -82.433719 35.395293, -82.464434 35.438648, -82.455832 35.450786, -82.491975 35.501765, -82.495149 35.501765, -82.498201 35.497461))",true,null
1160,"Asheville, NC",4836,NC: Grove Park / Sunset,"POLYGON ((-82.55412972288983 35.61728599654628, -82.54827104786122 35.60860264913805, -82.53645150535377 35.607809264818364, -82.53046811820514 35.617152635928434, -82.53032576900999 35.62260628664181, -82.53834649229445 35.62996624852599, -82.55452239676498 35.62340423554765, -82.55413550727917 35.617294798617465, -82.55412972288983 35.61728599654628))",true,null
1160,"Asheville, NC",4839,NC: Haw Creek,"POLYGON ((-82.52328125991461 35.58616132344285, -82.5271421565899 35.592935522962705, -82.52809541391895 35.596873671161035, -82.51456789558331 35.60166827484618, -82.50450934617916 35.62679030433468, -82.49199529137448 35.62692246909059, -82.47937803355562 35.586646542783534, -82.52328125991461 35.58616132344285))",true,null
1160,"Asheville, NC",4853,NC: Hendersonville,"POLYGON ((-82.445749 35.246577, -82.373464 35.246577, -82.337321 35.297685, -82.373464 35.348761, -82.445749 35.348761, -82.481891 35.297685, -82.445749 35.246577))",true,null
1160,"Asheville, NC",4829,NC: Hillcrest / WECAN,"POLYGON ((-82.5592374279434 35.58804673534341, -82.56340301921044 35.594783943481474, -82.56750469470717 35.59228648916639, -82.57102744166089 35.59660643054221, -82.57555938118756 35.59811788960034, -82.57341294833338 35.594104945885505, -82.57239799813263 35.59040345495801, -82.56869396467691 35.58587978405514, -82.56793430500802 35.58434585417878, -82.56774127569189 35.58008529279744, -82.55974664772081 35.580627571791936, -82.5592638338046 35.587970664497476, -82.5592374279434 35.58804673534341))",true,null
1160,"Asheville, NC",4828,NC: Montford,"POLYGON ((-82.55412025185493 35.60067285466976, -82.56701113544163 35.61226293543326, -82.57649639035188 35.616028831083945, -82.57672985945408 35.612039696466056, -82.58000366281712 35.60721446742399, -82.57556136485415 35.598126422214506, -82.57102353360169 35.59661164767005, -82.56750461669182 35.592288191065194, -82.55398632830789 35.600517724670716, -82.55412025185493 35.60067285466976))",true,null
1160,"Asheville, NC",4837,NC: North Asheville,"POLYGON ((-82.5801397296466 35.62323936001954, -82.58068525785097 35.633159887961654, -82.58036757643411 35.642335166344886, -82.58025452867456 35.645823910218795, -82.55845152837341 35.64563852422549, -82.54020600906745 35.64424148281853, -82.53833189633048 35.62999363455292, -82.55452211379779 35.62341193741702, -82.58012056734849 35.62322378374355, -82.5801397296466 35.62323936001954))",true,null
1160,"Asheville, NC",4833,NC: South Asheville / Kenilworth,"POLYGON ((-82.517856 35.576574, -82.523243 35.586052, -82.523367 35.586051, -82.527217 35.592807, -82.551242 35.588055, -82.559131 35.58794, -82.559618 35.580526, -82.567768 35.579974, -82.568636 35.576443, -82.563601 35.571109, -82.56315 35.567178, -82.563697 35.565163, -82.563708 35.565121, -82.595704 35.563108, -82.596111 35.563231, -82.606628 35.548411, -82.570486 35.497461, -82.498201 35.497461, -82.472717 35.533389, -82.506038 35.533389, -82.532614 35.57084, -82.517856 35.576574))",true,null
1160,"Asheville, NC",4834,NC: University / Jackscn Park,"POLYGON ((-82.55508345069079 35.61276125840796, -82.56699391339951 35.612269813493, -82.57648822952453 35.61604179502612, -82.58010763919532 35.62321113623318, -82.55453104336286 35.62340552925483, -82.55413666053319 35.61729367070744, -82.55505682198788 35.612897334802035, -82.55508345069079 35.61276125840796))",true,null
1160,"Asheville, NC",4838,NC: View Point,"POLYGON ((-82.491891 35.627033, -82.479205 35.586539, -82.523096 35.586054, -82.517678 35.576522, -82.532425 35.570792, -82.50596 35.533499, -82.433676 35.533499, -82.397533 35.584426, -82.433676 35.63532, -82.50596 35.63532, -82.531603 35.599214, -82.528098 35.596992, -82.514677 35.601749, -82.504608 35.626899, -82.491891 35.627033))",true,null
1160,"Asheville, NC",4830,NC: West Asheville,"POLYGON ((-82.57528422983731 35.59730791283834, -82.5734854120002 35.59405222766919, -82.57253764776344 35.590387457446944, -82.56883792268363 35.58572060609306, -82.56810292184697 35.58430490218008, -82.56789015844686 35.58003442986314, -82.56877989630176 35.57641621321983, -82.56373160108151 35.571067245743876, -82.56328602621417 35.567184656947724, -82.56381833809992 35.56522400767251, -82.59568462740174 35.563218890162325, -82.61932948215863 35.57040286249266, -82.60057106807822 35.59595893186799, -82.57528422983731 35.59730791283834))",true,null
655,"Ashville, TN",4133,NC: Ashville (Deprecated),"POLYGON ((-82.5895227 35.6378344, -82.6636804 35.5529661, -82.6526941 35.3650435, -82.449447 35.228301, -82.3176111 35.3090295, -82.4988855 35.4232569, -82.4686731 35.5104982, -82.5290979 35.5529661, -82.4659265 35.5909446, -82.4878992 35.6579216, -82.5895227 35.6378344))",false,null
1149,"Atchison, KS",4728,KS: Atchison,"POLYGON ((-95.177229718411326 39.587296157757521, -95.177880760101388 39.502954552952772, -95.079573464902268 39.53610097985041, -95.087385965183 39.594319997167716, -95.177229718411326 39.587296157757521))",false,null
300,"Athens, GA",4034,GA: Athens,"POLYGON ((-83.5377204 33.9657074, -83.3399665 33.8220763, -83.2136237 33.9064604, -83.2630622 34.0453978, -83.455323 34.0180838, -83.5377204 33.9657074))",true,null
891,"Athens, OH",4460,OH: Athens,"POLYGON ((-82.1250091 39.4128672, -82.1881805 39.3151876, -82.072824 39.2769279, -81.98768 39.3852759, -82.1250091 39.4128672))",true,null
1044,"Athens, TN",4621,TN: Athens,"POLYGON ((-84.6423938 35.4404242, -84.6252277 35.4264374, -84.5764758 35.4152462, -84.561713 35.4530102, -84.5740726 35.4834883, -84.6389606 35.4848861, -84.6581867 35.4820904, -84.6626498 35.4700682, -84.6296909 35.4521712, -84.6423938 35.4404242))",true,null
675,"Athens, TX",4163,TX: Athens,"POLYGON ((-95.8512422 32.2387674, -95.8979341 32.2050755, -95.869095 32.1725335, -95.81691 32.2085614, -95.8512422 32.2387674))",true,null
174,"Atlanta, GA",3442,GA: Adamsville,"POLYGON ((-84.5674026 33.8558552, -84.565771 33.7732162, -84.5400824 33.7651379, -84.5221305 33.7532114, -84.4834199 33.7548811, -84.4622593 33.804674, -84.4614861 33.8205325, -84.4608835 33.8565855, -84.5674026 33.8558552))",true,null
174,"Atlanta, GA",3452,GA: Alpharetta,"POLYGON ((-84.379046 34.095487, -84.370921 34.095487, -84.348599 34.061236, -84.321448 34.056545, -84.316499 34.05569, -84.314187 34.050326, -84.314186 34.050326, -84.312207 34.045734, -84.310319 34.038764, -84.282943 34.025495, -84.283163 34.025178, -84.236323 34.002786, -84.299074 34.002335, -84.299271 34.002052, -84.235422 34.002595, -84.22433 33.993899, -84.221864 33.991966, -84.221647 33.992278, -84.219947 33.991024, -84.204651 34.003787, -84.197071 34.010436, -84.189272 34.017297, -84.189171 34.017236, -84.170942 34.033157, -84.161941 34.042714, -84.160969 34.043745, -84.160843 34.043879, -84.149525 34.055894, -84.161066 34.08545, -84.174961 34.094384, -84.165604 34.107804, -84.110603 34.107804, -84.137518 34.146394, -84.176304 34.146394, -84.168231 34.157966, -84.204374 34.209751, -84.276658 34.209751, -84.312801 34.157966, -84.299291 34.1386, -84.318902 34.132809, -84.35782 34.111804, -84.360021 34.114961, -84.432306 34.114961, -84.468449 34.063118, -84.441136 34.023918, -84.436718 34.023444, -84.410961 34.020028, -84.396835 34.017064, -84.415266 34.04352, -84.379046 34.095487))",true,null
174,"Atlanta, GA",3430,GA: Atlanta,"POLYGON ((-84.3499027 33.7424229, -84.3499027 33.7746769, -84.3693004 33.7820964, -84.3823467 33.796791, -84.4134174 33.8049218, -84.4079243 33.7427083, -84.3499027 33.7424229))",true,null
174,"Atlanta, GA",3435,GA: Blandtown,"POLYGON ((-84.4134174 33.8049218, -84.4317321 33.8557518, -84.4608835 33.8565855, -84.4614861 33.8205325, -84.4622593 33.804674, -84.4834199 33.7548811, -84.4448829 33.7473594, -84.4079243 33.7427083, -84.4134174 33.8049218))",true,null
174,"Atlanta, GA",3443,GA: Buckhead,"POLYGON ((-84.3353652 33.7959911, -84.3310737 33.8337862, -84.3686675 33.8479016, -84.4317321 33.8557518, -84.4134174 33.8049218, -84.3823467 33.796791, -84.3693004 33.7820964, -84.3499027 33.7746769, -84.3353652 33.7959911))",true,null
174,"Atlanta, GA",4881,GA: Cartersville,"POLYGON ((-84.85467 34.159145, -84.782385 34.159145, -84.746243 34.21093, -84.782385 34.262683, -84.85467 34.262683, -84.890813 34.21093, -84.85467 34.159145))",true,null
174,"Atlanta, GA",3440,GA: College Park,"POLYGON ((-84.450129 33.6444, -84.418932 33.663169, -84.418979 33.663202, -84.403024 33.697984, -84.497425 33.695275, -84.497527 33.695272, -84.499884 33.708491, -84.550234 33.708491, -84.586377 33.656399, -84.550234 33.604276, -84.533967 33.604276, -84.511424 33.614094, -84.488908 33.623899, -84.488857 33.623794, -84.457443 33.624223, -84.457419 33.624335, -84.454391 33.638255, -84.450129 33.6444))",true,null
174,"Atlanta, GA",4874,GA: Conyers,"POLYGON ((-83.978739 33.696932, -84.020473 33.696932, -84.015925 33.690378, -84.052067 33.638276, -84.082618 33.638276, -84.051024 33.592704, -83.978739 33.592704, -83.942596 33.644834, -83.978739 33.696932))",false,null
174,"Atlanta, GA",4878,GA: Cumming,"POLYGON ((-84.175315 34.146394, -84.137518 34.146394, -84.110603 34.107804, -84.1484 34.107804, -84.148322 34.107692, -84.093241 34.107692, -84.092923 34.107235, -84.075719 34.107235, -84.039576 34.159052, -84.075719 34.210837, -84.08146 34.210837, -84.095292 34.230647, -84.167576 34.230647, -84.19327 34.193845, -84.168231 34.157966, -84.176304 34.146394, -84.175315 34.146394))",true,null
174,"Atlanta, GA",4875,GA: Douglasville,"POLYGON ((-84.565771 33.773216, -84.565989 33.784287, -84.604075 33.784287, -84.61734 33.76519, -84.660241 33.76519, -84.686304 33.727653, -84.72065 33.777115, -84.792935 33.777115, -84.829078 33.725066, -84.792935 33.672984, -84.72065 33.672984, -84.694587 33.710545, -84.660241 33.661044, -84.587956 33.661044, -84.574691 33.680165, -84.56989 33.680165, -84.550234 33.708491, -84.512135 33.708491, -84.502591 33.722241, -84.52213 33.753211, -84.540082 33.765138, -84.565771 33.773216))",false,null
174,"Atlanta, GA",4280,GA: Duluth,"POLYGON ((-84.180148 34.024955, -84.179785 34.024435, -84.188168 34.016629, -84.162738 34.001231, -84.156551 33.978745, -84.142518 33.965776, -84.134229 33.958101, -84.1332 33.952678, -84.133301 33.952623, -84.132799 33.950011, -84.12516 33.942286, -84.104475 33.957345, -84.066615 33.989883, -84.041632 33.985646, -84.048251 33.995151, -84.015152 34.042668, -84.025244 34.057151, -84.05801 34.057151, -84.093241 34.107692, -84.165526 34.107692, -84.174785 34.094413, -84.16095 34.085517, -84.149374 34.055872, -84.17084 34.033084, -84.180148 34.024955))",true,null
174,"Atlanta, GA",3453,GA: Dunwoody,"POLYGON ((-84.3649876 33.9671554, -84.3855871 33.9384785, -84.3527998 33.9370543, -84.2885596 33.9115838, -84.2763426 33.9406385, -84.219681717968754 33.990101041408138, -84.2354746 34.0024829, -84.3358965 34.0016291, -84.3649876 33.9671554))",true,null
174,"Atlanta, GA",3434,GA: East Atlanta,"POLYGON ((-84.2919546 33.7465737, -84.3499027 33.7424229, -84.3480659 33.6989584, -84.3099856 33.6518063, -84.2667032 33.6865567, -84.2713553 33.713024, -84.2919546 33.7465737))",true,null
174,"Atlanta, GA",4285,GA: East Cobb,"POLYGON ((-84.476905811946111 34.024755890218294, -84.490638722102361 34.017072841379807, -84.488917330648022 34.009538412609878, -84.484449357162433 34.003995637131, -84.484439801792817 33.998601834620565, -84.487853918592648 33.990659837359324, -84.484382469575124 33.985591982041925, -84.480186153571324 33.973747089573635, -84.457030643145757 33.966853583425177, -84.42822908274384 33.971289159389713, -84.415601242701726 33.9744655480541, -84.41025828234406 33.981387350937, -84.402318943659978 33.986120187323451, -84.388500202815251 33.985906681583877, -84.387641895930486 33.994588815706962, -84.386268604914861 34.001420035275089, -84.375625599543767 34.011238950954279, -84.383865345637517 34.014227091252245, -84.410987843196111 34.019918496112922, -84.436737049739079 34.023333155866716, -84.455276478450017 34.025324977280668, -84.476905811946111 34.024755890218294))",true,null
174,"Atlanta, GA",4876,GA: Hiram,"POLYGON ((-84.649653 33.985285, -84.710732 33.985285, -84.735154 33.950202, -84.730228 33.943124, -84.788257 33.943124, -84.824399 33.891176, -84.788257 33.839195, -84.715972 33.839195, -84.679829 33.891176, -84.684755 33.898258, -84.672045 33.898258, -84.676257 33.904314, -84.640115 33.956254, -84.594797 33.956254, -84.626727 34.002115, -84.637933 34.002115, -84.649653 33.985285))",false,null
174,"Atlanta, GA",3451,GA: Kennesaw,"POLYGON ((-84.548597 34.055915, -84.582586 34.087482, -84.640376 34.075726, -84.649653 34.089036, -84.721938 34.089036, -84.758081 34.037176, -84.721938 33.985285, -84.649653 33.985285, -84.629893 34.013659, -84.585281 33.960855, -84.579149 33.963529, -84.5748 33.965426, -84.525585 33.986297, -84.500843 34.007641, -84.491221 34.016585, -84.489371 34.008898, -84.484981 34.004097, -84.485323 33.998266, -84.486188 33.995256, -84.486037 33.995219, -84.484575 33.998621, -84.484584 34.003962, -84.489045 34.009495, -84.490788 34.017124, -84.476949 34.024866, -84.475006 34.024918, -84.490295 34.046862, -84.545702 34.046862, -84.548597 34.055915))",true,null
174,"Atlanta, GA",3433,GA: Kirkwood,"POLYGON ((-84.3499027 33.7746769, -84.3499027 33.7424229, -84.2919546 33.7465737, -84.2672354 33.7545666, -84.2859465 33.7732614, -84.3499027 33.7746769))",true,null
174,"Atlanta, GA",4282,GA: Lawrenceville,"POLYGON ((-83.9417 33.927382, -83.922817 33.941624, -83.919438 33.948716, -83.87314 33.948716, -83.836998 34.000629, -83.87314 34.052511, -83.873332 34.052511, -83.87436 34.053987, -83.946645 34.053987, -83.951488 34.047036, -84.011952 34.047036, -84.048095 33.995151, -84.041365 33.985487, -84.06657 33.989761, -84.104382 33.957264, -84.125176 33.942126, -84.132926 33.949964, -84.133424 33.952554, -84.163318 33.935986, -84.182439 33.926813, -84.178194 33.926076, -84.115676 33.91538, -84.114326 33.897046, -84.087956 33.908294, -84.040577 33.931085, -84.026501 33.925958, -84.020664 33.92026, -84.009756 33.919598, -84.009507 33.919583, -84.00945 33.919579, -84.006588 33.919405, -83.991482 33.913137, -83.975346 33.915702, -83.967106 33.916841, -83.949596 33.925958, -83.9417 33.927382))",true,null
174,"Atlanta, GA",4279,GA: Lilburn,"POLYGON ((-84.115803969709859 33.915287460909745, -84.182408583967671 33.926683138874431, -84.19442488035439 33.921270381894757, -84.197943938581929 33.91770917001103, -84.201076758711324 33.9125095333682, -84.188051951735 33.8688699492849, -84.191324246733174 33.835635466072631, -84.1101391442704 33.838326781962429, -84.115803969709859 33.915287460909745))",true,null
174,"Atlanta, GA",4793,GA: Lithonia,"POLYGON ((-84.104828 33.746915, -84.14149 33.747012, -84.152757 33.727516, -84.152757 33.719083, -84.150038 33.718278, -84.141977 33.717061, -84.152753 33.701534, -84.152717 33.686243, -84.15635 33.684404, -84.124352 33.638276, -84.052067 33.638276, -84.015925 33.690378, -84.052067 33.742449, -84.102209 33.742449, -84.104828 33.746915))",true,null
174,"Atlanta, GA",4284,GA: Lower Roswell / North Riverside,"POLYGON ((-84.500335745881515 33.957093298546233, -84.467033438752608 33.918355608859343, -84.459866576264815 33.909701309345678, -84.438966803620772 33.9150079593687, -84.419139914582686 33.919993772384245, -84.385665946076827 33.938794784886106, -84.3605175543532 33.972754270190279, -84.383005194734054 33.973893137458859, -84.388155036042647 33.984853954913, -84.402960829804854 33.985636816366096, -84.4114151526198 33.9801566347678, -84.414934210847335 33.9737507798845, -84.455188803742843 33.966419042608145, -84.480337195466475 33.9736440115473, -84.492439322541671 33.963785157429143, -84.500335745881515 33.957093298546233))",true,null
174,"Atlanta, GA",3448,GA: Marietta,"POLYGON ((-84.500744 34.007565, -84.525503 33.986206, -84.574738 33.965326, -84.58527 33.960733, -84.584863 33.956254, -84.640115 33.956254, -84.676257 33.904314, -84.657914 33.87794, -84.67054 33.859781, -84.634398 33.807781, -84.566588 33.807781, -84.56754 33.855966, -84.567427 33.855967, -84.461016 33.856696, -84.460101 33.909524, -84.460051 33.909537, -84.50118 33.957198, -84.49193 33.96481, -84.481135 33.973844, -84.483902 33.981739, -84.485278 33.985839, -84.487855 33.98994, -84.487755 33.990289, -84.488002 33.990649, -84.486943 33.993111, -84.485457 33.998282, -84.485118 34.004062, -84.489497 34.008851, -84.491301 34.016343, -84.500744 34.007565))",true,null
174,"Atlanta, GA",4880,GA: McDonough,"POLYGON ((-84.20566 33.402186, -84.133376 33.402186, -84.097233 33.454431, -84.133376 33.506644, -84.20566 33.506644, -84.241803 33.454431, -84.20566 33.402186))",false,null
174,"Atlanta, GA",4849,GA: Milton,"POLYGON ((-84.318902 34.132809, -84.299291 34.1386, -84.312801 34.157966, -84.282483 34.201408, -84.294865 34.219143, -84.36715 34.219143, -84.403292 34.167363, -84.36715 34.115552, -84.350877 34.115552, -84.318902 34.132809))",false,null
174,"Atlanta, GA",3446,GA: Morrow,"POLYGON ((-84.215778 33.600641, -84.267147 33.600641, -84.26842 33.607416, -84.309903 33.651718, -84.355941 33.616962, -84.399875 33.618106, -84.376566 33.574385, -84.373559 33.567308, -84.356248 33.526571, -84.315013 33.535213, -84.288063 33.496296, -84.215778 33.496296, -84.179636 33.548484, -84.215778 33.600641))",true,null
174,"Atlanta, GA",3441,GA: Mountain View,"POLYGON ((-84.3978763 33.6486626, -84.4028544 33.6336569, -84.3999362 33.6182196, -84.3559909 33.617076, -84.3099856 33.6518063, -84.3284102 33.6749805, -84.3480659 33.6989584, -84.4028258 33.6981015, -84.418819 33.6632372, -84.3978763 33.6486626))",true,null
174,"Atlanta, GA",3450,GA: Norcross,"POLYGON ((-84.276317415382692 33.940631657308927, -84.2885596 33.9115838, -84.2023856 33.9121536, -84.2000859911621 33.917424180843817, -84.19503980029296 33.92155488313761, -84.183574127539046 33.9263972692908, -84.1633893640625 33.936081215775829, -84.133346199260913 33.952731694384362, -84.134355704203472 33.958051471174649, -84.142618259559654 33.965701815303262, -84.156674386343312 33.978691852122388, -84.162857838906035 34.001165221231851, -84.18925529684104 34.017149131451376, -84.196972904355135 34.01035891920683, -84.204554361044671 34.00370887838114, -84.220268890015561 33.990597801513637, -84.219659474064315 33.990102406808383, -84.241801530225715 33.970644478910295, -84.257125787274774 33.957352124431431, -84.275570958466261 33.941284239225787, -84.276317415382692 33.940631657308927))",true,null
174,"Atlanta, GA",3444,GA: North Decatur,"POLYGON ((-84.2511898 33.8288317, -84.3310737 33.8337862, -84.3353652 33.7959911, -84.3499027 33.7746769, -84.2859465 33.7732614, -84.2672354 33.7545666, -84.24501 33.7777657, -84.2511898 33.8288317))",true,null
174,"Atlanta, GA",4879,GA: Peachtree City,"POLYGON ((-84.485202 33.414533, -84.509194 33.449214, -84.525131 33.426178, -84.526363 33.427958, -84.598647 33.427958, -84.63479 33.375697, -84.598647 33.323405, -84.526363 33.323405, -84.501613 33.359216, -84.500382 33.357435, -84.428097 33.357435, -84.391955 33.409707, -84.404105 33.427272, -84.412917 33.414533, -84.485202 33.414533))",false,null
174,"Atlanta, GA",3454,GA: Riverdale,"POLYGON ((-84.357158 33.526445, -84.373686 33.567272, -84.376692 33.574343, -84.400067 33.618188, -84.402978 33.633591, -84.433204 33.617553, -84.457314 33.624188, -84.45733 33.624113, -84.488947 33.623681, -84.488977 33.623742, -84.553737 33.595539, -84.556747 33.592424, -84.612301 33.592424, -84.648444 33.540262, -84.612301 33.488069, -84.540016 33.488069, -84.509361 33.53234, -84.483655 33.521613, -84.511931 33.480773, -84.511791 33.480572, -84.521344 33.466771, -84.485202 33.414533, -84.412917 33.414533, -84.376774 33.466771, -84.376914 33.466972, -84.367361 33.480773, -84.378163 33.496377, -84.371062 33.499967, -84.357158 33.526445))",true,null
174,"Atlanta, GA",4283,GA: Roswell,"POLYGON ((-84.299152 34.002446, -84.236819 34.002894, -84.283347 34.025137, -84.283126 34.025455, -84.310438 34.038692, -84.312337 34.045703, -84.3166 34.055593, -84.348688 34.061138, -84.371001 34.095376, -84.378968 34.095376, -84.41511 34.04352, -84.396653 34.017026, -84.383822 34.014333, -84.375401 34.011279, -84.379618 34.007389, -84.38605 34.001455, -84.388053 33.985815, -84.382731 33.974569, -84.360587 33.973288, -84.344894 33.991632, -84.344498 33.991632, -84.335967 34.00174, -84.299428 34.002051, -84.299152 34.002446))",true,null
174,"Atlanta, GA",3449,GA: Sandy Springs,"POLYGON ((-84.4187178 33.9195349, -84.4599679 33.9094404, -84.4608835 33.8565855, -84.4317321 33.8557518, -84.3686675 33.8479016, -84.3310737 33.8337862, -84.3287284 33.8756759, -84.2885596 33.9115838, -84.3527998 33.9370543, -84.3855871 33.9384785, -84.4187178 33.9195349))",true,null
174,"Atlanta, GA",3447,GA: Snapfinger,"POLYGON ((-84.2667032 33.6865567, -84.2205263 33.6697004, -84.1839625 33.6705575, -84.152851594852976 33.686306298104249, -84.1528918 33.703267, -84.1528918 33.7275411, -84.24501 33.7777657, -84.2672354 33.7545666, -84.2919546 33.7465737, -84.2713553 33.713024, -84.2667032 33.6865567))",true,null
174,"Atlanta, GA",4281,GA: Snellville,"POLYGON ((-83.985685 33.81795, -83.969206 33.815953, -83.963042 33.817563, -83.945268 33.791982, -83.872984 33.791982, -83.836841 33.843992, -83.838019 33.845686, -83.837894 33.845865, -83.874037 33.897841, -83.946322 33.897841, -83.959557 33.878812, -83.98901 33.886435, -83.988031 33.887841, -83.988048 33.887866, -83.987588 33.888528, -84.009095 33.919445, -84.009163 33.91945, -84.009517 33.919471, -84.010056 33.919504, -84.02073 33.920152, -84.026583 33.925866, -84.040569 33.93096, -84.087891 33.908195, -84.114317 33.896924, -84.111405 33.857359, -84.110341 33.855829, -84.109282 33.823084, -84.095549 33.823369, -84.068244 33.835859, -84.024174 33.835859, -84.020447 33.84122, -84.003881 33.83107, -83.985685 33.81795))",true,null
174,"Atlanta, GA",3431,GA: South Atlanta,"POLYGON ((-84.4079243 33.7427083, -84.4028258 33.6981015, -84.3480659 33.6989584, -84.3499027 33.7424229, -84.36046 33.7424264, -84.392174 33.7429265, -84.4079243 33.7427083))",true,null
174,"Atlanta, GA",3455,GA: Stone Mountain,"POLYGON ((-84.110791 33.8381212, -84.1917762 33.8354347, -84.2511898 33.8288317, -84.24501 33.7777657, -84.1528918 33.7275411, -84.109246099999993 33.8030383, -84.110791 33.8381212))",true,null
174,"Atlanta, GA",4877,GA: Thomas Crossroads,"POLYGON ((-84.652892 33.356811, -84.61675 33.409083, -84.652892 33.461324, -84.725177 33.461324, -84.90891370453777 33.403093598261265, -84.83792295342121 33.290865285267664, -84.652892 33.356811))",true,null
174,"Atlanta, GA",3445,GA: Tucker,"POLYGON ((-84.19997 33.917362, -84.202291 33.912042, -84.2885 33.911472, -84.328596 33.87563, -84.330933 33.83389, -84.251194 33.828944, -84.191788 33.835546, -84.191766 33.835547, -84.191467 33.835557, -84.188188 33.868861, -84.201219 33.912523, -84.198058 33.91777, -84.194512 33.921358, -84.190722 33.923066, -84.190816 33.923213, -84.19496 33.921463, -84.19997 33.917362))",true,null
174,"Atlanta, GA",3432,GA: Venetian Hills,"POLYGON ((-84.4079243 33.7427083, -84.4448829 33.7473594, -84.4834199 33.7548811, -84.5221305 33.7532114, -84.5020461 33.7213776, -84.4974113 33.6953879, -84.4028258 33.6981015, -84.4079243 33.7427083))",true,null
673,"Atlanta, TX",4161,TX: Atlanta,"POLYGON ((-94.125114 33.105386, -94.093538 33.141234, -94.155354 33.151276, -94.160558 33.158822, -94.232842 33.158822, -94.268985 33.1064, -94.232842 33.053947, -94.160558 33.053947, -94.125114 33.105386))",true,null
315,"Atlantic City, NJ",3891,NJ: Atlantic City,"POLYGON ((-74.6365121 39.5453351, -74.983268 38.942837, -74.9228432 38.9065119, -74.832279927984658 38.976567057684122, -74.805240475652525 38.990310344583023, -74.7902568151464 39.004353174676524, -74.2828896 39.4579147, -74.6365121 39.5453351))",true,null
1107,"Attica, NY",4687,NY: Attica,"POLYGON ((-78.2991959 42.8736977, -78.2971359 42.8530625, -78.2573105 42.8535659, -78.2614304 42.8736977, -78.2731033 42.872188, -78.2744766 42.8837611, -78.2991959 42.8736977))",false,null
795,"Auburn, CA",4355,CA: Auburn,"POLYGON ((-121.0910847 38.9732953, -121.1326267 38.9479341, -121.1072208 38.9166873, -121.0852482 38.9068029, -121.0910847 38.8990548, -121.081815 38.8790125, -121.102071 38.8701922, -121.0989811 38.8578953, -121.0704853 38.860836, -121.0533192 38.891573, -121.0320332 38.9164201, -121.037183 38.9364518, -121.0639622 38.946332, -121.0910847 38.9732953))",true,null
822,"Auburn, IN",4385,IN: Auburn,"POLYGON ((-85.0930117 41.40964, -85.0998781 41.3488435, -85.0394533 41.3292528, -85.0010012 41.3828553, -85.0930117 41.40964))",true,null
37,"Augusta, GA",4035,GA: Augusta,"POLYGON ((-82.01072 33.568744, -82.004994 33.56048, -82.086353 33.559615, -82.114419 33.600114, -82.186704 33.600114, -82.222846 33.547957, -82.212701 33.53331, -82.234779 33.53331, -82.270922 33.481113, -82.261269 33.467167, -82.26746 33.458222, -82.231317 33.405979, -82.228219 33.405979, -82.357234 33.323416, -82.318782 33.275208, -82.189693 33.284393, -82.074336 33.222378, -81.818904 33.270615, -81.716653 33.30125, -81.669176 33.406324, -81.632007 33.485952, -81.641734 33.576639, -81.750902 33.583001, -81.78725 33.577121, -81.769314 33.603001, -81.805456 33.655124, -81.877741 33.655124, -81.901888 33.620304, -81.902293 33.620888, -81.974578 33.620888, -82.01072 33.568744))",true,null
123,"Austin, TX",3167,TX: Anderson Mill,"POLYGON ((-97.8277727 30.4533202, -97.7731591 30.4177566, -97.7398568 30.435963, -97.74733482514334 30.446131678226273, -97.7080222 30.466634, -97.7117987 30.5098285, -97.8393431 30.4931151, -97.8277727 30.4533202))",true,null
123,"Austin, TX",4806,TX: Austin Airport,"POLYGON ((-97.68753384629599 30.1827145855091, -97.68524860496579 30.20860928809851, -97.70772125237335 30.216313872309566, -97.73131285312299 30.229849521947383, -97.74445392764751 30.214670248987836, -97.75928554319995 30.140958000034125, -97.69574792331993 30.115000227036706, -97.67918724464101 30.134542987340105, -97.66978201228063 30.152982315153675, -97.65965373035814 30.16725694137032, -97.67904596670456 30.175140463608795, -97.68753384629599 30.1827145855091))",true,null
123,"Austin, TX",3159,TX: Barton Creek,"POLYGON ((-97.82506445707753 30.234736439299027, -97.81870928071245 30.232223196566384, -97.81277206237033 30.232921240237168, -97.7993153 30.2553107, -97.7776859 30.2673206, -97.7730511 30.2732509, -97.786269 30.2831833, -97.7880938 30.2880715, -97.8135632 30.2871856, -97.85477524131092 30.3198209590355, -97.88537366669624 30.317299298142224, -97.90341432428833 30.29991011986808, -97.91165028309845 30.23391722768542, -97.88973241942443 30.22700481419634, -97.86507382283192 30.23105102139115, -97.83727853741631 30.236084118555492, -97.83060240260244 30.236013188651103, -97.82506445707753 30.234736439299027))",true,null
123,"Austin, TX",4734,TX: Bastrop,"POLYGON ((-97.37773200100321 30.136381000579547, -97.37570570410043 30.077657878711392, -97.24906214767657 30.055298868261247, -97.22778603019736 30.10614733353654, -97.27692373008982 30.14645683238311, -97.33720606294757 30.141200005022014, -97.37773200100321 30.136381000579547))",true,null
123,"Austin, TX",4149,TX: Buda,"POLYGON ((-97.852225 30.115696, -97.856329 30.125411, -97.880098 30.125199, -97.889269 30.095441, -97.89096 30.044876, -97.917341 30.023134, -97.911926 29.998065, -97.870234 29.966337, -97.891388 29.934591, -97.857602 29.883866, -97.855733 29.882921, -97.851294 29.880676, -97.851695 29.880327, -97.782961 29.880327, -97.746818 29.934591, -97.782961 29.988826, -97.809836 29.988826, -97.752758 30.029231, -97.780102 30.089999, -97.852225 30.115696))",true,null
123,"Austin, TX",3168,TX: Cedar Park,"POLYGON ((-97.88220055105435 30.555558155608054, -97.8699589997212 30.528562327874624, -97.8393431 30.4931151, -97.7117987 30.5098285, -97.7319669 30.5779027, -97.73172071082647 30.611574647789674, -97.75053513956097 30.61152076433104, -97.88028010018004 30.61552548023889, -97.88342550767167 30.565578759708846, -97.88220055105435 30.555558155608054))",true,null
123,"Austin, TX",3161,TX: Downtown Austin,"POLYGON ((-97.68190771133693 30.28034109043103, -97.6966952 30.2861001, -97.76807502548822 30.3122382371223, -97.77461288287516 30.315773820559293, -97.77568249614156 30.311126806101914, -97.77660851545069 30.306795373973713, -97.78325191466946 30.30004399908173, -97.78548057850833 30.29384895425617, -97.7854671468215 30.287943928256748, -97.78377212859233 30.284410339091284, -97.78095606282992 30.281651101094734, -97.77128419452981 30.27376009130513, -97.7693101 30.2723517, -97.7438184 30.2623441, -97.738926 30.2532993, -97.7238198 30.2473678, -97.7152101 30.2527643, -97.6915706 30.2447481, -97.69186408992012 30.249946899859772, -97.69220741085891 30.25632309952611, -97.6872292134345 30.267888024228725, -97.68190771133693 30.28034109043103))",true,null
123,"Austin, TX",4822,TX: Dripping Springs,"POLYGON ((-98.01191957899798 30.186826952415448, -98.01231483840895 30.20591097617883, -98.05353036001816 30.20626895947707, -98.07880376442921 30.227729451042656, -98.14388580555041 30.21588886916667, -98.14377384952597 30.206615653704368, -98.1324367421953 30.189239123787925, -98.09054464359167 30.186310211270197, -98.08949302006023 30.176309963857772, -98.06571797590732 30.176435479276645, -98.06599547593781 30.186802648574645, -98.04216533353058 30.186942294140547, -98.01191957899798 30.186826952415448))",true,null
123,"Austin, TX",4335,TX: East Lake Travis,"POLYGON ((-97.88712980751467 30.391815613858345, -97.87531685339312 30.405493910931273, -97.87960015191078 30.413056919677402, -97.88956589096853 30.414589104390966, -97.89327235802062 30.420619342444976, -97.87080792291151 30.43196932611455, -97.87192970516472 30.44077052480509, -97.85896812522496 30.44237604154743, -97.82791709632178 30.45297541624977, -97.77334061225405 30.417652159928817, -97.77263903660872 30.417622464242875, -97.76050723536612 30.38074189422577, -97.81579070258591 30.381086343020268, -97.82985608930935 30.383993716404323, -97.85730457892485 30.382797821226763, -97.8887524056408 30.384583931320478, -97.88712980751467 30.391815613858345))",true,null
123,"Austin, TX",3169,TX: Georgetown,"POLYGON ((-97.75302325496834 30.702131844844306, -97.7340095075748 30.68786280110129, -97.730771 30.6788526, -97.7238461 30.6693215, -97.7308266 30.6661462, -97.7319669 30.5779027, -97.6498217 30.5792383, -97.64336572524532 30.71475943480611, -97.75656463506115 30.707391241626958, -97.75302325496834 30.702131844844306))",true,null
123,"Austin, TX",4968,TX: Lake Austin,"POLYGON ((-97.88893125645507 30.384618394763994, -97.913739092047 30.381449962225293, -97.913739092047 30.368664015542077, -97.91915171072161 30.363715961355176, -97.93364979645715 30.351038905133475, -97.9499441288224 30.343155832698507, -97.93439045212543 30.320355278341534, -97.9506847800937 30.294138738008172, -97.90698635508792 30.286251089973117, -97.90427063375988 30.300746819618887, -97.88674188700615 30.317158514709423, -97.85415323106965 30.320781505611667, -97.813417411149 30.288169765439246, -97.78798838416826 30.28859613266887, -97.78798838416826 30.300746819618887, -97.7813225227267 30.306075593309092, -97.77811303388447 30.321847065674074, -97.79564178063819 30.356364939202752, -97.81588624871996 30.38022203025876, -97.83045239038856 30.383629710917397, -97.85736271991188 30.382351844594847, -97.88893125645507 30.384618394763994))",true,null
123,"Austin, TX",4964,TX: Lakeway,"POLYGON ((-97.988944 30.384818, -98.061228 30.384818, -98.097371 30.330801, -98.061228 30.276754, -98.050789 30.276754, -98.043232 30.265451, -97.970948 30.265451, -97.934805 30.319504, -97.950945 30.343633, -97.95898 30.340039, -97.96342 30.338052, -97.972538 30.342974, -97.964227 30.363484, -97.970948 30.373527, -97.981387 30.373527, -97.988944 30.384818))",true,null
123,"Austin, TX",3164,TX: North Austin,"POLYGON ((-97.76690517523244 30.32966560165537, -97.75644742919862 30.327825952963817, -97.74410235380894 30.32589747846759, -97.73335528073592 30.323509171998424, -97.72686291560093 30.3292383975511, -97.70172708443387 30.33887501040194, -97.70148956900374 30.34419404665631, -97.70207493223393 30.346756341633395, -97.70184259796861 30.351624975948244, -97.7016302461323 30.355515334137824, -97.70184639083715 30.35913902984994, -97.70200226838719 30.36298772341014, -97.70265343878498 30.37128694514433, -97.7026978526389 30.381580011813398, -97.70282718681666 30.402793761670345, -97.70873250747887 30.40880223962603, -97.71967036347452 30.417918226714903, -97.73975034731446 30.43549340304631, -97.74885405988243 30.430879768104422, -97.75711528740356 30.426534589555175, -97.77264584715032 30.417941803934017, -97.76018836751865 30.38068003013101, -97.80044541826271 30.380598237304408, -97.81576421795852 30.380812434125357, -97.79577967358264 30.358182309777302, -97.78988107144207 30.3461006782072, -97.78453155465728 30.340172000660118, -97.78168068355619 30.33576509516031, -97.78083482363952 30.33381975989462, -97.77812134025608 30.331252647554532, -97.76690517523244 30.32966560165537))",true,null
123,"Austin, TX",3163,TX: North Lamar,"POLYGON ((-97.59986776939442 30.347764486220154, -97.58942938173637 30.36916024631842, -97.62712156373486 30.36921599582495, -97.6420098 30.3906628, -97.70243453280722 30.40280410049424, -97.70303535026152 30.38777524584535, -97.70294951860693 30.3742250841156, -97.70126269606384 30.358335238605516, -97.70163580498289 30.339183513081302, -97.68452923963235 30.332284382276537, -97.6716021161898 30.325004529454837, -97.65989534621977 30.318486723793477, -97.58655101112002 30.325106151715776, -97.59986776939442 30.347764486220154))",true,null
123,"Austin, TX",3162,TX: North Loop/Hyde Park,"POLYGON ((-97.6587349 30.3026447, -97.6607949 30.3186498, -97.68533296648785 30.33252967706462, -97.70134999829227 30.33871339332502, -97.72695508705365 30.32903597067493, -97.73334397436459 30.323423263156137, -97.7459243770177 30.326090650859303, -97.7787148373145 30.330820873208317, -97.77493554494681 30.325220528499084, -97.77452313810234 30.31577346248438, -97.76790231570058 30.312338951028146, -97.6966952 30.2861001, -97.68149157431823 30.280805578672332, -97.6587349 30.3026447))",true,null
123,"Austin, TX",4823,TX: Onion Creek/ Manchaca,"POLYGON ((-97.75940315972773 30.14094855224614, -97.80584788467462 30.112349419381744, -97.82593226567204 30.116432934580445, -97.84607732209517 30.12454794262025, -97.87610155805957 30.154756775949327, -97.87717010562343 30.175744531815635, -97.85042357232064 30.18326241122626, -97.82478977166194 30.171936951017074, -97.80069135686169 30.17002935925222, -97.76110596588153 30.14214313806588, -97.75940315972773 30.14094855224614))",true,null
123,"Austin, TX",3165,TX: Pflugerville,"POLYGON ((-97.701748 30.402804, -97.693682 30.401165, -97.641921 30.390764, -97.641292 30.391478, -97.626641 30.369585, -97.564042 30.369585, -97.55246 30.372419, -97.518214 30.423581, -97.554356 30.477547, -97.58775 30.477547, -97.587952 30.477153, -97.588049 30.477171, -97.59649 30.47877, -97.627636 30.484231, -97.678714 30.47305, -97.707969 30.466526, -97.730894 30.454571, -97.746587 30.446293, -97.741096 30.437865, -97.739671 30.435927, -97.73976 30.435879, -97.710952 30.410814, -97.708634 30.408882, -97.708056 30.408293, -97.701748 30.402804))",true,null
123,"Austin, TX",4969,TX: Rogers Hill,"POLYGON ((-97.58335241213055 30.325370150331064, -97.57133421995506 30.309965464036782, -97.57072724055227 30.297178783464442, -97.58007472335542 30.282922813358443, -97.59427804138099 30.271705263091842, -97.62363974347645 30.226091600728274, -97.62445733061622 30.195710304230808, -97.68124412271186 30.22552690228914, -97.68368552875425 30.2307664851138, -97.68502436432586 30.23464495749659, -97.688568340839 30.24022424586392, -97.69132476701589 30.244510557166997, -97.69203356231851 30.256347969489134, -97.6813228777455 30.280630608030755, -97.65856149787422 30.302625494407273, -97.66060059095086 30.31836604100488, -97.63030547185357 30.320942932067027, -97.58335241213055 30.325370150331064))",true,null
123,"Austin, TX",3166,TX: Round Rock,"POLYGON ((-97.59031507124358 30.568907747130343, -97.6498217 30.5792383, -97.7319669 30.5779027, -97.7117987 30.5098285, -97.7080222 30.466634, -97.62708386040217 30.484683356740305, -97.5880309 30.4772865, -97.5541799525379 30.478366199367766, -97.50135807856743 30.55408477473462, -97.57058452735131 30.565818905063892, -97.59031507124358 30.568907747130343))",true,null
123,"Austin, TX",3609,TX: South Austin,"POLYGON ((-97.8504276289543 30.183302126098262, -97.82480844867686 30.171986119736815, -97.80068527892658 30.170046102448882, -97.75940853892418 30.141014225777703, -97.7447718854744 30.214980028369148, -97.7687080539088 30.22887629800173, -97.78965220128886 30.233400241159057, -97.79862826445176 30.23646994117822, -97.81003534472127 30.237277741041044, -97.81863740525237 30.223059493811913, -97.84519159210924 30.19300052564756, -97.8504276289543 30.183302126098262))",true,null
123,"Austin, TX",3160,TX: South Congress,"POLYGON ((-97.7180419 30.2432057, -97.7296286 30.2466539, -97.7410446 30.2514358, -97.7437911 30.2598136, -97.768634 30.2697948, -97.7730511 30.2732509, -97.7776859 30.2673206, -97.7987982364537 30.25483302724667, -97.80817860873579 30.240716596845676, -97.80874053996295 30.23726487498565, -97.79833722610327 30.236720699833867, -97.78910971948382 30.233636899428195, -97.768682024974 30.22937285856065, -97.74430610144364 30.215207399656272, -97.7353797 30.2259614, -97.73139607879837 30.230214093223466, -97.71892104606772 30.222641172815553, -97.70150056245649 30.214368696305275, -97.68471972899066 30.208761829610733, -97.682728994434 30.220705412011107, -97.6837317530455 30.22427212131653, -97.68341464458825 30.22931948898983, -97.68390581962248 30.231590462033633, -97.68574539539566 30.23509488985912, -97.69179058493394 30.244507364564782, -97.70869543784319 30.250301161569453, -97.71382924536196 30.24945153790268, -97.7180419 30.2432057))",true,null
123,"Austin, TX",4336,TX: South Lake Travis,"POLYGON ((-97.957463840274428 30.38017241676252, -97.972537982099311 30.342974158996029, -97.9634199816416 30.338052275596976, -97.933773186536271 30.351315364796061, -97.914134586878 30.368479500545352, -97.913929234966176 30.388321197877669, -97.904688398933757 30.396292174002944, -97.911875715847856 30.40638780999128, -97.919363197676489 30.423428429969832, -97.925975770668245 30.431722751363377, -97.934674785826573 30.431471541813067, -97.944433725481744 30.427318383348489, -97.94569539633018 30.4194613397842, -97.932205555119168 30.400188858938684, -97.937544704826792 30.393280992798118, -97.951303282919483 30.388675477293855, -97.957463840274428 30.38017241676252))",true,null
123,"Austin, TX",4821,TX: Southwest Austin,"POLYGON ((-97.8126951909014 30.23292005063417, -97.81864457917452 30.223070888548538, -97.84522537678482 30.193054988465654, -97.85049464413117 30.183306247273066, -97.88890469641659 30.172539907453977, -97.93544889801177 30.172020492169672, -97.99759031325519 30.194575433483475, -97.99606681861077 30.232575727565273, -97.91165456600586 30.233895564687366, -97.8897300198392 30.226995597829376, -97.88181926162125 30.228291553613545, -97.87787338620267 30.228939525100067, -97.87392275891041 30.229587492317243, -97.86587389661618 30.23091760463659, -97.8654431491757 30.23098871482174, -97.86501776614854 30.2310598249557, -97.86390213196951 30.231260298896135, -97.86291926712259 30.2314388643746, -97.86193640228217 30.23160937622927, -97.85802263982308 30.232313793117477, -97.83727735965648 30.23608253800765, -97.83060149013207 30.23600944060605, -97.82506187736749 30.23472955177461, -97.81872164707013 30.232212015869234, -97.8126951909014 30.23292005063417))",true,null
753,"Avon, CO",4260,CO: Avon,"POLYGON ((-106.6218633 39.6807415, -106.6795415 39.6225873, -106.4515752 39.5929627, -106.4227361 39.6257606, -106.6218633 39.6807415))",true,null
126,"Bakersfield, CA",2817,CA: Bakersfield,"POLYGON ((-119.1814174 35.3981998, -119.1814174 35.3541801, -119.1458835 35.3543201, -119.1455402 35.3256139, -119.128374 35.3254739, -119.128374 35.2961971, -119.075159 35.2957767, -119.075159 35.2667695, -119.0025462 35.2664892, -119.0028896 35.2959168, -118.9852084 35.2959168, -118.9852084 35.3485797, -118.9052142 35.3494198, -118.905381 35.3831506, -118.9291563 35.3832226, -118.9302768 35.4124014, -118.9673556 35.4124014, -118.9672588 35.4407045, -119.0389384 35.4409368, -119.0389814 35.4196411, -119.0636037 35.4195136, -119.0635718 35.4276495, -119.1452827 35.4272299, -119.1454543 35.4122615, -119.1724052 35.4124013, -119.1722335 35.3982698, -119.1814174 35.3981998))",true,null
206,"Baltimore, MD",3730,MD: Annapolis,"POLYGON ((-76.59473029111672 39.074436263745255, -76.5706976977159 39.06430735965104, -76.56039801482983 39.04831139378326, -76.57344427981886 39.042445298416595, -76.56589117903572 39.03284518254442, -76.55147162299524 39.03444529243326, -76.53361883932604 39.0280446355013, -76.51439276460542 39.00777206456779, -76.49036017120456 38.99389800947097, -76.47525396963836 38.97895367695534, -76.4725073875354 38.959734899646314, -76.45946112254639 38.9410449782557, -76.49859991751342 38.92395273769235, -76.51439276460542 38.93196523832703, -76.52606573854294 38.94318121869696, -76.53705206695476 38.95172553679694, -76.55765143272686 38.95332748178434, -76.57344427981886 38.95920097028583, -76.57687750744753 38.95012355560166, -76.55902472377834 38.94958955382377, -76.53911200353195 38.94051090808841, -76.54254523116066 38.92769201728184, -76.5288123206459 38.930896957200424, -76.51301947355392 38.9191448029038, -76.51164618250245 38.90471904383683, -76.53842535800624 38.89777226233351, -76.61326972031164 38.92876034667769, -76.59747687321968 38.96133666358771, -76.60777655610572 38.98002123390387, -76.65240851527868 39.03657871592695, -76.59473029111672 39.074436263745255))",true,null
206,"Baltimore, MD",3723,MD: Baltimore,"POLYGON ((-76.58941104481578 39.27946231887339, -76.59115047908351 39.28169216785321, -76.59320811931863 39.28170903315564, -76.5959266089591 39.27918739142729, -76.59978467134532 39.27908493345213, -76.6005439384774 39.279749641863184, -76.60020680671008 39.28144455630261, -76.59868736039968 39.281562876378224, -76.59870496190402 39.28200289312955, -76.59671507465444 39.28209783514099, -76.59671286152408 39.28227023709337, -76.60282059297417 39.2821224201288, -76.60278362365356 39.28247086034464, -76.61192496907735 39.28588028401902, -76.61157389646148 39.28194520740308, -76.60747738553017 39.28191929191874, -76.6058805147813 39.28088335017236, -76.60565304506532 39.27965466518401, -76.60568605826282 39.277772351345895, -76.60459865318288 39.27617909429317, -76.60368858002327 39.27474897530195, -76.59907011839886 39.2728994874105, -76.59633608121734 39.273777038017094, -76.5948130546602 39.27499913414546, -76.59266983251588 39.27519242515586, -76.5894022813785 39.2746187990683, -76.58955643484038 39.27281994594597, -76.58271376604075 39.26740020862706, -76.57859152088695 39.26586852865068, -76.58165550098515 39.26455015243145, -76.58338854287007 39.263878393340285, -76.58981590565338 39.261353705883764, -76.60256239195567 39.265941831352244, -76.60813926402999 39.26204472353046, -76.60868551977399 39.25668044902741, -76.61869897849535 39.262701574898784, -76.62066754785143 39.265030848850984, -76.62092024874008 39.26680481634067, -76.62682156129058 39.26745614273695, -76.64825279248987 39.272625714746354, -76.64789932831566 39.29353689111533, -76.59113144520312 39.29500054109863, -76.58546912027717 39.28342739732053, -76.58609053440289 39.283146995551704, -76.58804879647565 39.283335761699114, -76.58864574306376 39.282098221078165, -76.5885379553226 39.28134081668184, -76.58737624668937 39.28137447129549, -76.58736426986377 39.28032040672167, -76.58788535474162 39.28018965512364, -76.58888258772186 39.2798882192658, -76.58941104481578 39.27946231887339))",true,null
206,"Baltimore, MD",3731,MD: Catonsville,"POLYGON ((-76.81727478868909 39.25900231130384, -76.8777213070655 39.27675305067388, -76.86521513084969 39.30740282791908, -76.80476861247327 39.310090764806226, -76.77419795950131 39.32245394466304, -76.72903676761088 39.32245394466304, -76.7200045292328 39.293423891873864, -76.70052246160809 39.269528688732294, -76.71517756214996 39.26541465975089, -76.72719720124786 39.249997245570945, -76.76636667470714 39.263706104673076, -76.78137239156227 39.262378315478855, -76.78008618726041 39.25407906317017, -76.75779197936134 39.24378662588847, -76.76508047040527 39.22983962388802, -76.81727478868909 39.25900231130384))",true,null
206,"Baltimore, MD",3726,MD: Columbia,"POLYGON ((-76.89164875800112 39.18559349851664, -76.8941202332862 39.225613978971786, -76.81646107293282 39.25767247919472, -76.76564930402824 39.22895614702938, -76.77697895520292 39.220977301817484, -76.77423237309996 39.214859572924844, -76.7550062983793 39.211135476947724, -76.73921345128734 39.21326355597659, -76.7220473131439 39.228158303323795, -76.70110462460887 39.21406156898541, -76.70591114328907 39.1951728286208, -76.77285908204848 39.1147724314112, -76.89164875800112 39.18559349851664))",true,null
206,"Baltimore, MD",3724,MD: Dundalk,"POLYGON ((-76.493867 39.288296, -76.500568 39.304258, -76.539223 39.304314, -76.570148 39.295438, -76.590944 39.294911, -76.585303 39.283382, -76.585387 39.283344, -76.585124 39.282796, -76.581143 39.277666, -76.570977 39.275628, -76.571344 39.258784, -76.553132 39.257747, -76.539692 39.249579, -76.539691 39.249579, -76.539394 39.249398, -76.539257 39.249315, -76.538792 39.244571, -76.537984 39.243534, -76.534472 39.239033, -76.518344 39.240749, -76.515793 39.234136, -76.513687 39.228678, -76.50546 39.232304, -76.482117 39.20098, -76.493662 39.185483, -76.492932 39.184504, -76.420648 39.184504, -76.41452 39.19273, -76.410248 39.19273, -76.374105 39.24123, -76.40626 39.284351, -76.431984 39.284351, -76.433975 39.287019, -76.440895 39.283869, -76.456994 39.289697, -76.482532 39.289697, -76.485804 39.285311, -76.493867 39.288296))",true,null
206,"Baltimore, MD",4939,MD: Edgewood,"POLYGON ((-76.374681 39.457238, -76.357924 39.434825, -76.338538 39.408887, -76.355932 39.385606, -76.340466 39.385606, -76.331442 39.373525, -76.259158 39.373525, -76.223015 39.4219, -76.259158 39.470242, -76.275173 39.470242, -76.284197 39.482306, -76.32624283648919 39.50322418423097, -76.3393340525328 39.499421346127484, -76.356481 39.482306, -76.37523 39.457238, -76.374681 39.457238))",true,null
206,"Baltimore, MD",4938,MD: Eldersburg,"POLYGON ((-76.886898 39.348007, -76.850755 39.3964, -76.886898 39.444759, -76.959182 39.444759, -76.995325 39.3964, -76.959182 39.348007, -76.886898 39.348007))",true,null
206,"Baltimore, MD",3737,MD: Essex,"POLYGON ((-76.47866805325144 39.36180427548286, -76.44742568183037 39.35384055426612, -76.43005710704037 39.32743956312102, -76.4350660623671 39.31214894049637, -76.41755660146079 39.294615108325345, -76.44090254933587 39.283986405779096, -76.46218856063372 39.2916923759411, -76.46321852892234 39.296740655248165, -76.4731749039298 39.29873329662146, -76.47901138537549 39.30338257330298, -76.48595831772332 39.30256482093647, -76.49702510704547 39.3081228568679, -76.50061925935688 39.30436220288841, -76.53921909805904 39.30441815674151, -76.53876574924699 39.31747800786683, -76.51248534892342 39.34229154607528, -76.47866805325144 39.36180427548286))",true,null
206,"Baltimore, MD",3727,MD: Glen Burnie,"POLYGON ((-76.575685 39.249475, -76.582759 39.255213, -76.595801 39.253896, -76.5941 39.245114, -76.608843 39.246431, -76.626988 39.22535, -76.639463 39.223154, -76.66101 39.230182, -76.678021 39.224471, -76.699569 39.21305, -76.701085 39.207437, -76.702653 39.207437, -76.705784 39.195133, -76.76272 39.126763, -76.761761 39.125475, -76.727968 39.167654, -76.69837 39.146304, -76.647584 39.152691, -76.646895 39.152451, -76.646021 39.153625, -76.58446 39.131285, -76.572645 39.143422, -76.564124 39.153114, -76.563177 39.154191, -76.560187 39.152452, -76.533214 39.152452, -76.533018 39.152528, -76.527522 39.157703, -76.513718 39.170699, -76.511275 39.16891, -76.507966 39.166486, -76.482273 39.20098, -76.50551 39.232162, -76.513768 39.228522, -76.515922 39.234106, -76.51844 39.240633, -76.534541 39.23892, -76.538099 39.24348, -76.538924 39.244538, -76.539387 39.249261, -76.539477 39.249316, -76.539739 39.249475, -76.575685 39.249475))",true,null
206,"Baltimore, MD",3725,MD: Halethorpe,"POLYGON ((-76.64830765603774 39.27259793116711, -76.67432544910513 39.276844873252195, -76.71518085788652 39.26541605392658, -76.72719715458695 39.24999748453846, -76.71518085788652 39.239096105319504, -76.7230772814325 39.23484144894762, -76.72170399038103 39.228724928391664, -76.71483753512366 39.22393771433362, -76.70041797908314 39.214096304479554, -76.67844532225956 39.2257994474896, -76.66127918411611 39.2316502873485, -76.6393065272925 39.22420367923639, -76.6283201988807 39.22606540533787, -76.60978076968578 39.24707289056892, -76.61458728836593 39.25478292068145, -76.62351368020055 39.255846306583884, -76.63003681269502 39.25903636752211, -76.62694690782922 39.26754248702913, -76.6482531491694 39.27262412100119, -76.64829983596942 39.27259681767291, -76.64830765603774 39.27259793116711))",true,null
206,"Baltimore, MD",3733,MD: Hampden,"POLYGON ((-76.64650978920382 39.35043626964037, -76.64754953409391 39.339074502210394, -76.62857135428538 39.31772405977558, -76.59265121052391 39.31908529615531, -76.59114021581397 39.295010539240465, -76.57017429862024 39.29554213595971, -76.53923239553612 39.304422480536324, -76.53878223430694 39.31748321884383, -76.57649062007587 39.35411964416888, -76.64554446337462 39.3514671009008, -76.64650978920382 39.35043626964037))",true,null
206,"Baltimore, MD",3732,MD: Lochearn,"POLYGON ((-76.75130656954649 39.32246577415499, -76.72896723141542 39.32249093464611, -76.71999125777438 39.29343768510422, -76.70049933824819 39.269561485811884, -76.68736129979634 39.273209561218636, -76.6807922807835 39.27503352771001, -76.67428028387646 39.276931014766575, -76.64830088773431 39.2725995101912, -76.6475828525602 39.30951725557731, -76.64031164944826 39.31725397311701, -76.6285644515896 39.3177075891078, -76.64758285258289 39.33903750948947, -76.64655288429427 39.35045431292899, -76.64671719517541 39.35141816205095, -76.699169369957 39.350827467720876, -76.75157879596001 39.35003842822782, -76.75220553141813 39.34908313365887, -76.75126632557738 39.32260239594311, -76.75130656954649 39.32246577415499))",true,null
206,"Baltimore, MD",3722,MD: Midtown,"POLYGON ((-76.6462757358683 39.31088975450546, -76.64030967994633 39.3172473448106, -76.59266546761486 39.319067223738436, -76.5911394220752 39.29499482427044, -76.64783082004149 39.29355157974591, -76.64757238763418 39.309502862245004, -76.6462757358683 39.31088975450546))",true,null
206,"Baltimore, MD",3738,MD: Nottingham,"POLYGON ((-76.497008 39.390089, -76.497633 39.389246, -76.497629 39.389245, -76.497628 39.389245, -76.493363 39.383123, -76.478575 39.36189, -76.447331 39.353926, -76.434546 39.334493, -76.429914 39.327452, -76.429915 39.32745, -76.43381 39.31556, -76.434919 39.312173, -76.417356 39.294585, -76.433859 39.287072, -76.431906 39.284455, -76.359621 39.284455, -76.323479 39.332891, -76.359387 39.380981, -76.338538 39.408887, -76.374681 39.457238, -76.446965 39.457238, -76.483108 39.408887, -76.479748 39.404391, -76.497008 39.390089))",true,null
206,"Baltimore, MD",3728,MD: Odenton,"POLYGON ((-76.79729072120936 39.08919049812762, -76.75128547098494 39.08279480228323, -76.72244635890394 39.08545974602581, -76.73755256047018 39.05294055470294, -76.70136199061295 39.03406290295509, -76.67850104525674 39.054006995257794, -76.65309516080443 39.038008696022075, -76.59541693664247 39.075865477398125, -76.58511725375638 39.13074838446923, -76.64760199659852 39.152583087635314, -76.69841376550312 39.14619314381251, -76.72793952310984 39.16749070024339, -76.77188483675705 39.112636421185975, -76.79729072120936 39.08919049812762))",true,null
206,"Baltimore, MD",3740,MD: Owings Mills,"POLYGON ((-76.8103575296386 39.422045252422166, -76.82606744748645 39.439426718283556, -76.8099329372643 39.451558378962034, -76.78403280243407 39.448935496270146, -76.76874747696048 39.43647545424455, -76.75940644472664 39.41515705718543, -76.73344162538997 39.39027649784455, -76.75224973861296 39.372991756457466, -76.75217510244232 39.34906578401657, -76.83795603396588 39.383331322845216, -76.81163130676138 39.410892595224915, -76.8103575296386 39.422045252422166))",true,null
206,"Baltimore, MD",3736,MD: Parkville,"POLYGON ((-76.54458602372229 39.4026786339352, -76.49772244394921 39.38916096068128, -76.47867273084489 39.3618103457435, -76.51248405441534 39.3423313132665, -76.5387495367535 39.317496144511956, -76.57644517129961 39.35414079677602, -76.54458602372229 39.4026786339352))",true,null
206,"Baltimore, MD",3729,MD: Pasadena,"POLYGON ((-76.56314459693279 39.1540417406871, -76.54941168641804 39.14605438581368, -76.53293219380032 39.152444342234325, -76.51370611907966 39.17054606796006, -76.50134649961639 39.16149578733177, -76.51919928328556 39.143924271415436, -76.49859991751342 39.152444342234325, -76.48761358910163 39.15936614030327, -76.45122137623753 39.127946358812494, -76.44572821203164 39.09597965754491, -76.4725073875354 39.08105690167007, -76.50409308171932 39.07892482166934, -76.52263251091425 39.087985716689154, -76.51645270118262 39.06506473122317, -76.5034064361936 39.072528195089916, -76.47525396963836 39.06079954039496, -76.45873778325063 39.05948674291566, -76.45323923041394 39.051173814158055, -76.43823571323017 39.053214823694226, -76.40370094630285 39.03230744350688, -76.3962094446097 39.01217213777629, -76.41832677277398 38.994656135161875, -76.45066347824758 38.99465613537632, -76.46589842334569 38.98184703789348, -76.48812856981698 39.002127038594914, -76.51198950049103 39.013865435445375, -76.52400580196576 39.03306951926182, -76.53705206695476 39.04160299291295, -76.5466651043151 39.061332703340874, -76.56451788798424 39.06453159646216, -76.59335700006524 39.075193526633484, -76.58374396270492 39.130609596028116, -76.56314459693279 39.1540417406871))",true,null
206,"Baltimore, MD",3734,MD: Pikesville,"POLYGON ((-76.64655288429435 39.351484105334535, -76.66749557282935 39.416231550084746, -76.73244825953233 39.390368236522605, -76.75077373293112 39.37324891143187, -76.75195297249509 39.35015668543534, -76.64655288429435 39.351484105334535))",true,null
206,"Baltimore, MD",3739,MD: Timonium,"POLYGON ((-76.669946 39.440654, -76.672365 39.43854, -76.667715 39.417316, -76.642318 39.423905, -76.58847 39.421336, -76.589569 39.433621, -76.584601 39.446522, -76.589145 39.459851, -76.598047 39.471305, -76.584824 39.488982, -76.587156 39.4921, -76.582117 39.498835, -76.618259 39.547124, -76.690544 39.547124, -76.726687 39.498835, -76.724354 39.495718, -76.729394 39.488982, -76.693251 39.440654, -76.669946 39.440654))",true,null
206,"Baltimore, MD",3735,MD: Towson,"POLYGON ((-76.66745202912715 39.41625698683151, -76.64650640811533 39.351475894861856, -76.57651504066905 39.35413065931188, -76.54465950730196 39.40263825314484, -76.58848458724282 39.42123216440783, -76.6423000650852 39.423799636214774, -76.66766981707353 39.41721760785522, -76.66745202912715 39.41625698683151))",true,null
439,"Bangor, ME",3875,ME: Bangor,"POLYGON ((-68.5642043 45.0316812, -69.0366164 44.8372468, -68.8937941 44.6343367, -68.4982863 44.7124633, -68.5642043 45.0316812))",true,null
1035,"Barco, NC",4612,NC: Barco,"POLYGON ((-75.9838033 36.4031747, -75.9929014 36.3998587, -75.9608007 36.3539729, -75.9472394 36.3574291, -75.9838033 36.4031747))",true,null
812,"Barstow, CA",4373,CA: Barstow,"POLYGON ((-117.150888 34.8784217, -117.1021361 34.7995217, -116.9023223 34.8434896, -116.9874663 34.9291032, -117.150888 34.8784217))",true,null
395,"Bassville Park, FL",3815,FL: Bassville Park,"POLYGON ((-81.823217760440841 28.800264969163219, -81.787512193818742 28.81590826885116, -81.765539537435927 28.808688576245256, -81.7545532092445 28.817111502301834, -81.753179918220567 28.854404842508217, -81.820471178392992 28.858013166068357, -81.839697252727959 28.829143072188852, -81.823217760440841 28.800264969163219))",true,null
1106,"Batavia, NY",4686,NY: Batavia,"POLYGON ((-78.1977979 43.0188678, -78.217024 43.006818, -78.2108442 42.9892411, -78.1559125 42.9766831, -78.1524793 43.0088265, -78.1806318 43.011337, -78.1977979 43.0188678))",false,null
316,"Baton Rouge, LA",3653,LA:Baton Rouge,"POLYGON ((-91.191672730528722 30.434843837495013, -91.167040964001217 30.424707158233339, -91.1127391150656 30.41794878687357, -91.0836288455331 30.417466028150372, -91.046681195741854 30.431465061455118, -91.047800821493126 30.487441099625066, -91.142409197473725 30.526990956901955, -91.1955914206581 30.526026517642723, -91.192232543404344 30.508182664873022, -91.191672730528722 30.434843837495013))",true,null
316,"Baton Rouge, LA",3655,LA:Denham Springs,"POLYGON ((-91.045382391601947 30.487752858532218, -91.044009100641446 30.430932289936681, -91.009676826628493 30.41731410926473, -90.905306713629187 30.459938595680359, -90.906680004589688 30.495444762345151, -90.9664181613722 30.495444762345151, -91.045382391601947 30.487752858532218))",true,null
316,"Baton Rouge, LA",3657,LA:Gonzales,"POLYGON ((-90.920717 30.292799, -90.936206 30.309036, -90.994571 30.27702, -90.99869 30.238468, -90.972173 30.218565, -90.949506 30.184633, -90.877221 30.184633, -90.841078 30.238731, -90.877221 30.292799, -90.920717 30.292799))",true,null
316,"Baton Rouge, LA",3654,LA:Inniswold,"POLYGON ((-91.009734 30.415385, -91.046121 30.43035, -91.068964 30.421396, -91.069765 30.422592, -91.083602 30.417349, -91.11275 30.417833, -91.167081 30.424595, -91.191807 30.43477, -91.191943 30.452558, -91.213172 30.420855, -91.177029 30.366858, -91.165766 30.366858, -91.149687 30.348257, -91.074672 30.347774, -90.993499 30.38738, -91.009734 30.415385))",true,null
316,"Baton Rouge, LA",3656,LA:Prairieville,"POLYGON ((-90.99594391702334 30.277837936158328, -90.9368924057211 30.309853666437121, -90.992510689622051 30.385701031710454, -91.071474919851809 30.348377252941489, -90.99594391702334 30.277837936158328))",true,null
782,"Battle Ground, WA",4342,WA: Battle Ground,"POLYGON ((-122.7262311 45.8466482, -122.6685528 45.7513842, -122.4234204 45.7504259, -122.4206738 45.8160283, -122.7262311 45.8466482))",true,null
957,"Bay City, TX",4534,TX: Bay City,"POLYGON ((-95.9781919 29.0173062, -95.9824834 28.9575438, -95.9558759 28.9566426, -95.922834 28.9723367, -95.9090123 29.0032697, -95.9781919 29.0173062))",true,null
505,"Bealeton, VA",3948,VA: Bealeton,"POLYGON ((-77.800346 38.6017546, -77.8020626 38.5483416, -77.7145153 38.5550539, -77.7440411 38.6213383, -77.8034359 38.6213383, -77.800346 38.6017546))",true,null
91,"Beaumont, TX",3258,TX: Beaumont,"POLYGON ((-94.1514363 30.1421507, -94.13907659999998 30.1270076, -94.11796229999999 30.1253744, -94.10910841146135 30.112255394679778, -94.05294854413039 30.112255394679778, -94.0729517742778 30.09912973097347, -94.09889705787583 30.09712283942016, -94.09889705787583 30.09712283942015, -94.09904285385406 30.097111561852, -94.09538116335132 30.09154795615417, -94.07259908996554 30.091622658817077, -94.0474439101743 30.10770377988658, -94.01433923436969 30.0580883, -94.05048169218486 30.00389155415943, -94.12276660781515 30.00389155415943, -94.14480102654758 30.036936380522217, -94.150063 30.0337229, -94.1919483 30.0635895, -94.1924633 30.1414084, -94.1514363 30.1421507))",true,null
91,"Beaumont, TX",3260,TX: Bridge City,"POLYGON ((-93.8566608 30.0237308, -93.8412113 30.0124345, -93.7698001 30.0824213, -93.7567539 30.0736571, -93.7263698 30.0944523, -93.7287731 30.1183614, -93.7478275 30.1294971, -93.763792 30.1292002, -93.78769841593261 30.12867010577585, -93.828519599155712 30.130593294370168, -93.825805531778755 30.075724001800751, -93.8566608 30.0237308))",true,null
91,"Beaumont, TX",3257,TX: Nederland,"POLYGON ((-94.0149569 29.9590771, -93.9435458 29.9059683, -93.8963389 29.9561025, -93.9550471 29.9919397, -93.9873194 29.9879254, -94.0149569 29.9590771))",true,null
91,"Beaumont, TX",3259,TX: Vidor,"POLYGON ((-94.098822 30.0970116, -94.095303 30.0916648, -94.0726437 30.0917391, -94.0203728 30.1251517, -94.0108456 30.1166882, -93.9972843 30.116911, -93.9981426 30.1400723, -94.0156521 30.1420764, -94.0241493 30.1390332, -94.0249218 30.1304967, -94.0729012 30.0990166, -94.098822 30.0970116))",true,null
598,"Beaver Creek, NC",4051,NC: Beaver Creek,"POLYGON ((-81.5396835 36.3941876, -81.5252639 36.3223011, -81.4102508 36.348575, -81.4521362 36.4359066, -81.556163 36.4342494, -81.5396835 36.3941876))",true,null
474,"Beaver, PA",3917,PA: Beaver,"POLYGON ((-80.34065245035688 40.6911411923492, -80.35223589781515 40.6911411923492, -80.38837835563032 40.73859024, -80.35223589781515 40.786005467054665, -80.28044404292278 40.786005467054665, -80.27893238228351 40.772923433537265, -80.25840993884796 40.71942507779251, -80.27898920858682 40.69240427938139, -80.28327008072509 40.69213377152505, -80.28660228237206 40.6911411923492, -80.29541572963144 40.6911411923492, -80.3347376 40.6779747, -80.34065245035688 40.6911411923492))",true,null
1053,"Becker, MN",4630,MN: Becker,"POLYGON ((-93.904074 45.4086579, -93.9123138 45.3816563, -93.8862212 45.3618791, -93.8663085 45.3599492, -93.8333495 45.3859967, -93.8395293 45.4072117, -93.8800414 45.427455, -93.904074 45.4086579))",true,null
496,"Bedford, VA",3939,VA: Bedford,"POLYGON ((-79.6064817 37.357061, -79.5597898 37.2827963, -79.4032347 37.3374098, -79.4718992 37.4007118, -79.6064817 37.357061))",true,null
685,"Beeville, TX",4173,TX: Beeville,"POLYGON ((-97.808347 28.387798, -97.816802 28.38149, -97.795368 28.36802, -97.791545 28.362194, -97.71926 28.362194, -97.683118 28.417266, -97.71926 28.472309, -97.791545 28.472309, -97.827688 28.417266, -97.808347 28.387798))",true,null
841,"Belfry, KY",4405,KY: Belfry,"POLYGON ((-82.2682952 37.645115, -82.2626304 37.6327449, -82.2478675 37.6357357, -82.2677802 37.6599291, -82.2796249 37.6565316, -82.2682952 37.645115))",true,null
481,"Belle Vernon, PA",3924,PA: Belle Vernon,"POLYGON ((-79.902352 40.1513657, -79.8824393 40.1287942, -79.8553168 40.1196059, -79.8360907 40.0946601, -79.8075949 40.1146175, -79.7990118 40.1400809, -79.8494803 40.1657971, -79.8628699 40.1605497, -79.8941122 40.1636982, -79.901322 40.1618616, -79.902352 40.1513657))",true,null
870,"Bellefontaine, OH",4437,OH: Bellefontaine,"POLYGON ((-83.8473314 40.3856534, -83.7896532 40.3061077, -83.5328478 40.3008712, -83.5561937 40.3710073, -83.7223619 40.3971588, -83.8473314 40.3856534))",true,null
731,"Bellingham, WA",4235,WA: Bellingham,"POLYGON ((-122.7624729 48.9585572, -122.4548557 48.6546623, -122.1801975 48.7380547, -122.4493625 48.9008144, -122.7624729 48.9585572))",true,null
743,"Bend, OR",4250,OR: Bend,"POLYGON ((-121.29166 44.1134972, -121.3603245 44.0740451, -121.3452183 44.0306175, -121.4083897 44.0019774, -121.3575779 43.960474, -121.3053929 44.0049408, -121.268314 44.0158054, -121.2381016 44.0681251, -121.29166 44.1134972))",true,null
928,"Benson, AZ",4504,AZ: Benson,"POLYGON ((-110.3769539 32.0285508, -110.3742074 31.9003934, -110.0583504 31.9773093, -110.159974 32.0983794, -110.3742073 32.0419387, -110.3769539 32.0285508))",true,null
387,"Bentonville, AR",3676,AR:Bentonville,"POLYGON ((-94.30358959143312 36.33347010625741, -94.26952160237792 36.315263468108874, -94.23436819432715 36.25431245612952, -94.15159793602231 36.25370927000817, -94.10993437392449 36.25357607377141, -94.10554078757146 36.35243835293483, -94.2083323007027 36.4156767726534, -94.31265047854528 36.41940792290893, -94.31748295167178 36.3495268943399, -94.30358959143312 36.33347010625741))",true,null
834,"Berea, KY",4398,KY: Berea,"POLYGON ((-84.3517368 37.6438089, -84.3599765 37.5349891, -84.2528598 37.532811, -84.2363804 37.6394592, -84.3517368 37.6438089))",true,null
527,"Berkley, WV",3968,WV: Berkley,"POLYGON ((-78.244177 39.7131328, -78.3210813 39.5756631, -78.2029783 39.5756631, -78.1013548 39.7067941, -78.244177 39.7131328))",true,null
543,"Big Rapids, MI",3985,MI: Big Rapids,"POLYGON ((-85.6043444 43.7778624, -85.5384264 43.6547833, -85.3489123 43.6448466, -85.2967272 43.7659626, -85.6043444 43.7778624))",true,null
682,"Big Spring, TX",4170,TX: Big Spring,"POLYGON ((-101.402564 32.243214, -101.434895 32.290565, -101.436355 32.294037, -101.437093 32.293784, -101.438706 32.296146, -101.510991 32.296146, -101.535654 32.26003, -101.544845 32.256882, -101.541362 32.25167, -101.547134 32.243214, -101.510991 32.190252, -101.438706 32.190252, -101.402564 32.243214))",true,null
759,"Billings, MT",4268,MT: Billings,"POLYGON ((-108.6204968 45.8165969, -108.6562024 45.7782987, -108.6122571 45.7208021, -108.3348523 45.8070248, -108.3678113 45.8491297, -108.6204968 45.8165969))",true,null
1168,"Biloxi, MS",4890,MS: Biloxi,"POLYGON ((-89.013598 30.348495, -88.941313 30.348495, -88.905171 30.402503, -88.941313 30.45648, -89.013598 30.45648, -89.049741 30.402503, -89.013598 30.348495))",false,null
353,"Birmingham, AL",4307,AL:Birmingha,"POLYGON ((-86.63310466998864 33.479406031939284, -86.6327955903259 33.479112776083539, -86.632605967345654 33.478886501190559, -86.6323327146163 33.478733456503392, -86.631921024560327 33.479079566703881, -86.63228070396211 33.479353122109934, -86.632690320904061 33.479626676644948, -86.63310466998864 33.479406031939284))",true,null
353,"Birmingham, AL",3650,AL:Birmingham,"POLYGON ((-86.684633 33.462986, -86.665474 33.524143, -86.876961 33.53788, -86.937385 33.484064, -86.864601 33.424483, -86.731068 33.421475, -86.732285 33.419717, -86.698894 33.41925, -86.721081 33.385573, -86.702347 33.358475, -86.630062 33.358475, -86.593919 33.410746, -86.630062 33.462986, -86.684633 33.462986))",true,null
353,"Birmingham, AL",3651,AL:Pelham,"POLYGON ((-86.86322776279809 33.421433180422106, -86.887947000087408 33.356074850970316, -86.8398818164693 33.229805934193855, -86.757484358838255 33.230954656273539, -86.75199119499618 33.338867125434241, -86.699119499269358 33.419140738190343, -86.86322776279809 33.421433180422106))",true,null
353,"Birmingham, AL",3649,AL:Trussville,"POLYGON ((-86.738571 33.62378, -86.824176 33.671507, -86.857061 33.569552, -86.873988 33.539169, -86.573207 33.520717, -86.567584 33.522589, -86.558963 33.51014, -86.486678 33.51014, -86.450536 33.56232, -86.486678 33.614469, -86.537209 33.614469, -86.6318 33.66172, -86.738571 33.62378))",true,null
8,"Bismarck, ND",4118,ND: Bismarck,"POLYGON ((-100.9450554 46.9004342, -100.9120964 46.7425637, -100.6264518 46.7500918, -100.6703972 46.9379541, -100.9450554 46.9004342))",true,null
405,"Blacksburg, VA",3840,VA: Blacksburg,"POLYGON ((-80.5101072 37.3609192, -80.6529295 37.2735459, -80.7379564 37.0218173, -80.3617917530514 37.11142923602866, -80.11098203764521 37.2505136018393, -80.5101072 37.3609192))",true,null
1120,"Bloomfield, NY",4700,NY: Bloomfield,"POLYGON ((-77.4907794 42.9232505, -77.4859729 42.884019, -77.387096 42.8855284, -77.3925891 42.9222449, -77.4907794 42.9232505))",false,null
1157,"Bloomington, IL",4798,IL: Bloomington / Normal,"POLYGON ((-89.043423687032075 40.55343475050703, -89.076960899279186 40.553083279609382, -89.076498317041285 40.482224259239985, -89.052444040670935 40.482400180756677, -89.05128758507621 40.4426301968003, -88.919451647277214 40.4426301968003, -88.919914229515115 40.475890777588148, -88.93448557000869 40.475890777588148, -88.934948152246577 40.485390775999782, -88.883370232721717 40.485390775999782, -88.883601523840653 40.531991649717511, -88.923846178537175 40.531640066287665, -88.924308760775091 40.553961953394356, -89.043423687032075 40.55343475050703))",true,null
1157,"Bloomington, IL",4799,IL: Towanda,"POLYGON ((-88.885451852792215 40.572435458664643, -88.912975495946725 40.57225977332434, -88.912975495946725 40.55468890994235, -88.88522056167325 40.55468890994235, -88.885451852792215 40.572435458664643))",true,null
34,"Bloomington, IN",4090,IN: Bloomington,"POLYGON ((-86.620668 39.1900165, -86.5739761 39.0962891, -86.4229141 39.1410382, -86.4201675 39.2070445, -86.620668 39.1900165))",true,null
953,"Bloomington, TX",4530,TX: Bloomington,"POLYGON ((-96.9196406 28.6610281, -96.9247905 28.6462655, -96.9050494 28.6283367, -96.8695155 28.6461148, -96.9028178 28.6715715, -96.9196406 28.6610281))",true,null
1019,"Blowing Rock, NC",4596,NC: Blowing Rock,"POLYGON ((-81.6813259 36.1408316, -81.6808967 36.1361181, -81.6802959 36.1269676, -81.6664772 36.1207973, -81.666048 36.1429803, -81.6813259 36.1408316))",true,null
317,"Boise, ID",4077,ID: Boise,"POLYGON ((-116.7148346 43.7412288, -116.7917389 43.5265385, -116.4896149 43.4069347, -116.1984772 43.5026366, -116.0446686 43.6220511, -116.2643951 43.7809021, -116.7148346 43.7412288))",true,null
895,"Bolivar, OH",4464,OH: Bolivar,"POLYGON ((-81.4781243 40.6890368, -81.476751 40.6213172, -81.40122 40.6098502, -81.3957268 40.6765399, -81.4781243 40.6890368))",true,null
681,"Bonham, TX",4169,TX: Bonham,"POLYGON ((-96.1867962 33.62411, -96.2499676 33.5875095, -96.2170086 33.563482, -96.1455975 33.5680592, -96.1867962 33.62411))",true,null
781,"Bonney Lake, WA",4341,WA: Bonney Lake,"POLYGON ((-122.1962852 47.1854534, -122.1955986 47.1198467, -122.0823021 47.1336285, -122.136547 47.1952524, -122.1962852 47.1854534))",true,null
648,"Bookings, SD",4125,SD: Bookings,"POLYGON ((-96.6378685283718 44.39313207143503, -96.99400345162935 44.380785087106354, -96.935895638063 44.234408258077764, -96.75176727140482 44.24257607671043, -96.5887676260322 44.25402906033891, -96.6378685283718 44.39313207143503))",true,null
561,"Boone, NC",4008,NC: Boone,"POLYGON ((-81.73643220733369 36.25458537345563, -81.73462115781513 36.25711486350752, -81.72694702044284 36.25711486350752, -81.6521129 36.2770686, -81.5868815 36.2017496, -81.6419614486613 36.18457961610367, -81.66233624218484 36.15609105665258, -81.73110946817938 36.15609105665258, -81.76043349579919 36.197089391381105, -81.76394518543493 36.197089391381105, -81.77076361563029 36.20661926, -81.73792399465347 36.2525017349072, -81.73931679999998 36.2538161, -81.73643220733369 36.25458537345563))",true,null
215,"Boston, MA",3595,MA: Billerica,"POLYGON ((-71.15328249972944 42.63405338336978, -71.15210925781514 42.63554838127676, -71.07982434218485 42.63554838127676, -71.0436818843697 42.58947754, -71.07982434218485 42.54337262146373, -71.1255591621522 42.54337262146373, -71.1252431 42.5232268, -71.18216481303392 42.52305980955753, -71.21608272224789 42.52305980955753, -71.24080984214433 42.49926282393063, -71.3196377 42.5963151, -71.32005580155811 42.609854937157, -71.32032074574549 42.618441291220535, -71.19175897209614 42.6677146097905, -71.19175665981075 42.66771258742992, -71.15328249972944 42.63405338336978))",true,null
215,"Boston, MA",3571,MA: Brockton,"POLYGON ((-70.848991 42.06868, -70.848992 42.068761, -70.849677 42.108425, -70.914908 42.108425, -70.916283 42.178215, -70.955175 42.193968, -70.992915 42.140567, -71.064751 42.140312, -71.100717 42.140518, -71.098952 42.097303, -71.099378 42.097306, -71.097079 42.029909, -71.024638 41.980034, -70.934688 41.979523, -70.934688 42.036667, -70.921111 42.036667, -70.889974 41.9966, -70.81769 41.9966, -70.781547 42.043107, -70.788521 42.052077, -70.820492 42.051864, -70.820836 42.059758, -70.829076 42.059758, -70.829419 42.068426, -70.848991 42.06868))",true,null
215,"Boston, MA",3561,MA: Brookline,"POLYGON ((-71.1688923 42.358064, -71.1683774 42.3003846, -71.0912156 42.3003212, -71.0912143 42.3084308, -71.0910427 42.3255665, -71.0985958 42.3256935, -71.0985958 42.3354651, -71.1066638 42.335592, -71.1064922 42.3513883, -71.1179089 42.3538778, -71.1184239 42.3579371, -71.1172223 42.3614888, -71.1182522 42.3678306, -71.1239171 42.3688452, -71.126492 42.3726499, -71.1302685 42.3740449, -71.1330151 42.3725231, -71.1326718 42.3693525, -71.13559 42.3670696, -71.1403966 42.3641524, -71.1436581 42.3650403, -71.147778 42.3616156, -71.1637425 42.3579371, -71.1688923 42.358064))",true,null
215,"Boston, MA",3572,MA: Canton,"POLYGON ((-71.0781407 42.1999542, -71.1132427 42.1947444, -71.1503215 42.1952531, -71.2101455 42.2323779, -71.3105781 42.1880291, -71.3105781 42.13204, -71.2254341 42.0984228, -71.0990913 42.0974038, -71.1008558 42.1406185, -71.0647511 42.1404117, -71.0781407 42.1999542))",true,null
215,"Boston, MA",3569,MA: Dedham,"POLYGON ((-71.2105823 42.2884932, -71.2101455 42.2323779, -71.1503215 42.1952531, -71.1132427 42.1947444, -71.1011433 42.2413972, -71.1014866 42.280273, -71.0908436 42.280273, -71.0912156 42.3003212, -71.1683774 42.3003846, -71.2105823 42.2884932))",true,null
215,"Boston, MA",3560,MA: Downtown Boston,"POLYGON ((-71.1064922 42.3513883, -71.1066638 42.335592, -71.0985958 42.3354651, -71.0985958 42.3256935, -71.0910427 42.3255665, -71.0912143 42.3084308, -71.0455524 42.3079865, -71.035081 42.3099541, -71.0316478 42.3135085, -71.0323345 42.3175704, -71.0400592 42.3206167, -71.0469257 42.3245512, -71.046239 42.327851, -71.0407459 42.3289931, -71.035081 42.327851, -71.0247814 42.331912, -71.0146533 42.3300084, -71.0103618 42.3348306, -71.0105764 42.3413337, -71.0491144 42.3580483, -71.0470973 42.3621073, -71.0489856 42.3678149, -71.0524188 42.3690832, -71.057912 42.3693368, -71.0642635 42.3687027, -71.0696874 42.3675366, -71.0720906 42.364239, -71.0743915 42.3563992, -71.0958492 42.3505637, -71.1064922 42.3513883))",true,null
215,"Boston, MA",3573,MA: Foxborough,"POLYGON ((-71.38170786563371 41.934918212594496, -71.3813626 42.0188485, -71.3814216253904 42.018893529197136, -71.38148743552493 42.01894471478197, -71.38148867576932 42.018944680446246, -71.4644467 42.0822, -71.4644467 42.10783053168014, -71.46441446325538 42.107830663141854, -71.40165698391583 42.131169483236235, -71.40165550467893 42.131232894530456, -71.3107128472926 42.13203880591037, -71.3107128472926 42.131979985814255, -71.22546841264106 42.09832308903434, -71.20232078746889 42.098136396066074, -71.20256314432655 42.007432213077976, -71.16505993218485 42.007432213077976, -71.13660594852598 41.97080099094975, -71.16302883034525 41.943956367255325, -71.17829696452124 41.92843938008779, -71.19217440233857 41.91433248092355, -71.23734484781515 41.91433248092355, -71.25824595783904 41.94126615300052, -71.28936847346336 41.92517984230259, -71.26091363436969 41.88850020999999, -71.29705609218485 41.841880493117046, -71.31754817505697 41.841880493117046, -71.31767834218485 41.84171253068865, -71.32645798628002 41.84171253068865, -71.3817255561388 41.89363546680855, -71.38185104076625 41.893620256578025, -71.38185104077007 41.89362025657758, -71.381877767523 41.89361701697652, -71.38171581360602 41.93304987646175, -71.38170813771612 41.934918212594496, -71.38170786563371 41.934918212594496))",true,null
215,"Boston, MA",3594,MA: Framingham,"POLYGON ((-71.5408812 42.4412065, -71.5898328 42.4495571, -71.6197928 42.4064949, -71.638527751464864 42.28324717913658, -71.6194972 42.2660482, -71.4856013 42.2657941, -71.4378795 42.2873864, -71.3448039 42.2884955, -71.3447356 42.3498626, -71.3582286 42.3499621, -71.3580569 42.3639157, -71.5305766 42.3645499, -71.5305766 42.3927012, -71.5467128 42.3929547, -71.5408812 42.4412065))",true,null
215,"Boston, MA",3576,MA: Lawrence,"POLYGON ((-71.281012 42.728103, -71.317154 42.774071, -71.301431 42.794058, -71.26718881116369 42.78789334044575, -71.25746727752015 42.78614295758362, -71.2574672427818 42.7861430437117, -71.257467 42.786143, -71.24885475462321 42.80749263387714, -71.24380584733862 42.820005, -71.208727 42.820005, -71.186017 42.791147, -71.166869 42.808154, -71.131506 42.821502, -71.105503 42.817332, -71.07479254037774 42.80912577416433, -71.07344256781515 42.810841119946254, -71.00115765218484 42.810841119946254, -70.9650151943697 42.76490021, -71.00115765218484 42.71892520583357, -71.07344256781515 42.71892520583357, -71.08350071585629 42.731723094049116, -71.089964 42.669974, -71.19167599113038 42.66779600018994, -71.19172862691276 42.66784203618164, -71.21440852656896 42.71597302312066, -71.228579 42.746027, -71.23767861038785 42.74450915206117, -71.24068917760401 42.74400709213705, -71.25396357809495 42.73791387285208, -71.25446 42.737686, -71.265238 42.728103, -71.281012 42.728103))",true,null
215,"Boston, MA",3577,MA: Lowell,"POLYGON ((-71.3690762 42.6362342, -71.3203244 42.6185517, -71.1918478 42.6677923, -71.2286669 42.7459105, -71.2406371 42.7439143, -71.25437 42.7376106, -71.2674163 42.7260102, -71.2784026 42.7103714, -71.2948821 42.6962426, -71.4294646 42.6992705, -71.3690762 42.6362342))",true,null
215,"Boston, MA",3570,MA: Marshfield,"POLYGON ((-70.9552312 42.1941042, -70.916149 42.1782751, -70.9147757 42.1085249, -70.8495444 42.1085249, -70.8488577 42.0687788, -70.8292883 42.0685239, -70.828945 42.059858, -70.8207052 42.059858, -70.8203611 42.0519648, -70.6672392 42.0529845, -70.6483564 42.0731205, -70.6387434 42.083823, -70.6504164 42.0973261, -70.6686125 42.1131185, -70.7201109 42.1658163, -70.726634 42.2090618, -70.7575331 42.2332156, -70.7650862 42.2520237, -70.7740126 42.2550731, -70.7746992 42.2418578, -70.7860289 42.243637, -70.7846556 42.2532943, -70.8121214 42.2642205, -70.85641 42.2703181, -70.8790693 42.2667612, -70.8818159 42.2626961, -70.877696 42.2517696, -70.8855925 42.24872, -70.8938322 42.257106, -70.8924589 42.2634583, -70.9144316 42.2626961, -70.9686207 42.2469887, -70.9552312 42.1941042))",true,null
215,"Boston, MA",3575,MA: Milford,"POLYGON ((-71.4378795 42.2873864, -71.4856013 42.2657941, -71.6194972 42.2660482, -71.5678058 42.107509, -71.4644467 42.1079305, -71.4017903 42.1312317, -71.401305256176954 42.152020928067451, -71.4378795 42.2873864))",true,null
215,"Boston, MA",3562,MA: Newton,"POLYGON ((-71.210281 42.232434, -71.210717 42.288493, -71.210718 42.288562, -71.168513 42.300453, -71.169026 42.357964, -71.249338 42.357438, -71.265528 42.349801, -71.265716 42.349926, -71.344601 42.349863, -71.344669 42.288495, -71.301139 42.288495, -71.309994 42.277148, -71.273851 42.230813, -71.213954 42.230813, -71.210281 42.232434))",true,null
215,"Boston, MA",3568,MA: Quincy,"POLYGON ((-71.0912156 42.3003212, -71.0908436 42.280273, -71.1014866 42.280273, -71.1011433 42.2413972, -71.0328221 42.2411431, -71.0283589 42.2327549, -71.0527348 42.2088553, -71.0685277 42.2058036, -71.0781407 42.1999542, -71.0647511 42.1404117, -70.9929967 42.1406663, -70.9552312 42.1941042, -70.9686207 42.2469887, -71.0008931 42.2749385, -71.0228657 42.2876389, -71.0455524 42.3079865, -71.0912143 42.3084308, -71.0912156 42.3003212))",true,null
215,"Boston, MA",3564,MA: Revere,"POLYGON ((-71.004569 42.482576, -71.0366 42.48264, -71.070478 42.482707, -71.070529 42.482616, -71.116883 42.4827, -71.116177 42.432476, -71.075176 42.432052, -71.076036 42.401293, -71.074327 42.394097, -71.073989 42.39371, -71.06964 42.390443, -71.06243 42.388668, -71.052131 42.388034, -71.049178 42.386993, -71.051099 42.384535, -71.047545 42.38296, -71.047196 42.377932, -71.048563 42.376262, -71.02689 42.348525, -71.010444 42.341392, -71.010258 42.335763, -70.944637 42.335763, -70.908494 42.382021, -70.944637 42.428245, -70.978175 42.428245, -70.961322 42.445696, -70.944499 42.458362, -70.937204 42.45583, -70.918685 42.468421, -70.918578 42.468493, -70.934202 42.471052, -71.004569 42.482576))",true,null
215,"Boston, MA",3565,MA: Salem,"POLYGON ((-71.00658929999999 42.53131, -70.9808401 42.5606508, -70.94403390743385 42.56865198131959, -70.95753882563031 42.58587646, -70.92139636781516 42.63194996399514, -70.84911145218484 42.63194996399514, -70.8129689943697 42.58587646, -70.84911145218484 42.53976887910692, -70.87890215032388 42.53976887910692, -70.87955990000002 42.5394054, -70.88127649999998 42.5338399, -70.8654836 42.5363697, -70.86617029999998 42.5280209, -70.87544 42.5224545, -70.8874563 42.5184058, -70.8836797 42.4994242, -70.8620504 42.5214423, -70.8400777 42.519671, -70.8397344 42.5065113, -70.854154 42.4900578, -70.8932928 42.4594174, -70.91844806741813 42.46844619585113, -70.91829727366405 42.46854870430946, -71.00455374012758 42.48267494423672, -71.07042191215862 42.48280638759211, -71.0476238887759 42.52324585334484, -71.00658929999999 42.53131))",true,null
215,"Boston, MA",3563,MA: Somerville,"POLYGON ((-71.0615802 42.3699676, -71.0517955 42.372504, -71.0473323 42.377957, -71.0476756 42.3829024, -71.0511089 42.384424, -71.0694766 42.3883545, -71.0744548 42.3940597, -71.0761714 42.4012855, -71.0753131 42.4319543, -71.1163106 42.4323784, -71.1357379 42.4325878, -71.1347938 42.3729479, -71.1330151 42.3725231, -71.1302685 42.3740449, -71.126492 42.3726499, -71.1239171 42.3688452, -71.1182522 42.3678306, -71.1172223 42.3614888, -71.1184239 42.3579371, -71.1179089 42.3538778, -71.1064922 42.3513883, -71.0958492 42.3505637, -71.0743915 42.3563992, -71.0720906 42.364239, -71.0696874 42.3675366, -71.0636401 42.3687627, -71.0615802 42.3699676))",true,null
215,"Boston, MA",3567,MA: Waltham,"POLYGON ((-71.2544683 42.4323097, -71.2785009 42.3991058, -71.2781576 42.3582739, -71.2655139 42.349926, -71.2493777 42.3575375, -71.1688923 42.358064, -71.1637425 42.3579371, -71.147778 42.3616156, -71.1436581 42.3650403, -71.1403966 42.3641524, -71.1326718 42.3693525, -71.1330151 42.3725231, -71.1347938 42.3729479, -71.1357379 42.4325878, -71.2544683 42.4323097))",true,null
215,"Boston, MA",3593,MA: Westford,"POLYGON ((-71.376865 42.43214, -71.380698 42.437039, -71.313115 42.439676, -71.312771 42.472099, -71.25529 42.472081, -71.25529 42.472115, -71.255291 42.472178, -71.239844 42.472431, -71.240306 42.484471, -71.240869 42.499142, -71.319772 42.596287, -71.32044 42.617928, -71.320457 42.618489, -71.369167 42.636156, -71.369192 42.636183, -71.464177 42.59404, -71.515557 42.535003, -71.521467 42.542545, -71.593751 42.542545, -71.629894 42.496405, -71.593751 42.450232, -71.589247 42.450232, -71.589756 42.449646, -71.56258 42.44501, -71.540737 42.441284, -71.540743 42.441232, -71.540748 42.441186, -71.517221 42.437527, -71.521435 42.43214, -71.485292 42.385919, -71.413008 42.385919, -71.376865 42.43214))",true,null
215,"Boston, MA",4940,MA: Whitinsville,"POLYGON ((-71.573214 42.124116, -71.573645 42.125437, -71.609058 42.170913, -71.681342 42.170913, -71.717485 42.1245, -71.681342 42.078053, -71.609058 42.078053, -71.573214 42.124116))",true,null
215,"Boston, MA",3566,MA: Woburn,"POLYGON ((-71.047788 42.5232136, -71.1353353 42.5229605, -71.2160162 42.5229605, -71.2407354 42.4991711, -71.2397054 42.4723338, -71.255155 42.4720806, -71.2544683 42.4323097, -71.1357379 42.4325878, -71.1163106 42.4323784, -71.1170187 42.4828, -71.070619 42.4827156, -71.047788 42.5232136))",true,null
361,"Bozeman, MT",4267,MT: Bozeman,"POLYGON ((-111.0574399 45.7216688, -111.128851 45.7005722, -111.0903989 45.614185, -110.9036313 45.6449157, -111.0574399 45.7216688))",true,null
280,"Bradenton, FL",3469,FL: Bradenton,"POLYGON ((-82.609737 27.505016, -82.640121 27.504712, -82.63878 27.44423, -82.576295 27.416196, -82.569482 27.406994, -82.557809 27.40707, -82.546479 27.401279, -82.546052 27.381098, -82.48451 27.381072, -82.484801 27.387774, -82.471855 27.388039, -82.466819 27.38821, -82.456408 27.388958, -82.44712 27.389607, -82.439107 27.357034, -82.438622 27.334409, -82.409619 27.334409, -82.373476 27.390006, -82.409619 27.445575, -82.422269 27.445575, -82.408071 27.426508, -82.439843 27.427012, -82.485717 27.439713, -82.485864 27.439488, -82.490869 27.440955, -82.49928 27.443467, -82.505149 27.445092, -82.505501 27.477396, -82.505546 27.477453, -82.530601 27.477302, -82.531116 27.499078, -82.609737 27.499078, -82.609737 27.505016))",true,null
280,"Bradenton, FL",3471,FL: Ellenton,"POLYGON ((-82.57423489999998 27.5295831, -82.57389159999998 27.5433586, -82.565566 27.5432825, -82.5429924859666 27.615632340660504, -82.51114674730779 27.614192124391888, -82.4496945310237 27.597682517676297, -82.4223145174809 27.5674043974853, -82.4867734 27.5319426, -82.48021948245045 27.523148387963346, -82.46884356781514 27.54062068389191, -82.39655865218485 27.54062068389191, -82.36041619436969 27.48509979, -82.39655865218485 27.429550892751013, -82.39903919529898 27.429550892751013, -82.40954120405843 27.445694581291452, -82.42251937061256 27.445694581291452, -82.42251956766373 27.445694581291452, -82.4083245769339 27.42663164355329, -82.43982129642617 27.427131276222333, -82.48577959441396 27.439855600464487, -82.48577982498976 27.439855247543136, -82.50501520942912 27.445180391876548, -82.50522265057865 27.46421896212943, -82.5053664 27.4774349, -82.50541270488846 27.477492541538208, -82.50547620121182 27.47757297013543, -82.50547730986403 27.47757296345388, -82.5346669 27.5139029, -82.5883969 27.5138267, -82.5927775 27.5158188, -82.5932035 27.5290503, -82.57423489999998 27.5295831))",true,null
280,"Bradenton, FL",3470,FL: Sarasota,"POLYGON ((-82.56982530171119 27.380988900072197, -82.54618424945309 27.380978811728866, -82.54618424084003 27.38097840461991, -82.48436995494613 27.380952289557484, -82.4843699612055 27.38095243372088, -82.4843694911631 27.380952433520292, -82.48463707787539 27.387104400415662, -82.48466108049817 27.38765718830569, -82.48225227375023 27.38770649582036, -82.47185132928989 27.3879189187585, -82.46875569486207 27.388024507481937, -82.46681098781944 27.388090541061302, -82.45639728029629 27.388838736396494, -82.45466354538041 27.38895988173018, -82.44722652445348 27.38947937445099, -82.44376660032164 27.375415875899392, -82.4392416 27.3570197, -82.43718170037529 27.2608422719008, -82.4679938715954 27.260546664872113, -82.46108605436969 27.24991035, -82.49722851218485 27.194243408268054, -82.56951342781515 27.194243408268054, -82.60565588563031 27.24991035, -82.56951342781515 27.305549450471418, -82.54391217526192 27.305549450471418, -82.54391218958868 27.3294587007221, -82.5542547879864 27.3333474019967, -82.56982530171119 27.380988900072197))",true,null
1048,"Brainerd, MN",4625,MN: Brainerd,"POLYGON ((-94.2528265 46.3788019, -94.2699926 46.3517939, -94.2102545 46.3242983, -94.1587561 46.3683794, -94.1786688 46.3825915, -94.2528265 46.3788019))",true,null
1092,"Branchville, NJ",4672,NJ: Branchville,"POLYGON ((-74.7322279 41.2109107, -74.8063856 41.1261406, -74.7130018 41.0837145, -74.619637 41.107758, -74.7322279 41.2109107))",true,null
1066,"Brazil, IN",4646,IN: Brazil,"POLYGON ((-87.1970019 39.5499464, -87.1750293 39.4821435, -86.9717822 39.5266467, -87.0377002 39.6155674, -87.1970019 39.5499464))",true,null
752,"Breckenridge, CO",4259,CO: Breckenridge,"POLYGON ((-106.101386 39.7039895, -106.1378083 39.5828039, -106.1357183 39.4806978, -105.96955 39.4435893, -105.9654302 39.5294389, -105.9755956 39.6167458, -106.101386 39.7039895))",true,null
970,"Brenham, TX",4547,TX: Brenham,"POLYGON ((-96.408018 30.1975713, -96.4313639 30.1729394, -96.4286173 30.1521608, -96.396345 30.1209846, -96.3523997 30.1295961, -96.3712824 30.1940105, -96.408018 30.1975713))",true,null
689,"Bridgeport, TX",4177,TX: Bridgeport,"POLYGON ((-97.717805 33.275861, -97.790089 33.275861, -97.826232 33.223509, -97.790089 33.171125, -97.717805 33.171125, -97.681662 33.223509, -97.717805 33.275861))",true,null
1007,"Bridgeton, NC",4583,NC: Bridgeton,"POLYGON ((-77.0303851 35.1348723, -77.0275527 35.1263786, -77.0221453 35.1211134, -77.0169955 35.1114949, -77.0186263 35.1032094, -77.0086699 35.1029285, -77.0062667 35.1110736, -77.0230036 35.1348723, -77.0303851 35.1348723))",true,null
260,"Brigham City, UT",4481,UT: Brigham City,"POLYGON ((-112.0804069 41.5566036, -112.0694206 41.4331698, -111.8936394 41.5052014, -111.9760368 41.6141255, -112.0804069 41.5566036))",true,null
508,"Broadway, VA",3951,VA: Broadway,"POLYGON ((-78.68742 38.7944867, -78.8855172 38.6224901, -78.8429452 38.5940521, -78.6966897 38.6047847, -78.5548974 38.7516602, -78.68742 38.7944867))",true,null
1091,"Browns Mills, NJ",4671,NJ: Browns Mills,"POLYGON ((-74.6583334 40.0256087, -74.6329275 39.9624831, -74.5512167 39.9493246, -74.5210043 39.9809008, -74.5464102 40.058726299999996, -74.5903555 40.0603029, -74.6583334 40.0256087))",true,null
9,"Brownsville, TX",3266,TX: Brownsville,"POLYGON ((-97.404944 25.958893, -97.481839 26.000881, -97.482055 26.000838, -97.482067 26.00078, -97.537484 25.989698, -97.549826 25.948552, -97.536411 25.935855, -97.5309081937297 25.923907270943435, -97.51609430370274 25.891414979643624, -97.50615284836162 25.89425424659, -97.49784449976177 25.899630965699863, -97.4915593587666 25.88910543163286, -97.46874532474037 25.88985281585578, -97.4545421943358 25.88458973010915, -97.437023 25.86546, -97.422796 25.862815, -97.405974 25.863625, -97.404944 25.958893))",true,null
9,"Brownsville, TX",3267,TX: Harlingen,"POLYGON ((-97.7859455 26.1701235, -97.75697405283567 26.15172557831634, -97.72370578040314 26.181436247272636, -97.71884630476274 26.186863728635448, -97.71603761971468 26.18782080161006, -97.7104901321957 26.189810296410304, -97.70561229598334 26.190375272407238, -97.70513983157517 26.190134646541622, -97.70604508113186 26.190119742108177, -97.70687564898127 26.190092962089782, -97.71773268852922 26.18648307073328, -97.71865121745107 26.18575671371801, -97.71850408201381 26.18598421227869, -97.75518825376925 26.152423335722855, -97.7579312643885 26.149405115419903, -97.75640310322025 26.15027173303076, -97.72344172840401 26.13008675770999, -97.68106403120206 26.164146092871597, -97.68044219484113 26.164546670514145, -97.68014732881686 26.16469549133083, -97.68072095670367 26.164246661943196, -97.68090645222581 26.164027127181242, -97.702163358364 26.1468967421121, -97.71577722611005 26.135972089341962, -97.72302202039877 26.13011627037934, -97.72047465413083 26.128262863196333, -97.6359134 26.0742562, -97.575832 26.1411558, -97.6178063012299 26.172587753410735, -97.63255477297747 26.14895497359948, -97.63288599435774 26.148839519489783, -97.6330426722529 26.14904694472453, -97.63305495730879 26.149210663824082, -97.61821068767249 26.17274805696961, -97.6324802 26.1833722, -97.6324802 26.2049368, -97.6633793 26.2055528, -97.6633793 26.2237254, -97.6891285 26.2240334, -97.6887851 26.2612937, -97.7856022 26.2628331, -97.7859455 26.1701235))",true,null
9,"Brownsville, TX",3270,TX: Olmito,"POLYGON ((-97.6405371 26.0264124, -97.6075782 26.010369, -97.5378097 25.9897573, -97.4821827 26.0008806, -97.4664725 26.0732961, -97.5217475 26.0961143, -97.60054 26.1138416, -97.6362567 26.0742562, -97.6405371 26.0264124))",true,null
697,"Brownwood, TX",4186,TX: Brownwood,"POLYGON ((-99.0068511 31.649513, -98.902481 31.6763972, -98.9361266 31.7680954, -99.0562896 31.7418218, -99.0068511 31.649513))",true,null
592,"Brunswick, GA",4045,GA: Brunswick,"POLYGON ((-81.68246562010681 31.301012101941456, -81.6346476 31.1728714, -81.5055582 31.0858815, -81.37432559458566 31.139291924028505, -81.33723523265228 31.230414206240933, -81.50889084433888 31.338710724383056, -81.68246562010681 31.301012101941456))",true,null
884,"Bucyrus, OH",4453,OH: Bucyrus,"POLYGON ((-83.012584 40.840255, -83.0139573 40.778929, -82.9686387 40.7612483, -82.9205735 40.790367, -82.92744 40.8381771, -83.012584 40.840255))",true,null
197,"Buffalo, NY",3582,NY: Cheektowaga,"POLYGON ((-78.76775589999998 42.99128849999999, -78.7679193 42.9961897, -78.7047561999995 42.99636349999999, -78.6780445 42.9963672, -78.6777109632296 42.96247321917149, -78.63595379218485 42.96247321917149, -78.59981133436969 42.91664505, -78.6181347 42.89339822983912, -78.6181347 42.8811904, -78.62778646313826 42.88114953086186, -78.63595379218485 42.87078277296813, -78.6666086624118 42.87078277296813, -78.66418816436968 42.86771011, -78.69628111427402 42.82695576384406, -78.69659159528578 42.84330600714068, -78.75753078423314 42.84380950129573, -78.75788514895757 42.87178416253415, -78.7578863951048 42.87188251493687, -78.79358971053682 42.87194632638748, -78.7935902478935 42.87199299851852, -78.7949633914421 42.991142129547725, -78.79496379916726 42.99114212782147, -78.7949638 42.9911422, -78.76775589999998 42.99128849999999))",true,null
197,"Buffalo, NY",3581,NY: Downtown Buffalo,"POLYGON ((-78.946385 42.985475, -78.946862 42.978726, -78.937887 42.960287, -78.960092 42.958763, -78.964912 42.961997, -78.980506 42.942228, -78.944363 42.896385, -78.899638 42.896385, -78.899677 42.895892, -78.87506 42.872092, -78.819704 42.871993, -78.793725 42.871993, -78.795097 42.991043, -78.938228 42.990437, -78.938524 42.988037, -78.944363 42.988037, -78.946385 42.985475))",true,null
197,"Buffalo, NY",3583,NY: Niagra Falls,"POLYGON ((-79.02311144781514 43.1540036342085, -79.0214019768496 43.1540036342085, -79.02109728781515 43.15438862652263, -78.94881237218486 43.15438862652263, -78.9126699143697 43.10870361, -78.91781138371806 43.10220188511514, -78.9126309 43.1021504, -78.8799294 43.08974090000001, -78.87945500868956 43.076806303798634, -78.8794514 43.0767079, -78.90027849999998 43.0557212, -78.94177135313134 43.07189382676983, -78.9483896887765 43.06351934892645, -78.94869581879841 43.06365816927729, -78.95172565253786 43.06298446972517, -78.95191651592839 43.06294202999323, -78.95260222847797 43.062789557049236, -78.95345965368975 43.062598902069645, -78.97438063880942 43.062598902069645, -78.98062300527518 43.06415147147408, -78.99802597927143 43.06389721110222, -78.9974013345846 43.06298446972517, -78.99713746987624 43.062598902069645, -79.02311144781514 43.062598902069645, -79.03579707394067 43.078649831318934, -79.04292189999998 43.0785827, -79.05648309999998 43.08134110000001, -79.0647229 43.0889887, -79.05715876381824 43.10566895258289, -79.0592539056303 43.10831833, -79.05764334316086 43.11035486255633, -79.0630921 43.1191938, -79.05059565439777 43.11926576432224, -79.02311144781514 43.1540036342085))",true,null
197,"Buffalo, NY",3584,NY: Tonawanda,"POLYGON ((-78.915219 43.0078878, -78.89539069999998 43.0140518, -78.884829 43.0204649, -78.87881919999998 43.026643, -78.88997659999998 43.047879, -78.90018367965394 43.055649023701044, -78.87931547703045 43.076677158948655, -78.87931663937597 43.07670885448075, -78.821875 43.0771157, -78.8216094 43.0616508, -78.79951329999999 43.0614908, -78.7993416 43.0486967, -78.739510848918 43.04886225967197, -78.73295794781515 43.0571559281171, -78.66067303218486 43.0571559281171, -78.62453057436971 43.01139832, -78.66067303218486 42.965606595990565, -78.67760703901062 42.965606595990565, -78.67791071949232 42.996465772211195, -78.70476197486141 42.99646205288649, -78.70476197401808 42.99646203849429, -78.7680573605084 42.99628787477269, -78.76789394849298 42.991386322186166, -78.79509968080758 42.99124003407492, -78.7950985455034 42.9911416290469, -78.81610532740977 42.991052617571285, -78.93821530821769 42.99053561857586, -78.9290361 43.0003418, -78.915219 43.0078878))",true,null
197,"Buffalo, NY",3580,NY: West Seneca/Hamburg,"POLYGON ((-78.9221159 42.7366346, -78.7956014 42.6644738, -78.756037 42.664602, -78.7569776 42.7346173, -78.7314078 42.7347443, -78.7312285 42.7507543, -78.7199109 42.7508675, -78.7187115 42.7937666, -78.6957914 42.7940572, -78.6967245 42.8432083, -78.7576643 42.8437118, -78.7580199 42.871784, -78.874958 42.871993, -78.8551044 42.8355707, -78.8651243 42.8152599, -78.8536214 42.795989, -78.8524214 42.7832675, -78.8678791 42.769156, -78.9221159 42.7366346))",true,null
618,"Burlington, IA",4075,IA: Burlington,"POLYGON ((-91.3402702 40.8876862, -91.3746025 40.7057519, -90.9859612 40.720325, -90.9447624 40.8773034, -91.3402702 40.8876862))",true,null
89,"Burlington, NC",3994,NC: Burlington,"POLYGON ((-79.351033 36.115597, -79.366336 36.136515, -79.539371 36.116549, -79.550357 36.0544, -79.435001 36.05884, -79.380895 36.073803, -79.384533 36.068709, -79.348391 36.018092, -79.276106 36.018092, -79.239963 36.068709, -79.276106 36.119293, -79.348391 36.119293, -79.351033 36.115597))",true,null
89,"Burlington, NC",4918,NC: Sedalia,"POLYGON ((-79.541464 36.054742, -79.550357 36.0544, -79.546076 36.078623, -79.571384 36.114042, -79.643669 36.114042, -79.679811 36.063454, -79.643669 36.012834, -79.571384 36.012834, -79.541464 36.054742))",false,null
977,"Burnet, TX",4554,TX: Burnet,"POLYGON ((-98.2455297 30.7805251, -98.2602926 30.7305163, -98.2335134 30.7139886, -98.1971212 30.7468937, -98.2142873 30.7850968, -98.2455297 30.7805251))",true,null
477,"Butler, PA",3920,PA: Butler,"POLYGON ((-79.9352393 40.9277866, -80.0457893 40.8307026, -79.9064002 40.7860065, -79.7718177 40.8748494, -79.9201331 40.9506093, -79.9352393 40.9277866))",true,null
845,"Cadillac, MI",4412,MI: Cadillac,"POLYGON ((-85.471548 44.3474177, -85.4605617 44.2156739, -85.287527 44.2117367, -85.3314723 44.3572375, -85.471548 44.3474177))",true,null
525,"Calcutta, OH",3966,OH: Calcutta,"POLYGON ((-80.6712206 40.7267322, -80.6094225 40.5886939, -80.5208452 40.587651, -80.5201586 40.7267322, -80.6712206 40.7267322))",true,null
971,"Caldwell, TX",4548,TX: Caldwell,"POLYGON ((-96.7081114 30.5491287, -96.7213293 30.5370056, -96.721501 30.5173393, -96.688542 30.5152689, -96.6688009 30.5393712, -96.7081114 30.5491287))",true,null
814,"Calexico, CA",4375,CA: Calexico,"POLYGON ((-115.4005813 32.7805955, -115.3926849 32.6798002, -115.3590392 32.6809561, -115.3676223 32.7843479, -115.4005813 32.7805955))",true,null
826,"Cambridge City, IN",4389,IN: Cambridge City,"POLYGON ((-85.2051108 39.967915, -85.1941245 39.8035285, -85.0677817 39.8014184, -85.1007407 39.9931702, -85.2051108 39.967915))",true,null
892,"Cambridge, OH",4461,OH: Cambridge,"POLYGON ((-81.6343544 40.0581903, -81.6288612 39.9845732, -81.3926552 40.0182366, -81.410508 40.0844628, -81.6343544 40.0581903))",true,null
1111,"Canaseraga, NY",4691,NY: Canaseraga,"POLYGON ((-77.7935414 42.4782154, -77.794228 42.4523825, -77.7578358 42.4463026, -77.7557759 42.4766961, -77.7935414 42.4782154))",false,null
783,"Canby, OR",4343,OR: Canby,"POLYGON ((-122.77868295211118 45.21548551344119, -122.72682468765561 45.22220662667673, -122.6653712 45.2505997, -122.64292635003703 45.26641144303243, -122.6694911 45.2815291, -122.74176236728324 45.27069783937641, -122.77868295211118 45.21548551344119))",true,null
1142,"Canton, NY",4722,NY: Canton,"POLYGON ((-75.2032625 44.6099209, -75.1757967 44.5737365, -75.1304781 44.5932985, -75.1565706 44.630448, -75.2032625 44.6099209))",false,null
693,"Canton, TX",4181,TX: Canton,"POLYGON ((-95.8775746 32.5279015, -95.8430707 32.5394793, -95.8404958 32.5591583, -95.851029309036392 32.592896436067491, -95.8962857 32.5736254, -95.8973157 32.5488853, -95.8928525 32.5370192, -95.8775746 32.5279015))",true,null
916,"Carbondale, CO",4491,CO: Carbondale,"POLYGON ((-107.2367999 39.4275252, -107.23268 39.3882657, -107.0081469 39.351639, -107.0033404 39.398348, -107.2367999 39.4275252))",true,null
860,"Carleton, MI",4427,MI: Carleton,"POLYGON ((-83.4137732 42.0794862, -83.4055335 42.0438015, -83.3437354 42.0427816, -83.3547217 42.0937545, -83.4137732 42.0794862))",true,null
263,"Carlsbad, CA",4204,CA: Carlsbad,"POLYGON ((-117.416331 33.243439, -117.276277 32.964812, -117.076292 32.971678, -117.0153301 33.1411583, -117.1828716 33.1997832, -117.2831218 33.3008477, -117.416331 33.243439))",true,null
122,"Carlsbad, NM",2933,NM: Carlsbad,"POLYGON ((-104.27825674718507 32.43684767649448, -104.2665546 32.4129836, -104.261625967113 32.399935155422604, -104.24821892460518 32.394194007539, -104.23807341019065 32.39104932210411, -104.21464020885584 32.391658610059686, -104.19797159774897 32.408407536963075, -104.2083846866058 32.42373887867771, -104.2193478 32.4273294, -104.2200344 32.4387753, -104.21632478440324 32.46027830682795, -104.25422120954293 32.45964239693986, -104.27360152437097 32.4478480109989, -104.27825674718507 32.43684767649448))",true,null
880,"Carroll, OH",4449,OH: Carroll,"POLYGON ((-82.721207 39.8102212, -82.7006076 39.7875367, -82.6841281 39.7946594, -82.708504 39.8176052, -82.721207 39.8102212))",true,null
829,"Carrollton, KY",4393,KY: Carrollton,"POLYGON ((-85.1907968 38.6845391, -85.1853036 38.6673852, -85.1447915 38.6748905, -85.1568078 38.687219, -85.1907968 38.6845391))",true,null
896,"Carrollton, OH",4465,OH: Carrollton,"POLYGON ((-81.1045891 40.6192325, -81.1444146 40.5712649, -81.0798699 40.5430939, -81.0290581 40.5858673, -81.1045891 40.6192325))",true,null
740,"Carson City, NV",4246,NV: Carson City,"POLYGON ((-119.8041863 39.2202397, -119.8831506 39.1372051, -119.7190423 39.1057754, -119.6441979 39.1973618, -119.7595544 39.2388558, -119.8041863 39.2202397))",true,null
694,"Carthage, TX",4183,TX: Carthage,"POLYGON ((-94.3622 32.1257813, -94.2925054 32.1377014, -94.3098432 32.1901606, -94.3850309 32.177085, -94.3673498 32.124909, -94.3622 32.1257813))",true,null
274,"Casa Grande, AZ",4276,AZ: Casa Grande,"POLYGON ((-112.21924781128195 32.972180674177324, -111.9116306 32.871891, -111.6232395 32.7911157, -111.5957737 32.982549, -111.76125527450533 33.16552149715751, -112.2013950341003 33.20804538063469, -112.21924781128195 32.972180674177324))",true,null
1130,"Cato, NY",4710,NY: Cato,"POLYGON ((-76.588908 43.1816986, -76.5868481 43.1511487, -76.4941509 43.1536534, -76.4989574 43.1892086, -76.588908 43.1816986))",false,null
161,"Cedar Rapids, IA",4071,IA: Cedar Rapids,"POLYGON ((-91.690302 42.091071, -91.8331243 42.0135727, -91.7177679 41.9114572, -91.5639593 41.944152, -91.487055 42.054373, -91.690302 42.091071))",true,null
695,"Center, TX",4184,TX: Center,"POLYGON ((-94.2007235 31.7689328, -94.1389254 31.7864443, -94.1622713 31.8261247, -94.2220095 31.8138722, -94.2007235 31.7689328))",true,null
500,"Central Garage, VA",3943,VA: Central Garage,"POLYGON ((-77.1438888 37.7780193, -77.192469 37.7405623, -77.1277526 37.6987401, -77.0716194 37.7292944, -77.0642379 37.7625503, -77.125006 37.785617, -77.1438888 37.7780193))",true,null
431,"Centreville, MD",3867,MD: Centreville,"POLYGON ((-76.0621793 39.0747862, -76.1109311 39.0147916, -76.0450131 38.996383, -76.0062177 39.072654, -76.0621793 39.0747862))",true,null
599,"Champaign, IL",4800,IL: Champaign / Urbana,"POLYGON ((-88.324615485921854 40.170700042609063, -88.335414334069213 40.052782142153809, -88.151833915564112 40.050485992399736, -88.156033467621427 40.172075308839474, -88.324615485921854 40.170700042609063))",true,null
900,"Chapmanville, WV",4469,WV: Chapmanville,"POLYGON ((-82.0393545 37.9935585, -82.0469076 37.9632489, -81.9906027 37.9556695, -81.9816763 37.9886882, -82.0393545 37.9935585))",true,null
93,"Charleston, SC",4842,SC: Moncks Corner,"POLYGON ((-80.022366 33.153127, -79.950081 33.153127, -79.913939 33.205521, -79.950081 33.257884, -80.022366 33.257884, -80.058509 33.205521, -80.022366 33.153127))",true,null
93,"Charleston, SC",3439,SC: North Charleston,"POLYGON ((-80.02630083598795 32.839060793914705, -80.0417670447027 32.84383639026947, -80.06208103759808 32.83862149496563, -80.07397109579918 32.85592306864749, -80.11916797407098 32.85592306864749, -80.13922522563031 32.88510132, -80.1155010122795 32.919601678651794, -80.13567389999999 32.9284847, -80.003838 32.9740035, -80.0012890994965 32.9454609301672, -79.9718985266073 32.9084319515582, -79.9630781 32.840284, -79.9723478 32.8373994, -79.9912305 32.8443223, -80.00659544644735 32.83513669887878, -80.00908356345876 32.83364942745578, -80.020413 32.8391302, -80.02349143429375 32.84314912111903, -80.02630083598795 32.839060793914705))",true,null
93,"Charleston, SC",4016,SC: South Charleston,"POLYGON ((-80.006517 32.835044, -80.009071 32.833518, -80.009076 32.833515, -80.009087 32.83352, -80.009684 32.833809, -80.03213 32.84074, -80.041771 32.843717, -80.062144 32.838487, -80.064323 32.841657, -80.074049 32.85581, -80.146334 32.85581, -80.182476 32.803207, -80.146334 32.750574, -80.074049 32.750574, -80.052577 32.781847, -79.998512 32.770999, -80.006752 32.739239, -79.984779 32.717867, -79.969673 32.689554, -79.94358 32.7144, -79.930877 32.728553, -79.925728 32.739239, -79.924354 32.749635, -79.926414 32.759451, -79.924698 32.774175, -79.9053 32.783267, -79.883928 32.787236, -79.858136 32.770747, -79.786793 32.843797, -79.780807 32.835085, -79.708523 32.835085, -79.67238 32.887669, -79.708523 32.940221, -79.774537 32.940221, -79.787491 32.95905, -79.859776 32.95905, -79.895919 32.906509, -79.868315 32.86636, -79.873317 32.864215, -79.89468 32.85773, -79.885449 32.838912, -79.907612 32.81623, -79.927621 32.81412, -79.959597 32.840761, -79.969814 32.838067, -79.972352 32.837277, -79.976492 32.838795, -79.990734 32.843594, -80.006517 32.835044))",true,null
93,"Charleston, SC",4919,SC: Strawberry,"POLYGON ((-80.067832 33.140108, -80.103975 33.087675, -80.092202 33.070589, -80.087609 33.073602, -80.04023 33.039648, -80.037769 33.03521, -79.995547 33.03521, -79.959405 33.087675, -79.995547 33.140108, -80.067832 33.140108))",false,null
93,"Charleston, SC",3438,SC: Summerville,"POLYGON ((-80.114721 33.116088, -80.187006 33.116088, -80.19716 33.101356, -80.202258 33.108752, -80.274542 33.108752, -80.310685 33.0563, -80.274542 33.003817, -80.249071 33.003817, -80.273545 32.96826, -80.237402 32.915724, -80.165118 32.915724, -80.150893 32.936404, -80.135815 32.928558, -80.003895 32.974106, -80.037707 33.035097, -80.037855 33.035097, -80.038089 33.03552, -80.04034 33.039578, -80.087613 33.073456, -80.092241 33.07042, -80.098213 33.079088, -80.09915 33.080447, -80.100098 33.081823, -80.104131 33.087675, -80.10336 33.088794, -80.103065 33.089222, -80.099635 33.094199, -80.114721 33.116088))",true,null
84,"Charleston, WV",3839,WV: Charleston,"POLYGON ((-81.58052321718142 38.37601594417189, -81.55602826218487 38.37601594417189, -81.51988580436971 38.32692337, -81.55602826218487 38.27779752116236, -81.62831317781514 38.27779752116236, -81.65060255418081 38.30809780264828, -81.8943307 38.35882, -81.86686489999998 38.4599733, -81.6114328 38.3975763, -81.5647409 38.4018813, -81.58052321718142 38.37601594417189))",true,null
409,"Charletsville, VA",3843,VA: Charletsville,"POLYGON ((-78.4170313 38.2868546, -78.609294 38.010921, -78.5598548 37.9676274, -78.4005506 38.036885, -78.3562262 38.1479113, -78.2760671 38.261653, -78.4170313 38.2868546))",true,null
855,"Charlotte, MI",4422,MI: Charlotte,"POLYGON ((-84.8318406 42.6003101, -84.8702927 42.5719993, -84.8490067 42.532039, -84.8201676 42.5360868, -84.8112412 42.5583449, -84.7803421 42.5674482, -84.7851487 42.5881785, -84.8318406 42.6003101))",true,null
175,"Charlotte, NC",3463,NC: Concord,"POLYGON ((-80.642609 35.465738, -80.692304 35.42028, -80.736541 35.44002, -80.776962 35.392902, -80.757629 35.366745, -80.699342 35.322857, -80.699289 35.322825, -80.699261 35.322809, -80.682161 35.312549, -80.676576 35.313038, -80.655377 35.314897, -80.627044 35.329312, -80.544762 35.371163, -80.552375 35.41443, -80.555997 35.448762, -80.532852 35.448762, -80.49671 35.499742, -80.532852 35.550691, -80.605137 35.550691, -80.613401 35.539045, -80.633697 35.567645, -80.705981 35.567645, -80.742124 35.516708, -80.705981 35.465738, -80.642609 35.465738))",true,null
175,"Charlotte, NC",3465,NC: Downtown Charlotte,"POLYGON ((-80.981731 35.239166, -80.975818 35.192816, -80.943477 35.197043, -80.884514 35.205155, -80.822288 35.168341, -80.822287 35.168281, -80.781263 35.1674, -80.780991 35.176856, -80.779211 35.176892, -80.779155 35.176813, -80.766241 35.177133, -80.762604 35.177223, -80.762603 35.177233, -80.762422 35.189648, -80.727422 35.189523, -80.70558 35.209688, -80.690671 35.215249, -80.670629 35.227824, -80.674198 35.232874, -80.703719 35.232874, -80.718829 35.254249, -80.726838 35.254249, -80.72675 35.257755, -80.769618 35.258694, -80.898726 35.261522, -80.970713 35.255517, -80.981731 35.239166))",true,null
175,"Charlotte, NC",3462,NC: Huntersville,"POLYGON ((-80.92097 35.499303, -80.88892 35.454097, -80.909362 35.429499, -80.873764 35.3601, -80.855997 35.367239, -80.820807 35.366854, -80.820827 35.366966, -80.835008 35.448322, -80.812542 35.448322, -80.7764 35.499303, -80.812542 35.550251, -80.884827 35.550251, -80.92097 35.499303))",true,null
175,"Charlotte, NC",3467,NC: Matthews,"POLYGON ((-80.62765871901624 35.228713701077325, -80.6460921407533 35.24307751802374, -80.69060131612417 35.21515451882726, -80.7054978836178 35.20959774524033, -80.72736124267868 35.18941226420048, -80.76228884124181 35.1895373951326, -80.76247037972632 35.177116003810454, -80.78072068823495 35.176663934493085, -80.7810785907762 35.167269150834386, -80.82210904978669 35.1680309120581, -80.82103666493862 35.14423333898677, -80.82158897988224 35.120770550884, -80.78899454011156 35.121005455707795, -80.76395986207206 35.121256341389554, -80.7404742015154 35.12114134907492, -80.74149630121774 35.112893226447625, -80.71334365030758 35.11255446783904, -80.70827085328496 35.05236802617846, -80.6505627469298 35.042924133440955, -80.61735067128078 35.054714187273504, -80.61734374852452 35.0547167705062, -80.61733750372576 35.054718664843804, -80.61733144061927 35.05472059275608, -80.61732556590931 35.05472332399273, -80.61732581356917 35.05473253050771, -80.61778837197502 35.11062450612742, -80.61511265884351 35.139282587967934, -80.60970440822771 35.21851663908901, -80.62765871901624 35.228713701077325))",true,null
175,"Charlotte, NC",4883,NC: Monroe,"POLYGON ((-80.599435 34.957671, -80.52715 34.957671, -80.491007 35.008961, -80.52715 35.060218, -80.534437 35.060218, -80.541834 35.070705, -80.614119 35.070705, -80.617419 35.066026, -80.617326 35.054733, -80.617326 35.054723, -80.617331 35.054721, -80.617338 35.054719, -80.617344 35.054717, -80.617351 35.054714, -80.628086 35.050904, -80.650261 35.019454, -80.614119 34.968171, -80.606832 34.968171, -80.599435 34.957671))",false,null
175,"Charlotte, NC",3466,NC: Montclaire South,"POLYGON ((-81.0022909 35.1262372, -81.0024626 35.0849493, -80.9696753 35.0852302, -80.96022776680638 35.08536387366155, -80.95038549352299 35.08524673909016, -80.89348088475114 35.06959747169259, -80.8933153 35.1005037, -80.8217032 35.1003996, -80.8218766 35.1206835, -80.8224218 35.1682839, -80.8845477 35.2050385, -80.97585507879056 35.19247665984301, -80.9751684 35.1349415, -80.9878714 35.1349415, -80.9878714 35.1262372, -81.0022909 35.1262372))",true,null
175,"Charlotte, NC",4775,NC: Mt Holly,"POLYGON ((-80.87540326938502 35.3598019516063, -80.98726406943538 35.33156030696724, -81.05784290756239 35.30711245457421, -80.97076816227742 35.255675161446476, -80.8990557219262 35.26195626617947, -80.89929399192746 35.29749699742428, -80.89065623108122 35.297484945458905, -80.89079738295281 35.30981057329043, -80.88215188247509 35.30988273076331, -80.88289301941319 35.33313096500141, -80.87411172728878 35.33343853995172, -80.87395905697443 35.35997020908837, -80.87540326938502 35.3598019516063))",true,null
175,"Charlotte, NC",3464,NC: North Charlotte,"POLYGON ((-80.77707 35.392835, -80.820682 35.366916, -80.820652 35.366742, -80.855966 35.367129, -80.873764 35.359977, -80.873891 35.333223, -80.882536 35.332953, -80.882118 35.313037, -80.882014 35.309774, -80.890661 35.309702, -80.89052 35.297375, -80.899131 35.297387, -80.898727 35.261632, -80.726747 35.257865, -80.726528 35.265356, -80.703641 35.232984, -80.662404 35.232984, -80.646083 35.243222, -80.632943 35.232984, -80.631356 35.232984, -80.595214 35.284101, -80.627091 35.329159, -80.655332 35.31479, -80.682198 35.312435, -80.699341 35.32272, -80.699428 35.322772, -80.757735 35.366675, -80.77707 35.392835))",true,null
175,"Charlotte, NC",4785,NC: Pineville,"POLYGON ((-80.89344787495952 35.069565343206065, -80.89323038841871 35.100370437120674, -80.82164880864802 35.10036580395501, -80.82173354908873 35.10653987300479, -80.82182521027303 35.12063924719539, -80.7423833737018 35.12085696646289, -80.74187593279211 35.11250282446929, -80.71369340619322 35.11245480605806, -80.70661582789184 34.98284154432152, -80.78418388557898 34.93728919558537, -80.85843314506008 35.0234563515552, -80.87583313985851 35.043437797706126, -80.89337628066359 35.06329719177795, -80.89344787495952 35.069565343206065))",true,null
175,"Charlotte, NC",4804,SC: Fort Mill,"POLYGON ((-80.903061 35.071873, -80.949661 35.084039, -80.963779 35.08504, -80.974212 35.084187, -81.036453 35.046465, -81.015984 35.027325, -81.020293 35.027325, -81.025387 35.020099, -81.030437 35.020099, -81.066579 34.968816, -81.049786 34.944977, -81.05132 34.9428, -81.015177 34.891469, -80.942892 34.891469, -80.910513 34.937457, -80.886105 34.902794, -80.81382 34.902794, -80.7872 34.9406, -80.843041 35.00541, -80.84458 35.00541, -80.903061 35.071873))",true,null
175,"Charlotte, NC",4844,SC: York,"POLYGON ((-81.25175 35.036593, -81.287892 34.98532, -81.25175 34.934016, -81.179465 34.934016, -81.154311 34.969725, -81.127496 34.931657, -81.055211 34.931657, -81.049341 34.939991, -81.05132 34.9428, -81.049786 34.944977, -81.066579 34.968816, -81.03784 35.009597, -81.055211 35.034237, -81.127496 35.034237, -81.15265 34.998556, -81.179465 35.036593, -81.239445 35.036593, -81.239415 35.036485, -81.248214 35.036593, -81.25175 35.036593))",false,null
651,"Chattanooga, TN",4923,GA: Ringgold,"POLYGON ((-85.164201 34.856725, -85.091916 34.856725, -85.055773 34.908078, -85.091916 34.959399, -85.164201 34.959399, -85.200343 34.908078, -85.164201 34.856725))",false,null
651,"Chattanooga, TN",4128,TN: Chattanooga,"POLYGON ((-85.272092 35.237341, -85.242849 35.195961, -85.331046 35.137776, -85.471122 34.99615, -85.155265 34.978149, -84.995963 35.056877, -85.004203 35.17595, -85.133424 35.22534, -85.125151 35.237044, -85.161293 35.288158, -85.163454 35.288158, -85.163665 35.288455, -85.23595 35.288455, -85.272092 35.237341))",true,null
1139,"Chaumont, NY",4719,NY: Chaumont,"POLYGON ((-76.126853 44.0801959, -76.1409292 44.0667529, -76.137496 44.0626825, -76.1309729 44.0645327, -76.1282263 44.0634226, -76.1340628 44.0610788, -76.1241064 44.056021, -76.1174116 44.0623124, -76.1232481 44.0667529, -76.116725 44.0706998, -76.1174116 44.0742764, -76.126853 44.0801959))",false,null
430,"Chestertown, MD",3866,MD: Chestertown,"POLYGON ((-76.1091931 39.227021, -76.0594113 39.1607673, -75.9646542 39.2076037, -76.0350353 39.282849, -76.1263592 39.2424446, -76.1091931 39.227021))",true,null
29,"Cheyenne, WY",4273,WY: Cheyenne,"POLYGON ((-104.9747572 41.2052339, -104.9637708 41.0148487, -104.5792494 41.027282, -104.6781263 41.2052339, -104.9747572 41.2052339))",true,null
173,"Chicago, IL",3769,IL: Aurora,"POLYGON ((-88.252713 41.747464, -88.252713 41.764219, -88.389124 41.763392, -88.389155 41.723647, -88.391759 41.683476, -88.253822 41.651619, -88.254377 41.677716, -88.253002 41.677729, -88.252575 41.677176, -88.205785 41.677317, -88.20655 41.728845, -88.252128 41.728845, -88.252061 41.748307, -88.252713 41.747464))",true,null
173,"Chicago, IL",3280,IL: Buffalo Grove,"POLYGON ((-87.8876327 42.1234025, -87.8876327 42.1447889, -87.8738998 42.1549703, -87.8738998 42.1793992, -87.8993057 42.222127, -88.0029892 42.22111, -88.0029892 42.1234025, -87.8876327 42.1234025))",true,null
173,"Chicago, IL",3284,IL: Carol Stream,"POLYGON ((-88.002088 41.9668687, -88.1354689 42.0037204, -88.2685194238935 42.00335498122205, -88.26808293882733 41.99442985493444, -88.2680137221269 41.98835958474265, -88.26879556481343 41.984440983402884, -88.26987411658152 41.98156915070896, -88.2679661647217 41.9771010708335, -88.26196736434626 41.96697207206688, -88.27293045363227 41.944881657183686, -88.27895313656886 41.93685187245926, -88.28180427176446 41.930008544368974, -88.2838564645282 41.9263808783916, -88.28542620124908 41.922765551439284, -88.28930373017867 41.91837202678094, -88.28855183811322 41.90264094863872, -88.24996740645534 41.902778024795815, -88.2121831016444 41.902856795051534, -88.0379652 41.9032501, -88.0381369 41.9483345, -88.002088 41.9668687))",true,null
173,"Chicago, IL",3296,IL: Chicago Heights,"POLYGON ((-87.5238199 41.4655953, -87.57069731298294 41.46557699238302, -87.56031396436968 41.45209885, -87.59645642218484 41.405162162952024, -87.66874133781515 41.405162162952024, -87.68079302494382 41.420816952142125, -87.68975628218485 41.4091743025936, -87.76204119781514 41.4091743025936, -87.79818365563031 41.45610809, -87.79142500582074 41.46488095521746, -87.7403040158428 41.465411143681266, -87.74030599306982 41.465481275401174, -87.74030682412358 41.46551075263575, -87.7428788914802 41.55667702102356, -87.63671069959126 41.55710428017377, -87.5371466693415 41.531922432022434, -87.52523435918026 41.53202883866868, -87.52523395212549 41.53202884260566, -87.5238199 41.4655953))",true,null
173,"Chicago, IL",3288,IL: Cicero,"POLYGON ((-87.7339472 41.836952, -87.7352598 41.8747222, -87.9204573 41.8719923, -87.9184517 41.8255782, -87.9171099 41.7613211, -87.89292429921113 41.72758687087882, -87.8537668 41.7617052, -87.8256143 41.7883333, -87.7424444 41.7898052, -87.7226175 41.7901251, -87.7236475 41.836952, -87.7339472 41.836952))",true,null
173,"Chicago, IL",4943,IL: Crystal Lake,"POLYGON ((-88.374917 42.222859, -88.316664 42.222859, -88.306848 42.222859, -88.305853 42.221584, -88.300074 42.221584, -88.263931 42.175208, -88.278098 42.157021, -88.241075 42.157021, -88.262085 42.183991, -88.225942 42.230361, -88.208265 42.230361, -88.21172 42.234792, -88.171762 42.234792, -88.136897 42.279487, -88.201275 42.279487, -88.237418 42.325786, -88.23614 42.327422, -88.244046 42.327422, -88.277991 42.28394, -88.286508 42.294852, -88.358792 42.294852, -88.394935 42.24853, -88.374917 42.222859))",true,null
173,"Chicago, IL",3274,IL: Downtown Chicago,"POLYGON ((-87.6566687 41.8962626, -87.6474204 41.8963744, -87.6473131 41.8923174, -87.6401892 41.8923813, -87.6396742 41.8755754, -87.6159849 41.875831, -87.6159849 41.8819021, -87.6124658 41.8827967, -87.6125517 41.8887393, -87.6074877 41.8887393, -87.6074877 41.8907201, -87.5973596 41.8907201, -87.6019945 41.8970453, -87.6160707 41.8967258, -87.619504 41.90222, -87.6219072 41.9031143, -87.6238031 41.9108758, -87.6574487 41.9106203, -87.6566687 41.8962626))",true,null
173,"Chicago, IL",4801,IL: Elgin / South Elgin,"POLYGON ((-88.24132517468013 42.01358264803088, -88.26915698062798 42.01338455259616, -88.26874761169205 42.00581928291315, -88.2686560995159 42.0033684216621, -88.26863662645508 42.002994436533626, -88.26823890074468 41.99486185542853, -88.26819566364797 41.992498133524386, -88.26814855366352 41.98836654885783, -88.26892761711271 41.98446187793045, -88.27001470588512 41.98156731440285, -88.26809240517379 41.97706563078191, -88.26211263713813 41.9669687651269, -88.27305323549852 41.94492367572167, -88.27907767295348 41.93689155691907, -88.28193102613899 41.93004290915892, -88.2839829068602 41.92641579674932, -88.28554882733526 41.92280926137636, -88.28942277089928 41.91841980234668, -88.2894624600381 41.91841409486467, -88.29402541733741 41.9177579170651, -88.30078657772448 41.9167856134345, -88.3084946230739 41.9142521063693, -88.31133967791753 41.913804594950825, -88.31985121998738 41.912465757643, -88.33344877221559 41.91239604951079, -88.33612849112981 41.91245629966885, -88.33786695904749 41.91249538693581, -88.3472815613582 41.91275553214949, -88.35629020438607 41.9134970674516, -88.36279249881399 41.91403229041731, -88.3788851483039 41.930700214786896, -88.40478975362579 42.008772094504394, -88.3791414248759 42.0441141146005, -88.34716958993374 42.083589274671844, -88.35908148563031 42.09889984, -88.32293902781515 42.14533174637942, -88.25065411218485 42.14533174637942, -88.2145116543697 42.09889984, -88.22342255651277 42.087446851772995, -88.22404508660897 42.08744590101837, -88.23746230972047 42.087630955765626, -88.23776358284368 42.084466464483185, -88.23787436795877 42.079375303477356, -88.23788135432117 42.07773883017838, -88.23793069863365 42.06617930317646, -88.2377809881663 42.046519365980835, -88.23746596752972 42.02581468811786, -88.2373684767048 42.0136219990027, -88.24132517468013 42.01358264803088))",true,null
173,"Chicago, IL",3287,IL: Elmhurst,"POLYGON ((-88.0356106 41.8237234, -87.9184517 41.8255782, -87.9204573 41.8719923, -87.9215788 41.9532741, -87.9399466 41.9604866, -87.9804587 41.959976, -88.002088 41.9668687, -88.0381369 41.9483345, -88.0379652 41.9032501, -88.0356106 41.8237234))",true,null
173,"Chicago, IL",3271,IL: Evanston,"POLYGON ((-87.719695 42.0556975, -87.71918 42.0036735, -87.7001256 42.0038011, -87.7002973 42.0104339, -87.6603002 42.0109441, -87.6675099 42.0290533, -87.6678533 42.0392533, -87.6705998 42.0458825, -87.6702565 42.0596485, -87.6808995 42.077489, -87.719695 42.0556975))",true,null
173,"Chicago, IL",4893,IL: Fox Lake,"POLYGON ((-88.220878 42.443513, -88.25702 42.3973, -88.220878 42.351054, -88.217682 42.351054, -88.237418 42.325786, -88.201275 42.279487, -88.128991 42.279487, -88.092848 42.325786, -88.097958 42.332329, -88.065998 42.332329, -88.029855 42.37859, -88.065998 42.424816, -88.133967 42.424816, -88.148593 42.443513, -88.220878 42.443513))",true,null
173,"Chicago, IL",3297,IL: Frankfort,"POLYGON ((-87.7431891 41.5741808, -87.8976843 41.5731535, -87.9478094 41.5397553, -87.9450628 41.4633885, -87.7404416 41.4655107, -87.7430165 41.5567773, -87.7431891 41.5741808))",true,null
173,"Chicago, IL",3290,IL: Gage Park,"POLYGON ((-87.7418436 41.7634979, -87.6920618 41.7209737, -87.663566 41.7209737, -87.664596 41.8089368, -87.6463999 41.8089368, -87.6465546 41.8357578, -87.6853501 41.8356299, -87.68638 41.8755217, -87.7352598 41.8747222, -87.7339472 41.836952, -87.7236475 41.836952, -87.7226175 41.7901251, -87.7424444 41.7898052, -87.7418436 41.7634979))",true,null
173,"Chicago, IL",3301,IL: Geneva,"POLYGON ((-88.389259 41.763491, -88.389275 41.742675, -88.412405 41.742675, -88.448547 41.789367, -88.412405 41.836025, -88.35512578570292 41.836025, -88.346611445607 41.847011609860964, -88.347704 41.847789, -88.362196 41.863211, -88.36279599638758 41.913931694746104, -88.35630501886233 41.913397402469734, -88.347291 41.912655, -88.337871 41.912395, -88.33613254404405 41.912356070559, -88.33345034328822 41.91229576450435, -88.31983667558879 41.912365555362456, -88.31131181140216 41.913706490278095, -88.308453 41.914156, -88.300746 41.916689, -88.29399984081635 41.917659473691415, -88.28943598953475 41.918315781062, -88.288682 41.90254, -88.27224656284722 41.90259858431454, -88.2499668961572 41.90267773578501, -88.22949219450064 41.902720420188956, -88.21231914192347 41.90275599970595, -88.2106060697808 41.808845999290796, -88.22454184643296 41.808704366303985, -88.25212752095362 41.80842447709731, -88.25200614764553 41.76442122463615, -88.25200614841415 41.76442099953269, -88.26604566538795 41.76437679394812, -88.26615307475089 41.764238029511155, -88.32370289797448 41.7638891316043, -88.32370289797448 41.763889131604294, -88.38925866953191 41.763491695031576, -88.38925867007262 41.76349100200305, -88.389259 41.763491))",true,null
173,"Chicago, IL",4857,IL: Huntley,"POLYGON ((-88.387931 42.228253, -88.460215 42.228253, -88.486801 42.194147, -88.54621 42.194147, -88.582353 42.147751, -88.54621 42.101321, -88.473926 42.101321, -88.44734 42.135477, -88.387931 42.135477, -88.385635 42.138427, -88.379132 42.130075, -88.373353 42.130075, -88.372358 42.128798, -88.335967 42.128798, -88.323017 42.145432, -88.287123 42.145432, -88.263931 42.175208, -88.300074 42.221584, -88.305853 42.221584, -88.306848 42.222859, -88.379132 42.222859, -88.381429 42.219913, -88.387931 42.228253))",true,null
173,"Chicago, IL",3298,IL: Joliet,"POLYGON ((-88.029539 41.66732, -88.046276 41.693344, -88.048412 41.696438, -88.083994 41.677485, -88.205777 41.67681, -88.205783 41.677216, -88.230535 41.677142, -88.253296 41.677073, -88.252953 41.650912, -88.272866 41.650912, -88.26803 41.50124, -88.307016 41.50124, -88.343159 41.454339, -88.307016 41.407404, -88.234732 41.407404, -88.1805646 41.4314339, -88.173658 41.4610528, -88.1063 41.51822, -88.079002 41.482809, -88.05086 41.482809, -88.055199 41.462341, -87.945198 41.463387, -87.947943 41.539719, -88.009241 41.598045, -88.010955 41.641097, -88.028464 41.640841, -88.029618 41.667299, -88.029539 41.66732))",true,null
173,"Chicago, IL",3281,IL: Lake Zurich,"POLYGON ((-88.141348 42.10989, -88.141348 42.087572, -88.029908 42.087319, -88.029222 42.087318, -88.029563 42.093636, -88.002782 42.108157, -88.003124 42.123402, -88.003124 42.152179, -88.003318 42.193619, -88.003124 42.193868, -88.003124 42.202326, -88.035971 42.244456, -88.108255 42.244456, -88.118233 42.231662, -88.168814 42.231518, -88.168806 42.230361, -88.225942 42.230361, -88.262085 42.183991, -88.225942 42.137587, -88.168191 42.137587, -88.168127 42.12797, -88.141348 42.10989))",true,null
173,"Chicago, IL",3273,IL: Lincoln Park,"POLYGON ((-87.6574487 41.9106203, -87.6238031 41.9108758, -87.6327294 41.9420386, -87.6398573 41.954615, -87.718564 41.9540405, -87.6574487 41.9106203))",true,null
173,"Chicago, IL",3277,IL: Logan Square,"POLYGON ((-87.7191236 41.9753651, -87.7709654 41.9751098, -87.7695921 41.9089688, -87.7362898 41.9089688, -87.7352598 41.8747222, -87.68638 41.8755217, -87.6868092 41.8906025, -87.667154 41.8907942, -87.6673256 41.8960971, -87.6566687 41.8962626, -87.6574487 41.9106203, -87.718564 41.9540405, -87.7191236 41.9753651))",true,null
173,"Chicago, IL",4858,IL: Morris,"POLYGON ((-88.38483 41.345251, -88.348687 41.392231, -88.38483 41.439177, -88.457115 41.439177, -88.493257 41.392231, -88.457115 41.345251, -88.38483 41.345251))",false,null
173,"Chicago, IL",3282,IL: Mt. Prospect,"POLYGON ((-88.0290803 42.0363647, -88.0027747 42.0298895, -88.002088 41.9668687, -87.9804587 41.959976, -87.9399466 41.9604866, -87.9418763 42.0079267, -87.9075441 42.008692, -87.9077586 42.0229443, -87.8951845 42.0232312, -87.8955278 42.0308821, -87.8685783 42.0412269, -87.8684066 42.1096502, -87.8876327 42.1234025, -88.0029892 42.1234025, -88.0026458 42.1081066, -88.029425 42.0935868, -88.0290817 42.0872174, -88.0290803 42.0363647))",true,null
173,"Chicago, IL",3299,IL: Naperville,"POLYGON ((-88.2519925 41.8083254, -88.2518714 41.7644212, -88.2519925 41.7289455, -88.2064164 41.7289455, -88.205644 41.6769113, -88.084038 41.6775857, -88.0483634 41.6965879, -88.053552 41.8101167, -88.2104695 41.8087467, -88.2519925 41.8083254))",true,null
173,"Chicago, IL",3276,IL: Near West Side,"POLYGON ((-87.6853501 41.8356299, -87.6465546 41.8357578, -87.64633033589324 41.831592295209326, -87.60057716362252 41.83155653194282, -87.6089607 41.8480348, -87.6056992 41.8523823, -87.6050125 41.8672129, -87.6158272 41.8690026, -87.6159849 41.875831, -87.6396742 41.8755754, -87.68638 41.8755217, -87.6853501 41.8356299))",true,null
173,"Chicago, IL",3285,IL: Norridge,"POLYGON ((-87.7694204 41.9089688, -87.7707937 41.9751098, -87.771046 41.9969253, -87.7985118 41.9969253, -87.7998851 42.041306, -87.8684067 42.0412269, -87.8953561 42.0308821, -87.8950128 42.0232312, -87.9075869 42.0229443, -87.9073724 42.008692, -87.8945889 42.0086397, -87.8946748 41.9977331, -87.8844609 41.9978607, -87.8844609 41.9901739, -87.879826 41.9902058, -87.8791394 41.9672357, -87.9033437 41.9460448, -87.7694204 41.9089688))",true,null
173,"Chicago, IL",3279,IL: Northbrook,"POLYGON ((-87.8000568 42.041306, -87.7684711 42.041561, -87.7688144 42.0650141, -87.727959 42.0650141, -87.727959 42.0555829, -87.719695 42.0556975, -87.6808995 42.077489, -87.7194046 42.1050655, -87.7647232 42.1641323, -87.803862 42.2216185, -87.8993057 42.222127, -87.8738998 42.1793992, -87.8738998 42.1549703, -87.8876327 42.1447889, -87.8876327 42.1234025, -87.8684066 42.1096502, -87.8685783 42.0412269, -87.8000568 42.041306))",true,null
173,"Chicago, IL",3291,IL: Oak Lawn,"POLYGON ((-87.6621475 41.6625433, -87.663566 41.7209737, -87.6920618 41.7209737, -87.7418436 41.7634979, -87.7424444 41.7898052, -87.8256143 41.7883333, -87.8537668 41.7617052, -87.88013794212458 41.738028098255135, -87.87414737811658 41.73065855583731, -87.8535739833588 41.73114755699053, -87.8521767 41.6851103, -87.78316881862618 41.62559861559684, -87.66257676293571 41.63047445248489, -87.6621475 41.6625433))",true,null
173,"Chicago, IL",3286,IL: Oak Park,"POLYGON ((-87.9204573 41.8719923, -87.7352598 41.8747222, -87.7362898 41.9089688, -87.7695921 41.9089688, -87.9033437 41.9460448, -87.9215788 41.9532741, -87.9204573 41.8719923))",true,null
173,"Chicago, IL",3373,IL: Orland Park,"POLYGON ((-88.0283338 41.6409435, -88.0108243 41.6412001, -88.0091077 41.5980816, -87.9478094 41.5397553, -87.8976843 41.5731535, -87.7431891 41.5741808, -87.7430165 41.5567773, -87.6366889 41.5572052, -87.6387489 41.6308952, -87.6623991 41.6306309, -87.6621475 41.6625433, -87.6642817111715 41.63094937107363, -87.78426356293026 41.62599477207712, -87.8521767 41.6851103, -87.9472548 41.6890251, -88.0294806 41.667229, -88.0283338 41.6409435))",true,null
173,"Chicago, IL",3283,IL: Schaumburg,"POLYGON ((-88.002088 41.9668687, -88.0027747 42.0298895, -88.0290803 42.0363647, -88.0290817 42.0872174, -88.1413482 42.0874722, -88.2240462 42.0873459, -88.23733691336021 42.08752921017472, -88.23762891230793 42.08446212975585, -88.23773962411371 42.07937433748525, -88.237795950134 42.06617942748223, -88.23764624517821 42.04652021421121, -88.23714407981043 42.01351228730249, -88.26901676048085 42.01328543026856, -88.2685194238935 42.004094358312145, -88.1354689 42.0037204, -88.002088 41.9668687))",true,null
173,"Chicago, IL",3278,IL: Skokie,"POLYGON ((-87.7712177 41.9969253, -87.7709654 41.9751098, -87.7191236 41.9753651, -87.71918 42.0036735, -87.719695 42.0556975, -87.727959 42.0555829, -87.727959 42.0650141, -87.7688144 42.0650141, -87.7684711 42.041561, -87.8000568 42.041306, -87.7986835 41.9969253, -87.7712177 41.9969253))",true,null
173,"Chicago, IL",3289,IL: South Chicago,"POLYGON ((-87.6463999 41.8089368, -87.664596 41.8089368, -87.663566 41.7209737, -87.5238336 41.7217425, -87.5238336 41.7314793, -87.5274385 41.7339133, -87.5296701 41.7481309, -87.5416864 41.7541501, -87.5387682 41.7574796, -87.5452913 41.7619613, -87.5483812 41.7604248, -87.5686373 41.778093, -87.577392 41.7919169, -87.5797953 41.8058659, -87.5938715 41.8222424, -87.59849071364117 41.82762897975697, -87.60072690726173 41.831555663668446, -87.64609520931415 41.831299797587555, -87.64635483866257 41.822659703518134, -87.6463999 41.8089368))",true,null
173,"Chicago, IL",3272,IL: Uptown,"POLYGON ((-87.718564 41.9540405, -87.6398573 41.954615, -87.6292143 41.9632953, -87.6311025 41.9677626, -87.6438055 41.9703153, -87.6460371 41.9778449, -87.6492986 41.9810352, -87.648612 41.9862669, -87.6537618 41.9902222, -87.6532469 41.9986425, -87.6603002 42.0109441, -87.7002973 42.0104339, -87.7001256 42.0038011, -87.71918 42.0036735, -87.718564 41.9540405))",true,null
173,"Chicago, IL",3372,IL: Vernon Hills,"POLYGON ((-87.931837 42.329942, -87.947928 42.309335, -88.001119 42.310853, -88.000776 42.288989, -88.002177 42.280699, -88.005123 42.262754, -88.002712 42.222127, -87.90948 42.222127, -87.903571 42.222185, -87.899306 42.222227, -87.803902 42.221719, -87.826866 42.279217, -87.804714 42.307598, -87.836859 42.34876, -87.819412 42.371089, -87.85512556631984 42.42915565356872, -87.89434696023237 42.42936696636097, -87.90251 42.423914, -87.974794 42.423914, -88.010937 42.377687, -87.974794 42.331426, -87.932996 42.331426, -87.931837 42.329942))",true,null
173,"Chicago, IL",3275,IL: West Loop,"POLYGON ((-87.6673256 41.8960971, -87.667154 41.8907942, -87.6868092 41.8906025, -87.68638 41.8755217, -87.6396742 41.8755754, -87.6401892 41.8923813, -87.6473131 41.8923174, -87.6474204 41.8963744, -87.6566687 41.8962626, -87.6673256 41.8960971))",true,null
173,"Chicago, IL",3300,IL: Wheaton,"POLYGON ((-88.2121861 41.9028501, -88.2104695 41.8087467, -88.053552 41.8101167, -88.0356106 41.8237234, -88.0379652 41.9032501, -88.2121861 41.9028501))",true,null
173,"Chicago, IL",3292,IL: Whiting,"POLYGON ((-87.4759748 41.6827025, -87.5238336 41.7217425, -87.663566 41.7209737, -87.6621475 41.6625433, -87.6623991 41.6306309, -87.4754599 41.6310158, -87.4759748 41.6827025))",true,null
173,"Chicago, IL",3374,IL: Woodridge,"POLYGON ((-88.0483634 41.6965879, -88.03513828438997 41.67741946737829, -88.02880298586226 41.67943047953168, -88.00206845766128 41.686647882367595, -88.00228681041561 41.71551049411587, -87.96552075126044 41.72973002694368, -87.94214709533698 41.70455528798941, -87.89386227649439 41.72797855394591, -87.9171099 41.7613211, -87.9184517 41.8255782, -88.0356106 41.8237234, -88.053552 41.8101167, -88.0483634 41.6965879))",true,null
173,"Chicago, IL",4913,IL: Yorkville,"POLYGON ((-88.382173 41.681263, -88.391759 41.683476, -88.39115 41.692874, -88.404908 41.710666, -88.477193 41.710666, -88.513336 41.663917, -88.477193 41.617134, -88.404908 41.617134, -88.368766 41.663917, -88.382173 41.681263))",true,null
173,"Chicago, IL",4944,IN: Chesterton,"POLYGON ((-86.972395 41.576573, -86.984978 41.592875, -86.966678 41.616576, -87.002821 41.66336, -87.075105 41.66336, -87.111248 41.616576, -87.098665 41.60028, -87.116965 41.576573, -87.080822 41.529726, -87.008538 41.529726, -86.972395 41.576573))",true,null
173,"Chicago, IL",3293,IN: Hammond,"POLYGON ((-87.6387489 41.6308952, -87.6366889 41.5572052, -87.5371253 41.5320235, -87.5252361 41.5321297, -87.3767937 41.5335654, -87.3779802 41.6313694, -87.4759748 41.6827025, -87.4754599 41.6310158, -87.6387489 41.6308952))",true,null
173,"Chicago, IL",3294,IN: Merrillville,"POLYGON ((-87.294377 41.415229, -87.293029 41.416981, -87.294453 41.418831, -87.294546 41.423262, -87.223307 41.423262, -87.187164 41.470186, -87.223307 41.517076, -87.295591 41.517076, -87.296501 41.515896, -87.296881 41.533892, -87.296883 41.533892, -87.314858 41.533796, -87.376792 41.533465, -87.488996 41.532379, -87.525099 41.53203, -87.524056 41.483014, -87.523683 41.465494, -87.566756 41.465478, -87.56861 41.46307, -87.560158 41.452099, -87.580933 41.425124, -87.553242 41.389152, -87.480958 41.389152, -87.444815 41.4361, -87.467293 41.465281, -87.431466 41.465081, -87.431123 41.435488, -87.423425 41.435388, -87.437598 41.416981, -87.401456 41.370019, -87.329171 41.370019, -87.303159 41.403821, -87.294137 41.403821, -87.294377 41.415229))",true,null
173,"Chicago, IL",3295,IN: Portage,"POLYGON ((-87.3121303 41.6256443, -87.3779802 41.6313694, -87.3767937 41.5335654, -87.2968836 41.533993, -87.1198696 41.5339609, -87.1215862 41.6513026, -87.1813243 41.6335995, -87.2558254 41.6228213, -87.3121303 41.6256443))",true,null
173,"Chicago, IL",4945,IN: Winfield,"POLYGON ((-87.294453 41.418831, -87.293029 41.416981, -87.294377 41.415229, -87.294137 41.403821, -87.299013 41.403821, -87.275913 41.373805, -87.203629 41.373805, -87.167486 41.420764, -87.170114 41.424177, -87.120758 41.424177, -87.084615 41.4711, -87.120758 41.517989, -87.193042 41.517989, -87.208527 41.497905, -87.187164 41.470186, -87.196358 41.458253, -87.223307 41.423262, -87.294546 41.423262, -87.294453 41.418831))",true,null
712,"Chico, CA",4216,CA: Chico,"POLYGON ((-121.9377479 39.7991864, -121.815525 39.545499, -121.6191443 39.5560879, -121.7317543 39.7538026, -121.8265113 39.8382136, -121.9377479 39.7991864))",true,null
712,"Chico, CA",4214,CA: Oroville,"POLYGON ((-121.6286536 39.5309027, -121.6039343 39.3824572, -121.441886 39.4142936, -121.4171668 39.5393757, -121.6286536 39.5309027))",true,null
712,"Chico, CA",4215,CA: Paradise,"POLYGON ((-121.6574927 39.830007, -121.6533728 39.7276331, -121.4734717 39.7212957, -121.4720984 39.7941407, -121.5805884 39.8226243, -121.6574927 39.830007))",true,null
878,"Chillicothe, OH",4447,OH: Chillicothe,"POLYGON ((-83.0494371 39.359085, -83.051497 39.3394388, -83.0130449 39.3112872, -82.9423204 39.3123497, -82.9354539 39.3569614, -82.9739061 39.3787257, -83.0494371 39.359085))",true,null
160,"Cincinnati, OH",4904,IN: Lawrenceburg,"POLYGON ((-84.842921 39.03806, -84.806779 39.086667, -84.842921 39.13524, -84.915206 39.13524, -84.951349 39.086667, -84.915206 39.03806, -84.842921 39.03806))",true,null
160,"Cincinnati, OH",4766,KY: Rivergate,"POLYGON ((-84.518439 39.093854, -84.547292 39.102384, -84.56734 39.092897, -84.560301 39.083434, -84.596301 39.066817, -84.622393 39.066817, -84.637344 39.073346, -84.634158 39.077629, -84.644441 39.091453, -84.688225 39.108305, -84.682369 39.126209, -84.742585 39.126209, -84.778728 39.077629, -84.742585 39.029016, -84.736122 39.029016, -84.746685 39.014801, -84.710543 38.966145, -84.674543 38.966145, -84.541369 38.909371, -84.467142 38.967056, -84.453241 38.948333, -84.380957 38.948333, -84.344814 38.997002, -84.380957 39.045637, -84.435504 39.045637, -84.436312 39.047088, -84.438903 39.066207, -84.439918 39.073691, -84.424201 39.094821, -84.441521 39.118099, -84.474483 39.123165, -84.497841 39.107591, -84.518439 39.093854))",true,null
160,"Cincinnati, OH",4441,OH: Bethel,"POLYGON ((-84.142185 39.149375, -83.8558343 39.023603, -84.0535883 38.8740804, -84.24026394154095 38.981555222648474, -84.25654040781515 38.981555222648474, -84.28233159573433 39.0162721451559, -84.24988203579919 39.0162721451559, -84.2325532955109 39.03958839416167, -84.2005808957992 39.03958839416167, -84.17783570028061 39.07018094349081, -84.17183053585654 39.06210521601713, -84.1538386034087 39.081724601984305, -84.142185 39.149375))",true,null
160,"Cincinnati, OH",3991,OH: Cincinnati,"POLYGON ((-84.631076135374485 39.282401628397963, -84.6880676680887 39.108360736316591, -84.603610362468814 39.075852139281118, -84.5473054111893 39.102499604272204, -84.518466313612691 39.093973490644245, -84.474521025936923 39.123277689259979, -84.438128835320256 39.117684193296647, -84.358478001839273 39.211117158552405, -84.438128801127519 39.253163726349165, -84.563784868505536 39.280807146710728, -84.631076135374485 39.282401628397963))",true,null
160,"Cincinnati, OH",4905,OH: Harrison,"POLYGON ((-84.831126 39.212929, -84.758841 39.212929, -84.722699 39.261416, -84.758841 39.309868, -84.831126 39.309868, -84.867269 39.261416, -84.831126 39.212929))",true,null
160,"Cincinnati, OH",4871,OH: Mason,"POLYGON ((-84.285462 39.308513, -84.230708 39.308513, -84.194565 39.356933, -84.230708 39.405319, -84.302993 39.405319, -84.337592 39.359, -84.285462 39.308513))",true,null
160,"Cincinnati, OH",4955,OH: Monroe,"POLYGON ((-84.348215 39.4812, -84.384358 39.432866, -84.407562 39.432866, -84.377643 39.39283, -84.312324 39.39283, -84.302993 39.405319, -84.296028 39.405319, -84.269216 39.441192, -84.283044 39.459687, -84.348289 39.481299, -84.348215 39.4812))",true,null
160,"Cincinnati, OH",4900,OH: New Carlisle,"POLYGON ((-83.98906 39.891476, -83.952917 39.93949, -83.98906 39.987471, -84.061345 39.987471, -84.097487 39.93949, -84.062999 39.893674, -84.037218 39.891476, -83.98906 39.891476))",true,null
160,"Cincinnati, OH",3990,OH: North Cincinnati,"POLYGON ((-83.817417 39.804401, -83.853559 39.852476, -83.86342 39.852476, -83.845554 39.875135, -84.036001 39.891373, -84.037225 39.891373, -84.063082 39.893577, -84.063165 39.893688, -84.2905 39.913066, -84.340755 39.779505, -84.351358 39.793616, -84.423642 39.793616, -84.459785 39.7455, -84.423642 39.69735, -84.377033 39.69735, -84.460788 39.553994, -84.428228 39.5295, -84.456642 39.5295, -84.492785 39.4812, -84.456642 39.432866, -84.384358 39.432866, -84.348215 39.4812, -84.348289 39.481299, -84.195056 39.43053, -83.932363 39.764972, -83.925844 39.756293, -83.853559 39.756293, -83.817417 39.804401))",true,null
160,"Cincinnati, OH",4952,OH: Springfield,"POLYGON ((-83.90332 39.928076, -83.867177 39.880054, -83.82818 39.880054, -83.825127 39.875996, -83.812204 39.875996, -83.806542 39.86847, -83.734258 39.86847, -83.698115 39.9165, -83.734258 39.964497, -83.747181 39.964497, -83.752843 39.972012, -83.79184 39.972012, -83.794893 39.976064, -83.867177 39.976064, -83.90332 39.928076))",true,null
160,"Cincinnati, OH",4765,OH: Summerside,"POLYGON ((-84.33404705861201 39.236231575506075, -84.27646785208242 39.299320222275334, -84.1884333258231 39.200274106937094, -84.21931814597815 39.13687107352624, -84.20065869218486 39.13687107352624, -84.1645162343697 39.0882988, -84.20065869218486 39.0396930537816, -84.23263109189656 39.0396930537816, -84.24995983218484 39.016376839305266, -84.32224474781513 39.016376839305266, -84.357484830168 39.06378508802164, -84.38726642093394 39.083514618997135, -84.40006054218486 39.06631126027167, -84.43878205866424 39.06631126027167, -84.4397794088671 39.07366813764204, -84.42404540605688 39.094820999717804, -84.44134532218163 39.11807201153438, -84.43806629767023 39.11756800496589, -84.39954897901502 39.16276561791339, -84.39882512421703 39.161793507244674, -84.3559746887456 39.2109155030589, -84.33404705861201 39.236231575506075))",true,null
160,"Cincinnati, OH",4953,OH: Tipp City,"POLYGON ((-84.150958 39.912601, -84.114815 39.9606, -84.150958 40.008566, -84.2337817297209 40.02566743463384, -84.25962404403472 40.025159087721704, -84.259385 39.9606, -84.223242 39.912601, -84.150958 39.912601))",true,null
160,"Cincinnati, OH",4767,OH: West Chester,"POLYGON ((-84.6243513 39.4346552, -84.558033 39.380322, -84.588747 39.282653, -84.590121 39.28159, -84.562655 39.281059, -84.482964 39.263137, -84.438071 39.253259, -84.376408 39.220711, -84.357348 39.210866, -84.277538 39.298329, -84.276466 39.299503, -84.276324 39.299659, -84.285355 39.308409, -84.285527 39.308409, -84.337755 39.358991, -84.337682 39.359087, -84.356661 39.377459, -84.455985 39.379162, -84.434291 39.4082, -84.456642 39.432866, -84.4746397 39.4570149, -84.542718 39.456551, -84.6243513 39.4346552))",true,null
160,"Cincinnati, OH",4954,OH: Xenia,"POLYGON ((-83.853559 39.756293, -83.917182 39.756293, -83.935153 39.732359, -83.958035 39.732359, -84.002045 39.676415, -83.971742 39.636007, -83.899458 39.636007, -83.877847 39.664827, -83.841258 39.664827, -83.805115 39.713, -83.841258 39.761139, -83.84992 39.761139, -83.853559 39.756293))",true,null
471,"Clambersburg, PA",3914,PA: Clambersburg,"POLYGON ((-77.7333128 39.9569376, -77.7278196 39.8684566, -77.574011 39.9190312, -77.5904905 39.975883, -77.7937376 39.9843014, -77.7333128 39.9569376))",true,null
597,"Claremont, NC",4050,NC: Claremont,"POLYGON ((-81.2348009191432 35.64117488350647, -81.1566466 35.6658269, -81.0718459 35.7023579, -81.1109847 35.7625556, -81.1861724 35.7494609, -81.25112734991616 35.72958058517363, -81.2348009191432 35.64117488350647))",true,null
1102,"Clarence, NY",4682,NY: Clarence,"POLYGON ((-78.6029889 42.9955889, -78.6057355 42.9654485, -78.5720899 42.9599211, -78.5590436 42.9986021, -78.6029889 42.9955889))",false,null
530,"Clarksburg, WV",3971,WV: Clarksburg,"POLYGON ((-80.23811005938731 39.2500390766256, -80.22252251436969 39.22443008, -80.25866497218486 39.175918234413786, -80.33094988781515 39.175918234413786, -80.36709234563033 39.22443008, -80.35240720651099 39.24413148634752, -80.43487180000001 39.2597948, -80.3359948 39.3405604, -80.22257553044084 39.34409823008778, -80.157467 39.3086903, -80.23718000000093 39.2556206438457, -80.23811005938731 39.2500390766256))",true,null
657,"Clarksville, TN",4135,TN: Clarksville,"POLYGON ((-87.5779931 36.7187668, -87.3884789 36.4253958, -87.0945947 36.5004989, -87.513199242851911 36.960024163693213, -87.5779931 36.7187668))",true,null
572,"Clemson, SC",4021,SC: Clemson,"POLYGON ((-82.9085081 34.6981568, -82.8508299 34.607782, -82.6668089 34.6620187, -82.7794188 34.7410502, -82.9085081 34.6981568))",true,null
572,"Clemson, SC",4841,SC: Liberty,"POLYGON ((-82.708887 34.725436, -82.636603 34.725436, -82.60046 34.776871, -82.636603 34.828274, -82.708887 34.828274, -82.74503 34.776871, -82.708887 34.725436))",false,null
572,"Clemson, SC",4840,SC: Seneca,"POLYGON ((-82.886502 34.70547, -82.916572 34.748275, -82.988857 34.748275, -82.99175 34.744157, -83.011759 34.744157, -83.047902 34.692702, -83.011759 34.641215, -82.939475 34.641215, -82.936581 34.645338, -82.916572 34.645338, -82.894689 34.676513, -82.908508 34.698157, -82.907417 34.698519, -82.886502 34.70547))",false,null
199,"Cleveland, OH",3484,OH: Akron,"POLYGON ((-81.452615 41.142586, -81.488157 41.142916, -81.516038 41.143175, -81.516166 41.143176, -81.517574 41.179643, -81.584472 41.179643, -81.60118 41.157859, -81.60118 41.169642, -81.688383 41.170159, -81.68701 41.087924, -81.753615 41.087407, -81.752242 41.030454, -81.57338 41.029091, -81.553318 41.008156, -81.601942 41.008156, -81.638085 40.9609, -81.601942 40.91361, -81.529658 40.91361, -81.518765 40.927866, -81.502597 40.906704, -81.49236 40.906704, -81.512985 40.8797, -81.476842 40.832352, -81.404558 40.832352, -81.387755 40.854367, -81.33370663334118 40.85359098480953, -81.333515 40.9017, -81.348271 40.921015, -81.312758 40.921015, -81.276615 40.9683, -81.312758 41.015551, -81.385042 41.015551, -81.407078 40.986747, -81.421496 41.005596, -81.3739 41.0289, -81.374665 41.058614, -81.311254 41.058614, -81.275112 41.105801, -81.302543 41.14159, -81.31431 41.141599, -81.348838 41.141623, -81.391919 41.142023, -81.39192 41.142023, -81.452615 41.142586))",true,null
199,"Cleveland, OH",3475,OH: Downtown Cleveland,"POLYGON ((-81.5910009 41.5664531, -81.6796249 41.5229134, -81.7461828 41.4885748, -81.7822317 41.4957754, -81.8119828 41.4953838, -81.8342988 41.4906264, -81.8351571 41.438271, -81.7798821 41.4374988, -81.7798821 41.4456058, -81.7395417 41.4449625, -81.7395417 41.4512673, -81.7158524 41.45101, -81.7156807 41.455899, -81.6569726 41.4565423, -81.657063 41.4659346, -81.591446 41.4667721, -81.5916676 41.47699, -81.5910009 41.5664531))",true,null
199,"Cleveland, OH",3473,OH: Elyria/Lorain,"POLYGON ((-82.16917196501475 41.47318393606437, -82.1822855256303 41.49020004, -82.14614306781513 41.53707521954609, -82.07385815218484 41.53707521954609, -82.05017657423393 41.506365087757956, -82.0474553 41.5071237, -82.04752235188006 41.5029308772636, -82.04759293190696 41.498517142584646, -82.0484853 41.4426868, -82.03097579999998 41.4424938, -82.0313191 41.4188122, -82.01947450000002 41.4186835, -82.018511 41.37841, -82.05524649999998 41.3289289, -82.1318075 41.3276399, -82.1328375 41.3503238, -82.14451039999999 41.3505815, -82.1448538 41.3647549, -82.23789309999998 41.3651257, -82.2385798 41.4403213, -82.17300619999999 41.4721145, -82.16917196501475 41.47318393606437))",true,null
199,"Cleveland, OH",3478,OH: Euclid,"POLYGON ((-81.48830849496869 41.63126111845198, -81.487106836232 41.59031867847937, -81.45777179805908 41.59021668514185, -81.45755541843042 41.566259391671686, -81.40204419218487 41.566259391671686, -81.36590173436971 41.51940536, -81.40204419218487 41.472517382171006, -81.46324386326404 41.472517382171006, -81.46347804292638 41.47760597910126, -81.59153209471965 41.4770915013942, -81.59086532808317 41.56656339678368, -81.53021289999998 41.6158893, -81.48830849496869 41.63126111845198))",true,null
199,"Cleveland, OH",3481,OH: Independence,"POLYGON ((-81.8355348 41.3713557, -81.8373222 41.3432564, -81.7442817 41.3035501, -81.6690941 41.3029053, -81.5887565 41.3032922, -81.5909173 41.385267, -81.6851594 41.384623, -81.6846445 41.371871, -81.8355348 41.3713557))",true,null
199,"Cleveland, OH",3483,OH: Kent,"POLYGON ((-81.5192283 41.2259917, -81.5160355 41.1432762, -81.3488373 41.1417249, -81.214186 41.141629, -81.2143577 41.1898312, -81.2782157 41.1903479, -81.2789024 41.2254753, -81.312953 41.2255885, -81.5004072 41.2255885, -81.5192283 41.2259917))",true,null
199,"Cleveland, OH",3482,OH: Medina/Strongsville,"POLYGON ((-81.6683821 41.2803471, -81.7430362 41.2659125, -81.7434797 41.1884836, -81.7891417 41.1884836, -81.78907985752761 41.18382986637473, -81.76815594218483 41.18382986637473, -81.73201348436967 41.13669968, -81.76815594218483 41.0895356058646, -81.84044085781512 41.0895356058646, -81.87658331563028 41.13669968, -81.8760103370975 41.13744711506564, -81.8917952 41.13756559999999, -81.8924818 41.2375549, -81.86020949999998 41.2372967, -81.85864840009323 41.334191732748096, -81.8584929 41.3438355, -81.85138225538235 41.34364099711922, -81.83745686652779 41.34326008366331, -81.8374607417094 41.34319914965856, -81.74431802618801 41.303449179556345, -81.66909443719732 41.3028040699191, -81.66909090488198 41.30280408693055, -81.6683821 41.2803471))",true,null
199,"Cleveland, OH",3479,OH: Mentor,"POLYGON ((-81.372978 41.638736, -81.341393 41.638736, -81.34105 41.64592, -81.302432 41.646526, -81.281322 41.619198, -81.209038 41.619198, -81.172895 41.66598, -81.19839 41.69896, -81.186266 41.714637, -81.222409 41.761349, -81.294694 41.761349, -81.323494 41.72413, -81.357186 41.723865, -81.44645 41.671057, -81.45057 41.663363, -81.488177 41.631373, -81.486975 41.590419, -81.457638 41.590317, -81.457637 41.590264, -81.457637 41.590216, -81.423447 41.589967, -81.42379 41.609479, -81.372978 41.638736))",true,null
199,"Cleveland, OH",3476,OH: Parma,"POLYGON ((-81.8351571 41.438271, -81.8355348 41.3713557, -81.6846445 41.371871, -81.6851594 41.384623, -81.5909173 41.385267, -81.591446 41.4667721, -81.657063 41.4659346, -81.6569726 41.4565423, -81.7156807 41.455899, -81.7158524 41.45101, -81.7395417 41.4512673, -81.7395417 41.4449625, -81.7798821 41.4456058, -81.7798821 41.4374988, -81.8351571 41.438271))",true,null
199,"Cleveland, OH",3477,OH: Shaker Heights,"POLYGON ((-81.462922 41.462584, -81.463445 41.473948, -81.463608 41.477504, -81.466675 41.477492, -81.591533 41.476991, -81.591311 41.466773, -81.590783 41.385368, -81.360475 41.385712, -81.360882 41.362919, -81.287609 41.363269, -81.267458 41.389459, -81.29985 41.431536, -81.337005 41.431682, -81.337328 41.436407, -81.361479 41.436407, -81.361555 41.440904, -81.438889 41.440969, -81.438889 41.462327, -81.462922 41.462584))",true,null
199,"Cleveland, OH",3480,OH: Twinsburg,"POLYGON ((-81.3606114 41.3856109, -81.5909173 41.385267, -81.5887565 41.3032922, -81.5392027 41.3030086, -81.5388594 41.27618, -81.5024672 41.2754059, -81.5004072 41.2255885, -81.312953 41.2255885, -81.3156996 41.2880479, -81.2806807 41.2880479, -81.2801657 41.3632038, -81.3610182 41.3628172, -81.3606114 41.3856109))",true,null
199,"Cleveland, OH",3474,OH: Westlake,"POLYGON ((-81.97952349999998 41.5141236, -81.9541176 41.4986971, -81.8717201 41.4832669, -81.8346421 41.4906264, -81.83495494418291 41.458827396652424, -81.83529184378871 41.43827183428449, -81.8356695336822 41.37135832658205, -81.83616099972029 41.36363331274365, -81.85145839843206 41.34374431000344, -81.85862596607907 41.34394036962981, -81.85878271100125 41.334219410768, -81.86556042218486 41.3254040981728, -81.93784533781515 41.3254040981728, -81.9739877956303 41.37239838, -81.9707783457129 41.37656983189298, -82.01837610663841 41.37840479972433, -82.01934211501506 41.41878311844465, -82.03118290149686 41.41891177681076, -82.03083960180987 41.442593318903214, -82.04834895309116 41.44278631696796, -82.047320078389 41.50715275440582, -82.0124825 41.5146377, -81.97952349999998 41.5141236))",true,null
967,"Cleveland, TX",4544,TX: Cleveland,"POLYGON ((-95.0958294 30.3653832, -95.1234668 30.3384229, -95.1016659 30.3197538, -95.0558323 30.3339782, -95.0702518 30.3653832, -95.0958294 30.3653832))",true,null
997,"Clover, SC",4573,SC: Clover,"POLYGON ((-81.137162 35.106277, -81.143912 35.115841, -81.143445 35.116502, -81.172838 35.158135, -81.245123 35.158135, -81.265878 35.128738, -81.244927 35.05571, -81.172838 35.05571, -81.137162 35.106277))",true,null
997,"Clover, SC",4873,SC: River Hills,"POLYGON ((-81.035484 35.167032, -81.107769 35.167032, -81.143912 35.115841, -81.107769 35.064618, -81.035484 35.064618, -81.002487 35.111385, -81.002451 35.120245, -81.035484 35.167032))",true,null
790,"Cloverdale, CA",4350,CA: Cloverdale,"POLYGON ((-123.0415091 38.8222965, -123.0408225 38.7420071, -122.9302726 38.7527176, -122.9728446 38.8415525, -123.0415091 38.8222965))",true,null
761,"Clovis, NM",4270,NM: Clovis,"POLYGON ((-103.1344437 34.4568729, -103.3473038 34.464799, -103.3569169 34.3605677, -103.1303238 34.3571667, -103.1344437 34.4568729))",true,null
865,"Clyde, OH",4432,OH: Clyde,"POLYGON ((-83.0075586 41.331751, -83.0123652 41.3131867, -82.9938257 41.3090606, -83.0041254 41.2941012, -82.9615534 41.2760423, -82.9244745 41.3018392, -82.9636133 41.3255634, -83.0075586 41.331751))",true,null
687,"Clyde, TX",4175,TX: Clyde,"POLYGON ((-99.5363554 32.3951708, -99.539102 32.3911122, -99.4567045 32.3719764, -99.4422849 32.4258942, -99.5349821 32.4403827, -99.5363554 32.3951708))",true,null
1012,"Coats, NC",4588,NC: Coats,"POLYGON ((-78.6859713 35.4206724, -78.6844264 35.3956282, -78.6552439 35.3962579, -78.6615954 35.4223511, -78.6859713 35.4206724))",true,null
843,"Coldwater, MI",4407,MI: Coldwater,"POLYGON ((-85.0553638 41.9585464, -85.0484973 41.907465, -84.830144 41.9340324, -84.8795825 41.9963202, -85.0553638 41.9585464))",true,null
663,"College Station, TX",4146,TX: College Station,"POLYGON ((-96.216648 30.550585, -96.169563 30.57855, -96.38517 30.772255, -96.514259 30.680175, -96.393076 30.577341, -96.365656 30.536444, -96.34531 30.536444, -96.301399 30.499303, -96.23185 30.54113, -96.231813 30.541164, -96.2317 30.541306, -96.231622 30.541389, -96.231602 30.541405, -96.231587 30.54142, -96.220484 30.548046, -96.216648 30.550585))",true,null
196,"Colorado Springs, CO",2926,CO: Downtown Colorado Springs,"POLYGON ((-104.854832 38.887668, -104.854832 38.870697, -104.875088 38.87083, -104.879541 38.855826, -104.87526 38.830992, -104.843846 38.830741, -104.844094 38.817639, -104.797784 38.817504, -104.797784 38.807605, -104.721184 38.806804, -104.721147 38.822767, -104.681163 38.822767, -104.64502 38.871522, -104.679178 38.917569, -104.678535 38.871791, -104.779076 38.872436, -104.779076 38.885699, -104.780401 38.883913, -104.780331 38.887134, -104.854832 38.887668))",true,null
196,"Colorado Springs, CO",4960,CO: Falcon,"POLYGON ((-104.572598 38.900619, -104.536455 38.94932, -104.572598 38.997988, -104.644882 38.997988, -104.681025 38.94932, -104.644882 38.900619, -104.572598 38.900619))",true,null
196,"Colorado Springs, CO",4959,CO: Fountain,"POLYGON ((-104.680844 38.713667, -104.738866 38.713935, -104.739464 38.725131, -104.74236 38.725131, -104.778503 38.676276, -104.74236 38.627388, -104.670076 38.627388, -104.633933 38.676276, -104.670076 38.725131, -104.681132 38.725131, -104.680844 38.713667))",true,null
196,"Colorado Springs, CO",3777,CO: North Colorado Springs,"POLYGON ((-104.855072 38.930983, -104.854865 38.904015, -104.854453 38.8886, -104.778941 38.888279, -104.778941 38.87254, -104.715338 38.872132, -104.678672 38.871897, -104.679497 38.930662, -104.74428 38.982299, -104.709042 39.029727, -104.745185 39.07834, -104.817469 39.07834, -104.818203 39.077353, -104.864842 39.077353, -104.900985 39.02874, -104.864842 38.980093, -104.830273 38.980093, -104.855072 38.930983))",true,null
196,"Colorado Springs, CO",2927,CO: Southeast Colorado,"POLYGON ((-104.8440959 38.8175337, -104.8439458 38.8107287, -104.8561124 38.8105783, -104.8552541 38.7822146, -104.8320794 38.7822146, -104.8320794 38.7446019, -104.8159431 38.7443341, -104.8157714 38.7341579, -104.8058148 38.7341579, -104.8058148 38.7274622, -104.7395526 38.7267926, -104.7388659 38.7139349, -104.6808435 38.713667, -104.6822169 38.7682962, -104.7206695 38.7693669, -104.7211845 38.806699, -104.7979183 38.8075016, -104.7979183 38.8173999, -104.8440959 38.8175337))",true,null
757,"Columbia Falls, MT",4264,MT: Columbia Falls,"POLYGON ((-114.3627569 48.3715333, -114.4890997 48.2180406, -114.434168 48.1557814, -114.2364141 48.0787685, -114.0441534 48.1667738, -114.099085 48.3715333, -114.3627569 48.3715333))",true,null
414,"Columbia, CT",3850,CT: Columbia,"POLYGON ((-72.2437717 41.7569949, -72.3663379 41.6875514, -72.2657444 41.6175196, -72.0714237 41.6775515, -72.2348453 41.7618608, -72.2437717 41.7569949))",true,null
831,"Columbia, KY",4395,KY: Columbia,"POLYGON ((-85.3283275 37.129327, -85.3516734 37.0800409, -85.2692759 37.0756583, -85.2665294 37.1282321, -85.3283275 37.129327))",true,null
22,"Columbia, MO",3363,MO: Columbia,"POLYGON ((-92.3405758 39.0100789, -92.3409191 38.9743222, -92.377483 38.9728542, -92.3743931 38.9356099, -92.3344699 38.9055697, -92.2698513 38.9032889, -92.2798077 39.0068776, -92.3405758 39.0100789))",true,null
377,"Columbia, SC",3460,SC: Columbia,"POLYGON ((-81.0557656 33.9130299, -80.9302812 33.9597437, -80.9108834 34.0673157, -80.826426 34.1048484, -80.8665948 34.1667978, -80.9709649 34.1656615, -80.9949975 34.1281558, -81.0200601 34.0860841, -81.0767109 34.0494824, -81.0931878 34.0385863, -81.1031442 33.9802441, -81.0925012 33.9386687, -81.0557656 33.9130299))",true,null
377,"Columbia, SC",3461,SC: Lexington/ Irmo,"POLYGON ((-81.2227947 34.1012386, -81.2305195 34.0769285, -81.2202198 34.0639887, -81.214555 34.0400947, -81.2212498 34.0204624, -81.2476856 34.0107868, -81.256612 34.0218851, -81.277383 34.0301368, -81.3163502 34.0171899, -81.3170368 33.9797607, -81.2500889 33.897444, -81.1979038 33.8891794, -81.0925012 33.9386687, -81.1031442 33.9802441, -81.0931878 34.0385863, -81.0767109 34.0494824, -81.1615116 34.1376196, -81.2227947 34.1012386))",true,null
582,"Columbus, GA",4032,GA: Columbus,"POLYGON ((-85.0621793 32.6036802, -84.952316 32.2094777, -84.6639249 32.2350369, -84.6639249 32.5874824, -85.0621793 32.6036802))",true,null
582,"Columbus, GA",4920,GA: Pine Mountain,"POLYGON ((-84.807468 32.783985, -84.771326 32.836599, -84.807468 32.889182, -84.879753 32.889182, -84.915895 32.836599, -84.879753 32.783985, -84.807468 32.783985))",false,null
629,"Columbus, IN",4091,IN: Columbus,"POLYGON ((-85.9877199 39.2326273, -85.9904664 39.1517373, -85.8201784 39.1836787, -85.8366579 39.2602788, -85.9877199 39.2326273))",true,null
643,"Columbus, MS",4116,MS: Columbus,"POLYGON ((-88.4242768 33.6074349, -88.9626069 33.4746585, -88.7923188 33.3462672, -88.3144135 33.5021462, -88.4242768 33.6074349))",true,null
164,"Columbus, OH",3496,OH: Canal Winchester,"POLYGON ((-82.8928016 39.8868223, -82.8917717 39.8276555, -82.794783 39.7784647, -82.7424263 39.8523035, -82.7403663 39.8982808, -82.7870582 39.899071, -82.7867149 39.8779966, -82.803881 39.8727271, -82.8158973 39.8816851, -82.8231071 39.897754, -82.8866417 39.9023716, -82.9207052 39.9047859, -82.9203619 39.8891138, -82.9104056 39.8884552, -82.8928016 39.8868223))",true,null
164,"Columbus, OH",3489,OH: Clintonville,"POLYGON ((-83.1093473 40.0762467, -83.1007642 40.0549641, -83.0910183 40.0299727, -82.9942013 40.0307614, -82.9935146 40.0147237, -82.9914547 40.0028902, -82.9636456 40.0044682, -82.9413295 40.0057831, -82.9384823 40.083644, -83.0367017 40.0893929, -83.0766697 40.0913925, -83.1093473 40.0762467))",true,null
164,"Columbus, OH",3486,OH: Columbus,"POLYGON ((-83.0376316 39.9477717, -83.0068793 39.9526361, -83.0003561 39.9443453, -83.0013861 39.901823, -83.0044805 39.8905453, -83.011085 39.865006, -82.9351248 39.8628319, -82.927915 39.8723841, -82.9104056 39.8884552, -82.9203619 39.8891138, -82.9207052 39.9047859, -82.9407896 39.942108, -82.9423595 39.9805325, -82.9869915 39.9792171, -82.9986645 39.9726397, -83.0137707 39.973166, -83.0285335 39.9647461, -83.0415798 39.9681668, -83.0601192 39.966588, -83.0376316 39.9477717))",true,null
164,"Columbus, OH",3492,OH: Dublin,"POLYGON ((-83.2005718 40.1139307, -83.1904537 40.0543275, -83.1007642 40.0549641, -83.1093473 40.0762467, -83.1117177 40.0850753, -83.1091428 40.0917731, -83.1120611 40.1054294, -83.1100011 40.1180327, -83.1357503 40.1176389, -83.2005718 40.1139307))",true,null
164,"Columbus, OH",4957,OH: Etna,"POLYGON ((-82.645958 40.000072, -82.718242 40.000072, -82.738275 39.973487, -82.7188 39.919226, -82.725058 39.913149, -82.718242 39.904095, -82.645958 39.904095, -82.609815 39.9521, -82.645958 40.000072))",true,null
164,"Columbus, OH",3487,OH: Grove City,"POLYGON ((-83.1211243 39.9052953, -83.1216393 39.882247, -83.0908261 39.8562919, -83.0981217 39.8341499, -83.0800973 39.8332931, -83.051344 39.8413337, -83.0515157 39.8492415, -83.0228482 39.8486485, -83.0240498 39.8906112, -83.0044805 39.8905453, -83.0013861 39.901823, -83.1211243 39.9052953))",true,null
164,"Columbus, OH",3490,OH: Hilliard,"POLYGON ((-83.1904537 40.0543275, -83.1778028 39.9784801, -83.1098249 39.9759808, -83.0785825 39.9733498, -83.0601192 39.966588, -83.0621792 39.9794802, -83.0913616 40.0160384, -83.0910183 40.0299727, -83.1007642 40.0549641, -83.1904537 40.0543275))",true,null
164,"Columbus, OH",3488,OH: Lincoln Village,"POLYGON ((-83.1778028 39.9784801, -83.1728196 39.9498414, -83.1596016 39.9501046, -83.159945 39.9336531, -83.1722188 39.9337189, -83.1722188 39.9223979, -83.1535935 39.9223321, -83.1541943 39.9112068, -83.1206345 39.9108776, -83.1211243 39.9052953, -83.0216717 39.9024501, -83.0141186 39.9170659, -83.0091404 39.9389838, -83.0166506 39.9510915, -83.0376316 39.9477717, -83.0601192 39.966588, -83.0785825 39.9733498, -83.1098249 39.9759808, -83.1778028 39.9784801))",true,null
164,"Columbus, OH",3493,OH: New Albany,"POLYGON ((-82.8669273 40.003971, -82.8051292 40.0720502, -82.7517426 40.0715248, -82.7510559 40.0997618, -82.8658974 40.1017314, -82.866584 40.0826897, -82.9384823 40.083644, -82.9413295 40.0057831, -82.8669273 40.003971))",true,null
164,"Columbus, OH",3491,OH: Powell,"POLYGON ((-83.1357503 40.1176389, -83.1100011 40.1180327, -83.1120611 40.1054294, -83.1091428 40.0917731, -83.1117177 40.0850753, -83.1093473 40.0762467, -83.0766697 40.0913925, -83.0367017 40.0893929, -83.0344036 40.1184133, -83.0370643 40.1390199, -83.0453899 40.1649333, -83.1049599 40.165661, -83.1064185 40.1479788, -83.1236675 40.1476151, -83.1198909 40.1392167, -83.1408336 40.1372482, -83.1357503 40.1176389))",true,null
164,"Columbus, OH",3497,OH: Reynoldsburg,"POLYGON ((-82.846029 40.00327, -82.839733 39.987785, -82.832945 39.971086, -82.842573 39.926802, -82.886274 39.902449, -82.823008 39.897851, -82.822967 39.897759, -82.787193 39.899066, -82.787195 39.899177, -82.740262 39.898382, -82.7188 39.919226, -82.739341 39.976455, -82.717951 40.00484, -82.754093 40.052775, -82.822468 40.052775, -82.845567 40.027329, -82.862521 40.00484, -82.861794 40.003877, -82.846029 40.00327))",true,null
164,"Columbus, OH",3485,OH: Upper Arlington,"POLYGON ((-83.0601192 39.966588, -83.0415798 39.9681668, -83.0285335 39.9647461, -83.0137707 39.973166, -82.9986645 39.9726397, -82.9869915 39.9792171, -82.9423595 39.9805325, -82.9413295 40.0057831, -82.9914547 40.0028902, -82.9935146 40.0147237, -82.9942013 40.0307614, -83.0910183 40.0299727, -83.0913616 40.0160384, -83.0621792 39.9794802, -83.0601192 39.966588))",true,null
164,"Columbus, OH",3495,OH: Westerville,"POLYGON ((-82.8750144 40.1650187, -83.0453899 40.1649333, -83.0370643 40.1390199, -83.0344036 40.1184133, -83.0367017 40.0893929, -82.9384823 40.083644, -82.866584 40.0826897, -82.8658974 40.1017314, -82.8888331 40.105633, -82.8750144 40.1650187))",true,null
164,"Columbus, OH",3494,OH: Whitehall,"POLYGON ((-82.8426964 39.9268612, -82.8330834 39.9710783, -82.8461296 40.0031704, -82.8669273 40.003971, -82.9413295 40.0057831, -82.9423595 39.9805325, -82.9407896 39.942108, -82.9207052 39.9047859, -82.8866417 39.9023716, -82.8426964 39.9268612))",true,null
669,"Commerce, TX",4155,TX: Commerce,"POLYGON ((-95.9657887 33.2494718, -95.8943775 33.1805364, -95.8119801 33.2448778, -95.8943775 33.290807, -95.9657887 33.2494718))",true,null
445,"Concord, NH",3881,NH: Concord,"POLYGON ((-71.5125913 43.3021413, -71.6746396 43.2561511, -71.5977353 43.1520452, -71.4576596 43.1800912, -71.4274472 43.2581514, -71.5125913 43.3021413))",true,null
827,"Connersville, IN",4390,IN: Connersville,"POLYGON ((-85.1665538 39.7186863, -85.1871532 39.6383591, -85.1267284 39.6161469, -85.0923961 39.6986133, -85.1665538 39.7186863))",true,null
614,"Conway, AR",4067,AR: Conway,"POLYGON ((-92.4862114 35.130708, -92.5164238 35.0655402, -92.4724785 35.0160678, -92.3653618 35.0700362, -92.3873345 35.1149826, -92.4862114 35.130708))",true,null
993,"Conway, SC",4569,SC: Conway,"POLYGON ((-79.02139608395768 33.7525805292929, -79.03544004190664 33.80774162633527, -79.03969285810328 33.80774162633527, -79.05105389218484 33.79138952391265, -79.12333880781514 33.79138952391265, -79.1594812656303 33.84339905, -79.12333880781514 33.895376938526915, -79.10418226189674 33.895376938526915, -79.09282122781515 33.91170914870269, -79.02053631218487 33.91170914870269, -78.9843938543697 33.85974121, -79.00705408813243 33.82714273441264, -78.9827968962583 33.80262235711071, -79.02139608395768 33.7525805292929))",true,null
1045,"Cookeville, TN",4622,TN: Cookeville,"POLYGON ((-85.5782916 36.1925081, -85.6634357 36.157589, -85.6403374 36.1233555, -85.5673053 36.1254274, -85.4347827 36.1043489, -85.4286029 36.2229804, -85.5782916 36.1925081))",true,null
444,"Cooks Corner, ME",3880,ME: Cooks Corner,"POLYGON ((-69.894719 43.930504, -69.916349 43.911462, -69.927629 43.910212, -69.905405 43.937937, -69.941548 43.982998, -70.013832 43.982998, -70.049975 43.937937, -70.013832 43.892842, -69.976149 43.892842, -69.976258 43.880909, -69.834123 43.880909, -69.82222 43.881066, -69.816774 43.911389, -69.83153 43.932249, -69.861074 43.937056, -69.894719 43.930504))",true,null
636,"Corbin, KY",4100,KY: Corbin,"POLYGON ((-84.1476324 36.9784252, -84.1181066 36.9065332, -84.0116766 36.940018, -84.0810278 37.0052987, -84.1476324 36.9784252))",true,null
1104,"Corfu, NY",4684,NY: Corfu,"POLYGON ((-78.4189679 43.0195217, -78.4203412 42.9848724, -78.35305 42.9868816, -78.3551099 43.0245417, -78.4189679 43.0195217))",false,null
714,"Corning, CA",4218,CA: Corning,"POLYGON ((-122.2047475 39.9378713, -122.2033742 39.9044317, -122.1978811 39.9002177, -122.1923879 39.9012712, -122.1807149 39.901798, -122.1745351 39.9031148, -122.1656087 39.9083821, -122.1662954 39.9149656, -122.1583989 39.9249713, -122.1590856 39.9407669, -122.1700719 39.9499792, -122.1858648 39.9491897, -122.1965078 39.9491897, -122.2044042 39.944452, -122.2047475 39.9378713))",true,null
464,"Corning, NY",3904,NY: Corning,"POLYGON ((-77.1193828 42.2377157, -77.1921672 42.1665043, -77.0038284 42.0953339, -76.8131389 42.0340416, -76.7279949 42.0840024, -76.8043899 42.21991, -77.1193828 42.2377157))",true,null
285,"Corpus Christi, TX",4152,TX: Corpus Christi,"POLYGON ((-97.438059 27.834093, -97.45982 27.829053, -97.566797 27.869468, -97.594586 27.912009, -97.666871 27.912009, -97.703013 27.856677, -97.67919 27.820189, -97.734478 27.762238, -97.674053 27.741577, -97.601269 27.788969, -97.300518 27.595627, -97.24284 27.692948, -97.355388 27.739244, -97.320695 27.792416, -97.356837 27.847781, -97.429122 27.847781, -97.438059 27.834093))",true,null
676,"Corsicana, TX",4164,TX: Corsicana,"POLYGON ((-96.4802095 32.1481194, -96.5818331 32.0562174, -96.5076753 32.000333, -96.366214189108987 32.013287769922535, -96.358346790838723 32.118260780015461, -96.4802095 32.1481194))",true,null
1129,"Cortland, NY",4709,NY: Cortland,"POLYGON ((-76.166236 42.6527512, -76.1957618 42.6532562, -76.2053748 42.631032, -76.2500067 42.6072837, -76.2651129 42.5880764, -76.263053 42.5698745, -76.230094 42.5744255, -76.2232276 42.561783, -76.1895819 42.55976, -76.1806555 42.5809985, -76.081092 42.5820097, -76.081092 42.6052622, -76.1504431 42.6108213, -76.166236 42.6527512))",false,null
920,"Cottonwood, AZ",4495,AZ: Cottonwood,"POLYGON ((-112.064531 34.785245, -112.0830704 34.7570432, -112.008226 34.6870612, -112.0010161 34.6797223, -111.9718338 34.685932, -111.9598175 34.7065359, -111.9725205 34.722624, -111.9948261 34.751472, -112.0068387 34.7543638, -112.0137018 34.7657895, -112.0349935 34.7653672, -112.064531 34.785245))",true,null
1026,"Creedmoor, NC",4603,NC: Creedmoor,"POLYGON ((-78.7971672 36.1408328, -78.7690148 36.1122702, -78.6347756 36.1061681, -78.6419853 36.1311282, -78.7058434 36.1463778, -78.7374291 36.1663363, -78.7971672 36.1408328))",true,null
885,"Crestline, OH",4454,OH: Crestline,"POLYGON ((-82.7566528 40.8030938, -82.8321838 40.7365308, -82.7875519 40.705827, -82.6969147 40.7578591, -82.7133942 40.7890588, -82.7566528 40.8030938))",true,null
1046,"Crossville, TN",4623,TN: Crossville,"POLYGON ((-85.0615714 36.0057673, -85.0880073 35.9699315, -85.0804542 35.9465879, -85.05522 35.9265735, -84.9932502 35.9378322, -85.0172828 36.0064616, -85.0615714 36.0057673))",true,null
1163,"Crystal River, FL",4850,FL: Crystal River,"POLYGON ((-82.620932 28.839271, -82.548648 28.839271, -82.512505 28.894093, -82.548648 28.948887, -82.620932 28.948887, -82.657075 28.894093, -82.620932 28.839271))",false,null
504,"Culpeper, VA",3947,VA: Culpeper,"POLYGON ((-78.063154 38.5628395, -78.2945535 38.5762609, -78.3000467 38.38006, -77.966337 38.315439, -77.8448007 38.5053677, -78.063154 38.5628395))",true,null
429,"Cumberland, MD",3865,MD: Cumberland,"POLYGON ((-78.9665281 39.6772056, -78.9775145 39.5989464, -78.6698973 39.5968301, -78.6726438 39.6856607, -78.9665281 39.6772056))",true,null
163,"Dallas-Fort Worth, TX",3218,TX: Addison,"POLYGON ((-96.9261325 32.9816531, -96.9259854 32.9592109, -96.9245854 32.9308596, -96.8394413 32.9297069, -96.8371345 32.8959089, -96.7870846 32.8964177, -96.7948093 32.9835771, -96.9261325 32.9816531))",true,null
163,"Dallas-Fort Worth, TX",3224,TX: Allen,"POLYGON ((-96.7618276 33.1581332, -96.76254 33.1262973, -96.7590845 33.0933884, -96.6932444 33.0832964, -96.6509517 33.0807751, -96.6197733 33.0902, -96.6113619 33.1168027, -96.6269027 33.1672942, -96.6481887 33.1566603, -96.6981412 33.1513736, -96.7618276 33.1581332))",true,null
163,"Dallas-Fort Worth, TX",4910,TX: Alvarado,"POLYGON ((-97.260179 32.364858, -97.187894 32.364858, -97.151751 32.417719, -97.187894 32.470548, -97.260179 32.470548, -97.296321 32.417719, -97.260179 32.364858))",false,null
163,"Dallas-Fort Worth, TX",4742,TX: Anna,"POLYGON ((-96.60594427491185 33.36046978213924, -96.62461698457442 33.24159039648128, -96.52821949029058 33.27131830583475, -96.51805364675369 33.36910566726926, -96.60594427491185 33.36046978213924))",true,null
163,"Dallas-Fort Worth, TX",3208,TX: Arlington,"POLYGON ((-97.2495489 32.8022583, -97.2499715 32.7264952, -97.2495489 32.7097209, -97.0569448 32.7097209, -97.0571276 32.7583863, -97.0706889 32.7583863, -97.0720424 32.8031403, -97.2495489 32.8022583))",true,null
163,"Dallas-Fort Worth, TX",4784,TX: Azle,"POLYGON ((-97.5654641508606 32.912010028235741, -97.568269170695331 32.893561929338816, -97.521285088463642 32.860973987792981, -97.502584956232113 32.878839945418079, -97.543958998794352 32.911813792090079, -97.5654641508606 32.912010028235741))",false,null
163,"Dallas-Fort Worth, TX",3233,TX: Blue Mound,"POLYGON ((-97.42144596497585 32.930928014996134, -97.43263548549325 32.901481068649005, -97.43315048333153 32.85123828468575, -97.2620041 32.8500846, -97.2620041 32.877913, -97.2491295 32.877913, -97.220169 32.8976105, -97.2216798 32.9297103, -97.3159057 32.9306675, -97.32734647453847 32.93065855733172, -97.33878724831978 32.93071920817487, -97.37207227811197 32.93066303677624, -97.40350694499082 32.93074982885525, -97.42144596497585 32.930928014996134))",true,null
163,"Dallas-Fort Worth, TX",3207,TX: Burleson,"POLYGON ((-97.391061 32.6016782, -97.3781743 32.590311, -97.36596211995374 32.54065923635444, -97.3747917 32.5127596, -97.3258176 32.5114518, -97.3258176 32.5247687, -97.29512550330722 32.52624065480334, -97.29157546200811 32.62980321356197, -97.3905041 32.6281334, -97.391061 32.6016782))",true,null
163,"Dallas-Fort Worth, TX",4780,TX: Cedar Hill,"POLYGON ((-96.96496111298858 32.63948536376203, -96.98077222410927 32.63921319516945, -96.9854432840242 32.62964539600998, -96.99315887286213 32.625407557511934, -96.99290727757395 32.62127547177441, -96.99527227887562 32.616140996749614, -96.99837795451788 32.61489842962285, -97.00528808282188 32.60678862068192, -97.00707384631617 32.59939759073993, -97.01499331920391 32.60207936235887, -97.01833192051934 32.59776232474528, -97.01375104894703 32.59344507911835, -97.02234850969725 32.581416573012355, -97.03123632527121 32.57902418493988, -97.03370516293062 32.5683096640475, -97.04234609473863 32.56061106276703, -97.04530869992995 32.55280775228308, -97.04518525804697 32.54895786918026, -96.98210645584857 32.54729300372509, -96.99787589655645 32.50473796020492, -96.94387162871078 32.503932241378344, -96.93265242147667 32.507588537081794, -96.90388433913905 32.53489641267833, -96.8955324028475 32.54795279563408, -96.89361022688139 32.567163808522785, -96.89225357459162 32.580267688131606, -96.9269157325419 32.58063581509797, -96.9272011005846 32.60260095316884, -96.946335254469 32.60270314519877, -96.9527737780349 32.61542083391296, -96.95618016414349 32.62215606248463, -96.95863752231493 32.62693328849485, -96.96368460464288 32.636988571603084, -96.96496111298858 32.63948536376203))",true,null
163,"Dallas-Fort Worth, TX",4733,TX: Cleburne,"POLYGON ((-97.456087 32.461161, -97.433658 32.428377, -97.468189 32.429517, -97.494088 32.352743, -97.478659 32.257731, -97.333736 32.264254, -97.336491 32.320152, -97.341101 32.417916, -97.311517 32.461161, -97.346234 32.511883, -97.374966 32.512651, -97.37455 32.513965, -97.419944 32.513965, -97.456087 32.461161))",true,null
163,"Dallas-Fort Worth, TX",3235,TX: Colleyville,"POLYGON ((-97.220169 32.8976105, -97.2491295 32.877913, -97.2620041 32.877913, -97.2620041 32.8500846, -97.2620192 32.8021419, -97.2495489 32.8022583, -97.0720424 32.8031403, -97.0599782 32.8033997, -97.0622974 32.8372272, -97.0442731 32.8372985, -97.0439278 32.8569142, -97.06157873911609 32.881579950143355, -97.0915894 32.8993208, -97.1760952 32.8969604, -97.220169 32.8976105))",true,null
163,"Dallas-Fort Worth, TX",4743,TX: Cross Roads,"POLYGON ((-96.98827 33.252577, -97.014115 33.239306, -97.049806 33.239893, -97.049657 33.234769, -97.030818 33.235788, -97.017453 33.233171, -97.045121 33.193077, -97.042949 33.1791, -97.02818 33.169038, -97.027548 33.153648, -97.015538 33.136231, -97.011685 33.135032, -97.011902 33.133696, -96.941506 33.133696, -96.941365 33.1339, -96.942971 33.137867, -96.935344 33.142632, -96.931616 33.148039, -96.931672 33.148058, -96.932117 33.155725, -96.927994 33.160251, -96.922355 33.164306, -96.923457 33.165062, -96.934428 33.158349, -96.934247 33.146162, -96.94635 33.13857, -96.95269 33.142634, -96.953922 33.147716, -96.954485 33.155481, -96.949385 33.160613, -96.926026 33.183135, -96.915252 33.192386, -96.915268 33.192405, -96.927376 33.187526, -96.931739 33.183686, -96.93818 33.177498, -96.941961 33.177902, -96.949411 33.181996, -96.948931 33.191242, -96.954738 33.204949, -96.951829 33.211292, -96.947476 33.209035, -96.945131 33.213086, -96.945346 33.218796, -96.945756 33.219316, -96.947168 33.221109, -96.945969 33.223651, -96.946943 33.229969, -96.942665 33.232282, -96.942459 33.232488, -96.940468 33.234486, -96.939453 33.235503, -96.940821 33.237485, -96.940963 33.249829, -96.965051 33.251505, -96.98827 33.252577))",true,null
163,"Dallas-Fort Worth, TX",3229,TX: Denton,"POLYGON ((-97.1776584 33.2631938, -97.1771434 33.1987223, -97.1501926 33.1988659, -97.1498318 33.121963, -97.076704 33.1205253, -97.0636753 33.1215524, -97.0643615 33.1114878, -97.0544055 33.1054489, -97.0342353 33.1072734, -97.0195694 33.0992899, -97.003082 33.0954223, -96.9956534 33.1027965, -97.0153407 33.1133762, -97.0118328 33.1349577, -97.0271107 33.1397102, -97.028313 33.1689833, -97.0430759 33.1790411, -97.0493415 33.2193595, -97.0499423 33.2399379, -97.0904544 33.2405122, -97.0911411 33.2631938, -97.1776584 33.2631938))",true,null
163,"Dallas-Fort Worth, TX",3198,TX: Duncanville,"POLYGON ((-96.9649945 32.6953084, -96.9649455 32.6394986, -96.94633041063723 32.602723069362106, -96.92718744957128 32.602627175603835, -96.9269082805267 32.58064270058862, -96.8538904 32.5798952, -96.8104992 32.5799529, -96.8133332 32.6949605, -96.9649945 32.6953084))",true,null
163,"Dallas-Fort Worth, TX",3205,TX: Edgecliff Village/Benbrook,"POLYGON ((-97.4816035 32.7006655, -97.4754237 32.6568853, -97.4479579 32.650526, -97.4342249 32.628554, -97.4340535 32.6016728, -97.391061 32.6016782, -97.3905041 32.6281334, -97.3052182 32.6289194, -97.3061352 32.6497908, -97.320181 32.6497795, -97.3205243 32.6716018, -97.3881589 32.7015085, -97.4816035 32.7006655))",true,null
163,"Dallas-Fort Worth, TX",3215,TX: Farmers Branch,"POLYGON ((-96.9245854 32.9308596, -96.9245352 32.8510957, -96.8782572 32.822971, -96.8383362 32.8339084, -96.8371345 32.8959089, -96.8394413 32.9297069, -96.9245854 32.9308596))",true,null
163,"Dallas-Fort Worth, TX",4912,TX: Fate,"POLYGON ((-96.344687 32.987347, -96.416972 32.987347, -96.441266 32.952046, -96.433593 32.936267, -96.426611 32.909721, -96.427776 32.897982, -96.416972 32.882267, -96.344687 32.882267, -96.25181560389818 32.983316224649364, -96.28902293592402 33.01191752970042, -96.344687 32.987347))",false,null
163,"Dallas-Fort Worth, TX",3230,TX: Flower Mound,"POLYGON ((-97.1498318 33.121963, -97.1508618 33.0196845, -97.085443 32.9921764, -97.0574288 32.9748135, -97.0399685 32.9839812, -97.0301838 33.0595455, -97.004263 33.0722051, -97.0011015 33.0774467, -97.0279275 33.0870566, -97.0289361 33.0967291, -97.0409325 33.0932774, -97.047347 33.0966595, -97.0568235 33.0950028, -97.0657821 33.0975195, -97.0709964 33.0968718, -97.077777 33.105104, -97.0709533 33.107728, -97.076704 33.1205253, -97.1498318 33.121963))",true,null
163,"Dallas-Fort Worth, TX",4337,TX: Forney,"POLYGON ((-96.51431846300629 32.78028156957548, -96.51694262384336 32.741876848602736, -96.54338329901265 32.69996447197074, -96.48099696183537 32.69561451831527, -96.45387751252998 32.696127925295976, -96.41789500927494 32.69300722487805, -96.38037428024488 32.694822068284765, -96.3834215825638 32.72628255176179, -96.38536136077123 32.73622456938326, -96.38805603916707 32.74669100232717, -96.38990867150827 32.76561058014021, -96.43980920225944 32.80871853963633, -96.46911997125788 32.80919834943017, -96.48973367287842 32.81179733327689, -96.51431846300629 32.78028156957548))",true,null
163,"Dallas-Fort Worth, TX",3204,TX: Fort Worth,"POLYGON ((-97.3891889 32.7708187, -97.3885022 32.726062, -97.2499715 32.7264952, -97.2495489 32.8022583, -97.2620192 32.8021419, -97.3050748 32.802135, -97.3052465 32.7719734, -97.3891889 32.7708187))",true,null
163,"Dallas-Fort Worth, TX",3222,TX: Frisco,"POLYGON ((-96.931839 33.183762, -96.927456 33.187618, -96.914583 33.192806, -96.914579 33.192802, -96.925927 33.183058, -96.949283 33.16054, -96.954347 33.155444, -96.953789 33.147731, -96.952568 33.142698, -96.946349 33.138711, -96.934383 33.146218, -96.934563 33.158405, -96.923453 33.165205, -96.922145 33.164308, -96.927896 33.160173, -96.93198 33.15569, -96.931541 33.148136, -96.924027 33.14558, -96.931053 33.145173, -96.942812 33.137825, -96.939979 33.13083, -96.928675 33.127824, -96.921269 33.126955, -96.915738 33.129226, -96.905352 33.1273, -96.897903 33.129772, -96.896117 33.130488, -96.762672 33.126414, -96.761962 33.158132, -96.763852 33.20069, -96.742338 33.230606, -96.742268 33.230609, -96.742205 33.230697, -96.74089 33.23068, -96.729834 33.231252, -96.728672 33.279931, -96.729925 33.279929, -96.711193 33.307048, -96.747336 33.35935, -96.81962 33.35935, -96.855763 33.307048, -96.828629 33.267762, -96.842472 33.252944, -96.928259 33.246556, -96.942339 33.232433, -96.942442 33.232167, -96.946679 33.229876, -96.945681 33.22366, -96.946851 33.221229, -96.94564 33.219374, -96.945213 33.218831, -96.945208 33.218712, -96.945165 33.218646, -96.945205 33.218626, -96.944995 33.213061, -96.94742 33.208873, -96.951762 33.211125, -96.954595 33.204947, -96.948795 33.191259, -96.949274 33.182055, -96.941913 33.178011, -96.938234 33.177617, -96.931839 33.183762))",true,null
163,"Dallas-Fort Worth, TX",3220,TX: Garland,"POLYGON ((-96.6827537 32.9650027, -96.6902676 32.8961295, -96.6281424 32.8700732, -96.586257 32.8719476, -96.5988549 32.8879579, -96.59587 32.8948686, -96.5907196 32.886364, -96.5630498 32.8731651, -96.548749 32.875624, -96.5505085 32.8827597, -96.5495215 32.8920578, -96.5439426 32.8976423, -96.5484915 32.9173513, -96.5402518 32.9219625, -96.5336431 32.9042905, -96.5353401 32.8948768, -96.5407672 32.8885976, -96.5391359 32.8806698, -96.5233632 32.8769039, -96.5181496 32.86701, -96.5130434 32.8720196, -96.5177225 32.8889199, -96.5024863 32.9167749, -96.5134726 32.9277261, -96.5193091 32.9473195, -96.6168358 32.9485824, -96.6827537 32.9650027))",true,null
163,"Dallas-Fort Worth, TX",4732,TX: Granbury,"POLYGON ((-97.588404 32.447817, -97.698158 32.533016, -97.929035 32.520481, -97.852428 32.419251, -97.840962 32.421485, -97.840849 32.421319, -97.849233 32.419659, -97.852136 32.419081, -97.84801 32.41378, -97.744508 32.313401, -97.573974 32.318944, -97.524563 32.347393, -97.588404 32.447817))",true,null
163,"Dallas-Fort Worth, TX",3209,TX: Grand Prairie,"POLYGON ((-97.0720424 32.8031403, -97.0706889 32.7583863, -97.0571276 32.7583863, -97.0569448 32.7097209, -97.0558997 32.6378979, -97.0177765 32.6385524, -96.9649455 32.6394986, -96.9649945 32.6953084, -96.9769618 32.6974454, -96.9738719 32.7241663, -96.9549891 32.7381736, -96.9375286 32.7276621, -96.9375286 32.7920457, -97.0198952 32.7886812, -97.0428768 32.8031281, -97.0599782 32.8033997, -97.0720424 32.8031403))",true,null
163,"Dallas-Fort Worth, TX",3231,TX: Grapevine,"POLYGON ((-97.1458344 33.0024588, -97.1801666 32.9399566, -97.17836 32.8970871, -97.0915894 32.8993208, -97.0723633 32.9171913, -97.0431809 32.9273499, -97.01623 32.9781256, -97.0399685 32.9839812, -97.0574288 32.9748135, -97.0548538 32.9621398, -97.0610337 32.9493203, -97.0694021 32.9617084, -97.0962242 32.9797096, -97.12575 32.9863334, -97.1458344 33.0024588))",true,null
163,"Dallas-Fort Worth, TX",3227,TX: Hebron,"POLYGON ((-96.9269028 33.049945, -96.9261325 32.9816531, -96.7948093 32.9835771, -96.794981 32.9962477, -96.8094865 33.0535421, -96.9178914 33.0585065, -96.9269028 33.049945))",true,null
163,"Dallas-Fort Worth, TX",3199,TX: Hutchins/Lancaster,"POLYGON ((-96.7929055 32.7658637, -96.7908455 32.695105, -96.8133332 32.6949605, -96.8104992 32.5799529, -96.7817927 32.5795336, -96.75783362954675 32.558200214391746, -96.66001306162043 32.56101835540214, -96.6912819 32.6517556, -96.7131609 32.7121768, -96.717486 32.7664638, -96.7929055 32.7658637))",true,null
163,"Dallas-Fort Worth, TX",3216,TX: Irving,"POLYGON ((-97.0599782 32.8033997, -97.0428768 32.8031281, -97.0198952 32.7886812, -96.9375286 32.7920457, -96.8773109 32.8020546, -96.8782572 32.822971, -96.9245352 32.8510957, -96.9906248 32.889159, -97.0439278 32.8569142, -97.0442731 32.8372985, -97.0622974 32.8372272, -97.0599782 32.8033997))",true,null
163,"Dallas-Fort Worth, TX",4962,TX: Krum,"POLYGON ((-97.156293 33.263194, -97.18958 33.311388, -97.261864 33.311388, -97.298007 33.259057, -97.261864 33.206695, -97.18958 33.206695, -97.177349 33.224418, -97.177658 33.263194, -97.156293 33.263194))",true,null
163,"Dallas-Fort Worth, TX",3228,TX: Lewisville,"POLYGON ((-96.9920747 33.0705151, -96.9960389 33.0769352, -97.0011015 33.0774467, -97.004263 33.0722051, -97.0301838 33.0595455, -97.0399685 32.9839812, -97.01623 32.9781256, -96.9259854 32.9592109, -96.9261325 32.9816531, -96.9269028 33.049945, -96.9970959 33.0672243, -96.9920747 33.0705151))",true,null
163,"Dallas-Fort Worth, TX",3201,TX: Mansfield,"POLYGON ((-97.2473021 32.638693, -97.1786376 32.568587, -97.175891 32.5231499, -97.0818568 32.5074692, -97.0596763 32.5234394, -97.0598479 32.5457266, -97.0536262 32.5562233, -97.0475752 32.5590512, -97.0490343 32.5629709, -97.0553864 32.5628531, -97.0552159 32.5655113, -97.0425135 32.5695253, -97.0407099 32.5789648, -97.0323821 32.5897059, -97.0358364 32.5953272, -97.0349993 32.609192, -97.0398494 32.618411, -97.0529828 32.6075658, -97.0601912 32.5914415, -97.0641393 32.5952017, -97.0670577 32.5995404, -97.0586469 32.6166028, -97.0622518 32.6200732, -97.0564147 32.6199291, -97.0519306 32.6252789, -97.0474462 32.626725, -97.0391633 32.6314959, -97.0301505 32.6293266, -97.0244859 32.6315676, -97.0177765 32.6385524, -97.0558997 32.6378979, -97.2473021 32.638693))",true,null
163,"Dallas-Fort Worth, TX",3223,TX: McKinney,"POLYGON ((-96.7637159 33.2006607, -96.7618276 33.1581332, -96.6981412 33.1513736, -96.6481887 33.1566603, -96.6269027 33.1672942, -96.61137472856204 33.158846712049495, -96.60433728889663 33.17479010070181, -96.60047077754515 33.18521574839801, -96.5857920292844 33.22144343678634, -96.60352397725386 33.22243074965329, -96.6251861 33.2302095, -96.65161480787589 33.23531153656869, -96.68023166707306 33.23370258179686, -96.7422592 33.2304967, -96.7637159 33.2006607))",true,null
163,"Dallas-Fort Worth, TX",3212,TX: Mesquite,"POLYGON ((-96.717486 32.7664638, -96.7131609 32.7121768, -96.61670098830814 32.659154487783574, -96.5452761 32.6974432, -96.51686968699815 32.74223132753209, -96.51433945413241 32.78020541364026, -96.5502614 32.7846879, -96.6079396 32.7939238, -96.7178029 32.7881515, -96.717486 32.7664638))",true,null
163,"Dallas-Fort Worth, TX",3217,TX: North Irving,"POLYGON ((-97.0437626 32.8950325, -97.0351314 32.8944769, -97.0334768 32.9158166, -97.0223473 32.9176216, -97.00717269550783 32.90310319350074, -96.9906248 32.889159, -96.9245352 32.8510957, -96.9245854 32.9308596, -96.9259854 32.9592109, -97.01623 32.9781256, -97.0431809 32.9273499, -97.0437626 32.8950325))",true,null
163,"Dallas-Fort Worth, TX",4961,TX: Northlake,"POLYGON ((-97.198354 33.153637, -97.270638 33.153637, -97.306781 33.101212, -97.296908 33.086885, -97.293337 33.086885, -97.267067 33.048755, -97.198354 33.048755, -97.162211 33.101212, -97.198354 33.153637))",true,null
163,"Dallas-Fort Worth, TX",3225,TX: Plano,"POLYGON ((-96.7590845 33.0933884, -96.7926637 33.0539737, -96.8094865 33.0535421, -96.794981 32.9962477, -96.6828807 32.9948634, -96.6531834 33.0525033, -96.6509517 33.0807751, -96.6932444 33.0832964, -96.7590845 33.0933884))",true,null
163,"Dallas-Fort Worth, TX",4824,TX: Princeton,"POLYGON ((-96.5850295502677 33.22188382179445, -96.45120613934418 33.199342996187276, -96.476380840409 33.134644488736036, -96.61064591275469 33.15831119486392, -96.5850295502677 33.22188382179445))",true,null
163,"Dallas-Fort Worth, TX",3219,TX: Richardson,"POLYGON ((-96.794981 32.9962477, -96.7948093 32.9835771, -96.7870846 32.8964177, -96.6902676 32.8961295, -96.6827537 32.9650027, -96.6828807 32.9948634, -96.794981 32.9962477))",true,null
163,"Dallas-Fort Worth, TX",3809,TX: Rockwall,"POLYGON ((-96.4758772750675 32.97419124287465, -96.45202095263134 32.9743562998354, -96.44265970236239 32.95491170146214, -96.43359303809095 32.93626681268938, -96.4266110732057 32.909721404042735, -96.4286645922896 32.889031150804904, -96.44673556022786 32.883857832333625, -96.46114299540106 32.848418472040365, -96.4792574673652 32.834596794263376, -96.48821666744868 32.87730452870149, -96.48410965704059 32.88928980899714, -96.48287755135628 32.901618297762006, -96.47363673294245 32.908299104554914, -96.47014574419221 32.91532418319221, -96.47630625775595 32.926959589437544, -96.49106256584555 32.950736454684865, -96.4758772750675 32.97419124287465))",true,null
163,"Dallas-Fort Worth, TX",3234,TX: Sansom Park/Melody Hills,"POLYGON ((-97.2620041 32.8500846, -97.4001915 32.8500846, -97.4425479 32.8497277, -97.4413463 32.8241985, -97.4528476 32.8054436, -97.4631473 32.8037122, -97.4537059 32.7944773, -97.4219485 32.7979405, -97.416627 32.7884164, -97.3891889 32.7708187, -97.3052465 32.7719734, -97.3050748 32.802135, -97.2620192 32.8021419, -97.2620041 32.8500846))",true,null
163,"Dallas-Fort Worth, TX",4911,TX: Seagoville,"POLYGON ((-96.543383 32.699964, -96.541666 32.702687, -96.541951 32.702687, -96.545276 32.697443, -96.611118 32.662148, -96.619453 32.649994, -96.58331 32.59727, -96.511025 32.59727, -96.474883 32.649994, -96.507437 32.697458, -96.543383 32.699964))",false,null
163,"Dallas-Fort Worth, TX",3202,TX: South Arlington,"POLYGON ((-97.2495489 32.7097209, -97.2477828 32.6506105, -97.2473021 32.638693, -97.0558997 32.6378979, -97.0569448 32.7097209, -97.2495489 32.7097209))",true,null
163,"Dallas-Fort Worth, TX",3210,TX: South Dallas,"POLYGON ((-96.9375286 32.7920457, -96.9375286 32.7276621, -96.9649945 32.6953084, -96.8133332 32.6949605, -96.7908455 32.695105, -96.7929055 32.7658637, -96.8084665 32.7659586, -96.8283792 32.7906387, -96.8773109 32.8020546, -96.9375286 32.7920457))",true,null
163,"Dallas-Fort Worth, TX",3203,TX: South Fort Worth,"POLYGON ((-97.3885022 32.726062, -97.3881589 32.7015085, -97.3205243 32.6716018, -97.320181 32.6497795, -97.3061352 32.6497908, -97.30493662830933 32.63004756393353, -97.26940588535598 32.62938512372693, -97.24966793888592 32.62987923339812, -97.2477828 32.6506105, -97.2495489 32.7097209, -97.2499715 32.7264952, -97.3885022 32.726062))",true,null
163,"Dallas-Fort Worth, TX",4730,TX: Terrell,"POLYGON ((-96.354290964020052 32.774953159460992, -96.355981168407709 32.718445338444738, -96.304429934584178 32.681820519682837, -96.238511963465555 32.681464865256153, -96.214426550941468 32.732309064702861, -96.240624718950116 32.774953159460992, -96.354290964020052 32.774953159460992))",true,null
163,"Dallas-Fort Worth, TX",3226,TX: The Colony,"POLYGON ((-96.9178914 33.0585065, -96.8094865 33.0535421, -96.7926637 33.0539737, -96.7590845 33.0933884, -96.76254 33.1262973, -96.8960889 33.1303741, -96.90494838867421 33.12682283829155, -96.91513925490923 33.128413246149314, -96.92157448326589 33.12573017288555, -96.93283087025956 33.1265204951224, -96.93805712374223 33.12186638016694, -96.9355125673532 33.109581050174135, -96.92644 33.0954179, -96.9222652 33.0802567, -96.92422281881846 33.07524819073814, -96.9178914 33.0585065))",true,null
163,"Dallas-Fort Worth, TX",3214,TX: University Park,"POLYGON ((-96.8371345 32.8959089, -96.8383362 32.8339084, -96.7191762 32.8291267, -96.6902676 32.8961295, -96.8371345 32.8959089))",true,null
163,"Dallas-Fort Worth, TX",3211,TX: Uptown Dallas,"POLYGON ((-96.8782572 32.822971, -96.8773109 32.8020546, -96.8283792 32.7906387, -96.8084665 32.7659586, -96.7929055 32.7658637, -96.717486 32.7664638, -96.7178029 32.7881515, -96.7191762 32.8291267, -96.8383362 32.8339084, -96.8782572 32.822971))",true,null
163,"Dallas-Fort Worth, TX",3200,TX: Waxahachie/Red Oak/Midlothian,"POLYGON ((-96.8538904 32.5798952, -96.89225728986949 32.57995733642146, -96.8955132331983 32.5479464449006, -96.90388796583647 32.53485838614123, -96.93263450163822 32.50755896200008, -96.9439182 32.5039427, -97.0183421 32.5048633, -97.0596763 32.5234394, -97.0818568 32.5074692, -97.0179987 32.4625806, -97.00040323550917 32.456797174195415, -96.98280333094146 32.444791736691606, -96.9694327285509 32.428739724972445, -96.9057322 32.4321595, -96.9033236 32.3824474, -96.85356738616402 32.35118191101446, -96.7766428 32.3811449, -96.78785398863639 32.44242827172517, -96.79423813144278 32.50710726648468, -96.75579107709898 32.55632487692936, -96.77171938300724 32.57053571297206, -96.7817927 32.5795336, -96.8104992 32.5799529, -96.8538904 32.5798952))",true,null
163,"Dallas-Fort Worth, TX",3232,TX: Westlake,"POLYGON ((-97.17377 33.019089, -97.174114 33.0283, -97.184756 33.033193, -97.184756 33.040101, -97.261958 33.041338, -97.293337 33.086885, -97.365621 33.086885, -97.401764 33.03442, -97.39149 33.0195, -97.451746 33.0195, -97.487889 32.966995, -97.451746 32.914459, -97.427846 32.914459, -97.424498 32.923269, -97.421544 32.931042, -97.411559 32.930943, -97.403506 32.930863, -97.392122 32.930831, -97.372072 32.930776, -97.371083 32.930778, -97.368234 32.930783, -97.368132 32.93093, -97.346167 32.93082, -97.343757 32.930824, -97.338787 32.930832, -97.333412 32.930804, -97.327346 32.930772, -97.315905 32.930781, -97.238535 32.929995, -97.22155 32.929822, -97.220039 32.897722, -97.178496 32.897109, -97.17921 32.914061, -97.180302 32.939979, -97.145962 33.002496, -97.16759 33.008725, -97.167247 33.015634, -97.17377 33.019089))",true,null
163,"Dallas-Fort Worth, TX",3206,TX: White Settlement,"POLYGON ((-97.51085823032223 32.76731692592155, -97.51718726100992 32.752534277043, -97.52141742434989 32.73377674812727, -97.4816035 32.7006655, -97.3881589 32.7015085, -97.3885022 32.726062, -97.3891889 32.7708187, -97.416627 32.7884164, -97.4332248 32.7846285, -97.4656688 32.7912669, -97.5056110293702 32.769964232497564, -97.51085823032223 32.76731692592155))",true,null
163,"Dallas-Fort Worth, TX",3221,TX: Wylie,"POLYGON ((-96.478264 32.970506, -96.475877 32.974191, -96.452021 32.974356, -96.450167 32.970506, -96.428563 32.970506, -96.416972 32.987347, -96.408233 32.987347, -96.383681 33.023009, -96.419824 33.075481, -96.492108 33.075481, -96.65024844496982 33.080167560091105, -96.65289377947684 33.051373991898814, -96.68197309918006 32.99496706794012, -96.68214693167081 32.96549899014499, -96.61693279172866 32.94898711125934, -96.51909615234469 32.947460521161844, -96.49116099143751 32.95146886221582, -96.478264 32.970506))",true,null
163,"Dallas-Fort Worth, TX",3213,TX: Zacha Junction,"POLYGON ((-96.6902676 32.8961295, -96.7202132 32.8291231, -96.7178029 32.7881515, -96.6079396 32.7939238, -96.5502614 32.7846879, -96.5475148 32.8527798, -96.5447524 32.8567094, -96.5375802 32.8592688, -96.5387671 32.8622933, -96.5369361 32.865541, -96.5416783 32.8683528, -96.5473649 32.8652891, -96.5535661 32.8620089, -96.5603036 32.8636667, -96.5653958 32.8627656, -96.5703168 32.8660456, -96.5784423 32.8660444, -96.586257 32.8719476, -96.6281424 32.8700732, -96.6902676 32.8961295))",true,null
410,"Danbury, CT",3846,CT: Danbury,"POLYGON ((-73.5237379 41.4679156, -73.5402174 41.3772965, -73.4688062 41.319564, -73.3479566 41.4082036, -73.5237379 41.4679156))",true,null
1047,"Dandridge, TN",4624,TN: Dandridge,"POLYGON ((-83.5568848 36.021945, -83.540577 35.9923668, -83.378861741760772 36.0277543313556, -83.406148777218874 36.065118193352539, -83.5568848 36.021945))",true,null
1115,"Dansville, NY",4695,NY: Dansville,"POLYGON ((-77.7141278 42.5920989, -77.7395336 42.5733925, -77.6955883 42.5369749, -77.663316 42.556198, -77.7141278 42.5920989))",false,null
625,"Danville, IL",4085,IL: Danville,"POLYGON ((-87.6528705 40.1949648, -87.7160419 40.1004898, -87.6212848 40.0374335, -87.494942 40.1225457, -87.6528705 40.1949648))",true,null
832,"Danville, KY",4396,KY: Danville,"POLYGON ((-84.8268955 37.7045789, -84.8241489 37.6089041, -84.744498 37.5936718, -84.6978061 37.6176069, -84.6978061 37.6763242, -84.8268955 37.7045789))",true,null
622,"Davenport, IL",4081,IL: Davenport,"POLYGON ((-90.7235052 41.5137007, -90.5257513 41.3736986, -90.2895452 41.5219267, -90.5532171 41.6698161, -90.7235052 41.5137007))",true,null
226,"Daytona Beach, FL",3830,FL: Daytona Beach,"POLYGON ((-80.9498432737978 29.115096317092302, -80.9388569456064 29.109097304318595, -80.91551099819958 29.071895620379102, -80.8605793572425 28.991446102616006, -80.98966871349168 28.9974519622668, -81.0734394659512 29.135490343755396, -81.10639845052539 29.195449321592804, -81.1073529633002 29.198240678751706, -81.16484271781513 29.198240678751706, -81.20098517563031 29.25287247, -81.16484271781513 29.307475100658294, -81.14114192329632 29.307475100658294, -81.1475971812432 29.3356163198843, -81.05558668264008 29.3392078174495, -80.9498432737978 29.115096317092302))",true,null
226,"Daytona Beach, FL",3831,FL: Flagler Beach,"POLYGON ((-81.148970472267209 29.340721018632333, -81.0610798467359 29.345509414130849, -81.176436292745734 29.596583673629848, -81.260207045205277 29.59300127982273, -81.148970472267209 29.340721018632333))",true,null
577,"Decater, AL",4027,AL: Decatur,"POLYGON ((-86.981306 34.623931, -86.994576 34.623931, -86.995435 34.624461, -86.995515 34.623931, -87.053591 34.623931, -87.089733 34.572401, -87.053591 34.520839, -87.05233 34.520839, -87.048329 34.515128, -87.011942 34.515128, -87.02702 34.415134, -86.94325 34.38454, -86.752362 34.461571, -86.823773 34.519298, -86.91853 34.576984, -86.968948 34.608113, -86.976044 34.618227, -86.977304 34.618227, -86.981306 34.623931))",true,null
624,"Decatur, IL",4084,IL: Decatur,"POLYGON ((-89.1006742 39.9519403, -89.0835081 39.7452918, -88.7752043 39.7437079, -88.8026701 39.9556248, -89.1006742 39.9519403))",true,null
690,"Decatur, TX",4178,TX: Decatur,"POLYGON ((-97.559491 33.282687, -97.631776 33.282687, -97.667918 33.230339, -97.631776 33.177959, -97.559491 33.177959, -97.523348 33.230339, -97.559491 33.282687))",true,null
863,"Defiance, OH",4430,OH: Defiance,"POLYGON ((-84.3839986 41.3166068, -84.4499166 41.2763681, -84.3647726 41.2299081, -84.2851217 41.2980382, -84.3577274 41.3191953, -84.3839986 41.3166068))",true,null
1062,"Dekalb, IL",4642,IL: Dekalb,"POLYGON ((-88.7999457 41.9513944, -88.7807197 41.890085, -88.6900825 41.898263, -88.631475806989386 42.031640824010658, -88.681204403959825 42.037056863743373, -88.7999457 41.9513944))",true,null
931,"Del Rio, TX",4508,TX: Del Rio,"POLYGON ((-100.89797426591164 29.414180782474709, -100.92111783208509 29.41853953946859, -100.93475230773917 29.391224886541536, -100.9155198 29.3670664, -100.9415265 29.3478407, -100.9146615 29.3348969, -100.8704587 29.3570426, -100.8597299 29.3695348, -100.8686563 29.3774632, -100.8821317 29.368712, -100.887449551456 29.396003997889466, -100.89797426591164 29.414180782474709))",true,null
416,"Delaware, DE",3852,DE: Delaware,"POLYGON ((-75.7663731 39.5405365, -75.6894688 38.439017, -74.9698643 38.439017, -75.0632481 38.9363947, -75.7663731 39.5405365))",true,null
881,"Delaware, OH",4450,OH: Delaware,"POLYGON ((-82.99494430904721 40.25999260798733, -82.96061303436971 40.21459961, -82.99675549218486 40.16677897868651, -83.06904040781515 40.16677897868651, -83.10518286563033 40.21459961, -83.0869654225714 40.23869060186092, -83.1280202 40.2521205, -83.13900649999998 40.3254482, -83.03600969999998 40.3725455, -82.99494430904721 40.25999260798733))",true,null
868,"Delphos, OH",4435,OH: Delphos,"POLYGON ((-84.1706072 41.007279, -84.4095598 40.9097928, -84.4068132 40.6831539, -84.0113054 40.6977319, -84.1706072 41.007279))",true,null
862,"Delta, OH",4429,OH: Delta,"POLYGON ((-84.0805013 41.6745596, -84.0818746 41.5482678, -83.8594015 41.5677925, -83.8786276 41.6807138, -84.0805013 41.6745596))",true,null
1165,"Deltaville, VA",4885,VA: Deltaville,"POLYGON ((-76.312452 37.504151, -76.27631 37.553796, -76.312452 37.603408, -76.384737 37.603408, -76.420879 37.553796, -76.384737 37.504151, -76.312452 37.504151))",false,null
434,"Denton, MD",3870,MD: Denton,"POLYGON ((-75.8279098 38.9183192, -75.8811248 38.8597959, -75.8079971 38.8354638, -75.7626784 38.9030917, -75.8279098 38.9183192))",true,null
235,"Denver, CO",2903,CO: Aurora,"POLYGON ((-104.843358 39.825053, -104.823036 39.798015, -104.866626 39.798168, -104.866626 39.812938, -104.902957 39.812938, -104.902956 39.812906, -104.902956 39.812818, -104.90483 39.812823, -104.908549 39.812834, -104.908891 39.777958, -104.886576 39.777958, -104.886576 39.635595, -104.834047 39.635859, -104.834047 39.6229, -104.829841 39.622856, -104.802296 39.622564, -104.798238 39.622526, -104.79418 39.622496, -104.790114 39.622433, -104.785994 39.622511, -104.780539 39.622615, -104.769664 39.622822, -104.738101 39.622765, -104.735849 39.62279, -104.733998 39.62281, -104.729916 39.622854, -104.72187 39.622902, -104.720102 39.622922, -104.717992 39.622947, -104.715435 39.622971, -104.714167 39.622983, -104.71258 39.623002, -104.710369 39.623028, -104.708475 39.623033, -104.706508 39.623056, -104.712569 39.673082, -104.679388 39.673082, -104.643245 39.721249, -104.679388 39.769382, -104.751673 39.769382, -104.752478 39.76831, -104.752426 39.776959, -104.734931 39.776959, -104.698788 39.825053, -104.734931 39.873114, -104.807215 39.873114, -104.843358 39.825053))",true,null
235,"Denver, CO",2912,CO: Boulder,"POLYGON ((-105.286118 39.9680675, -105.2400698 39.9681004, -105.2400698 39.9730996, -105.17592139999999 39.9735395, -105.1466154 39.9734457, -105.1473471 40.031246, -105.0874473 40.0317387, -105.0866053 39.9709536, -105.0286135 39.9706781, -105.0326907 40.2966514, -105.1507937 40.2971752, -105.1508058 40.2007107, -105.2826419 40.0643357, -105.2822985 40.0438379, -105.3028979 40.0441008, -105.3028979 39.9994049, -105.2864184 39.9994049, -105.286118 39.9680675))",true,null
235,"Denver, CO",3768,CO: Castle Rock,"POLYGON ((-104.91812000710358 39.5325731402215, -104.79246387832681 39.53310272238904, -104.70663318927161 39.530984369480414, -104.70388660722186 39.461042468604695, -104.8274827994613 39.46157259600783, -104.82816944497375 39.408539870996286, -104.7842241321775 39.37457774337059, -104.79452381486412 39.35068822536598, -104.87348804879488 39.3517501552246, -104.92773304427774 39.388907531863644, -104.9167467160787 39.51509466247738, -104.91812000710358 39.5325731402215))",true,null
235,"Denver, CO",2904,CO: Centennial,"POLYGON ((-104.92021731683451 39.632179466531994, -104.92022593292782 39.62962849545697, -104.91958580595966 39.580338824076804, -104.91804859829813 39.533197766127714, -104.89118638076141 39.532853222960796, -104.83975772711564 39.53364083113713, -104.79720171730973 39.53400621230411, -104.77542525971982 39.533572838171104, -104.75073699845669 39.53295036055999, -104.70425520583403 39.53175508036308, -104.70490651663457 39.593660038076045, -104.70651628239237 39.62295183673808, -104.70847418010437 39.62292954472297, -104.71036770443229 39.62292378066316, -104.71416548214148 39.622879196620424, -104.71799008207364 39.62284287653285, -104.72186832614125 39.622798292451336, -104.72991449344056 39.62275044417725, -104.73399658585903 39.62270586002912, -104.7381001361896 39.622661275857844, -104.76966253846506 39.62271780260611, -104.78599090923902 39.622407241308586, -104.79011323488987 39.62232960077375, -104.79418191647692 39.62239244892066, -104.79823986944277 39.62242224089698, -104.80229782280762 39.62246029688945, -104.8341821 39.6227978, -104.8341821 39.6357545, -104.8867105 39.6354901, -104.92032444349628 39.63602168676223, -104.92021731592823 39.63376211478122, -104.92021731683451 39.632179466531994))",true,null
235,"Denver, CO",2908,CO: Downtown Denver,"POLYGON ((-105.0422124 39.727118, -104.9447088 39.726854, -104.9443655 39.7785883, -104.9090265 39.7778544, -104.9086831 39.8129381, -104.9088548 39.8151797, -105.0040962 39.8152479, -105.0042263 39.7994731, -105.0412174 39.7990268, -105.0422124 39.727118))",true,null
235,"Denver, CO",2906,CO: Englewood,"POLYGON ((-104.9090265 39.7778544, -104.9443655 39.7785883, -104.9447088 39.726854, -105.0422124 39.727118, -105.04227532102831 39.679925628989864, -105.04232236405468 39.67345580725302, -105.04122287503291 39.67200693893671, -105.02029475353197 39.65112155906463, -105.01970619233931 39.635660969329784, -104.97293023689066 39.63589243491634, -104.94998765214481 39.63589383347356, -104.92682237175278 39.63595239910832, -104.8867105 39.6354901, -104.8867105 39.7778544, -104.9090265 39.7778544))",true,null
235,"Denver, CO",2913,CO: Fort Collins,"POLYGON ((-104.834911 40.479549, -104.871054 40.527149, -104.934643 40.527149, -104.935874 40.623958, -105.141352 40.623958, -105.142554 40.54365, -105.118521 40.54365, -105.119208 40.413599, -105.152167 40.413076, -105.150795 40.297278, -105.120297 40.297143, -105.03269 40.296754, -104.965995 40.296579, -104.932991 40.296492, -104.933056 40.287863, -104.895804 40.287863, -104.891465 40.28213, -104.819181 40.28213, -104.783038 40.329869, -104.808565 40.363566, -104.933149 40.363411, -104.933718 40.363411, -104.934608 40.464266, -104.934149 40.464276, -104.930297 40.464319, -104.848194 40.464478, -104.846347 40.464482, -104.834911 40.479549))",true,null
235,"Denver, CO",2914,CO: Frederick,"POLYGON ((-105.0304903 40.0865141, -105.0288837 40.0096586, -104.9666141 40.0093541, -104.9665631 40.021766, -104.7727094 40.0218027, -104.7741168 40.1147052, -104.8867267 40.1152303, -104.88604 40.2343263, -104.9335902 40.2345884, -104.933127 40.2963896, -105.0326907 40.2966514, -105.0304903 40.0865141))",true,null
235,"Denver, CO",2915,CO: Greeley,"POLYGON ((-104.63250328436969 40.35029984, -104.66864574218485 40.30257505645901, -104.74093065781514 40.30257505645901, -104.77707311563032 40.35029984, -104.7669048924662 40.36372052132391, -104.93358410306023 40.36351355831123, -104.9344726949607 40.46416617385837, -104.93414564371147 40.46417309584399, -104.93029549157063 40.464216504827746, -104.64099559999998 40.464777, -104.6404806 40.3638775, -104.6427882837145 40.36387463459563, -104.63250328436969 40.35029984))",true,null
235,"Denver, CO",2911,CO: Henderson,"POLYGON ((-104.9030913 39.8129217, -104.90340125572317 39.84748518807896, -104.80253933081698 39.882239454622464, -104.6621646 40.0217988, -104.9665631 40.021766, -104.9666141 40.0093541, -104.9658078 39.9795905, -104.9867641 39.9795419, -104.9884672 39.8152321, -104.9088548 39.8151797, -104.9086831 39.8129381, -104.9030913 39.8129217))",true,null
235,"Denver, CO",2909,CO: Lakewood,"POLYGON ((-105.1526277 39.6735721, -105.0423629 39.6734468, -105.0422124 39.727118, -105.0412174 39.7990268, -105.0042263 39.7994731, -105.0040962 39.8152479, -105.1903932 39.8169127, -105.1903932 39.7754986, -105.2185457 39.7683739, -105.2254121 39.7768179, -105.2405183 39.7768179, -105.2405183 39.7551782, -105.2333689459182 39.739305102273406, -105.2000063 39.7274588, -105.2000063 39.7134628, -105.1526277 39.7134628, -105.1526277 39.6735721))",true,null
235,"Denver, CO",3606,CO: Littleton,"POLYGON ((-104.9177481955395 39.51448134762625, -104.99702790783338 39.515626683412954, -105.0314715281558 39.53005629634157, -105.0910519364921 39.540432883737765, -105.11057839692266 39.55451756692943, -105.12931813285358 39.56612204444967, -105.13755800841733 39.57840529122027, -105.15273833472259 39.673510533676634, -105.12557819754936 39.67346174884279, -105.09773141848605 39.67334690024756, -105.04238118090434 39.673381457371306, -105.03135721741309 39.662067909042484, -105.02033325085792 39.651016848573086, -105.0197429916809 39.63565191804086, -104.92039326527974 39.63592242123672, -104.9177481955395 39.51448134762625))",true,null
235,"Denver, CO",4958,CO: Platteville,"POLYGON ((-104.749935 40.21697, -104.786078 40.264755, -104.858362 40.264755, -104.886076 40.228117, -104.886203 40.20599, -104.858362 40.169151, -104.786078 40.169151, -104.749935 40.21697))",true,null
235,"Denver, CO",2910,CO: Westminster,"POLYGON ((-105.19052794729262 39.80846843499177, -105.20054065781513 39.80846843499177, -105.2366831156303 39.85654068, -105.20054065781513 39.904579276466556, -105.12825574218483 39.904579276466556, -105.10991085537835 39.88020045272211, -105.11000340000001 39.9222152, -105.1751758 39.922541, -105.17591988965286 39.973436231783154, -105.14647933419168 39.9733420009675, -105.14721105381052 40.0311439378445, -105.08758060978327 40.03163442302495, -105.08673863380454 39.97085096505189, -105.02847744990947 39.97057418487927, -105.02878180797747 39.99496172345353, -105.02888298435435 40.009555386506705, -104.96674609720613 40.00925153501809, -104.96594536421688 39.97969343462986, -104.98689778324169 39.979644843703475, -104.98860083132774 39.81534030530679, -105.00409535338123 39.81535140052772, -105.19052794729262 39.81701740970777, -105.19052794729262 39.80846843499177))",true,null
565,"Denver, NC",4013,NC: Denver,"POLYGON ((-81.0658147 35.5240581, -81.0579183 35.3951419, -80.9487417 35.3959815, -80.971401 35.5288081, -81.0658147 35.5240581))",true,null
296,"Des Moines, IA",4074,IA: Des Moines,"POLYGON ((-93.6075966 41.7578481, -93.7615414 41.7261375, -93.887748 41.6327461, -93.8410561 41.5197407, -93.7092201 41.4703673, -93.4510414 41.5074009, -93.38787 41.7025051, -93.6075966 41.7578481))",true,null
200,"Detroit, MI",3523,MI: Ann Arbor,"POLYGON ((-83.68650019999998 42.3177551, -83.53410093047667 42.311266262381935, -83.53031342863696 42.25709349784437, -83.52980474474995 42.24954528264496, -83.52978595170872 42.24954528264496, -83.52585370137598 42.193246161336496, -83.47925815637703 42.19353872807299, -83.50787915218484 42.15680038194741, -83.58016406781515 42.15680038194741, -83.61630652563029 42.20318985, -83.61096193617198 42.21004683425867, -83.7786933 42.2215255, -83.7987663 42.2422395, -83.800151 42.2891193, -83.7386227 42.3221169, -83.68650019999998 42.3177551))",true,null
200,"Detroit, MI",3521,MI: Auburn Hills,"POLYGON ((-83.310524 42.605308, -83.31039 42.605479, -83.281546 42.584025, -83.255931 42.580414, -83.255931 42.580494, -83.227438 42.580585, -83.230183 42.692566, -83.230051 42.692569, -83.230734 42.705748, -83.307784 42.706572, -83.311392 42.711165, -83.345408 42.711165, -83.341215 42.7165, -83.377358 42.762477, -83.449642 42.762477, -83.485785 42.7165, -83.465099 42.69017, -83.480147 42.69017, -83.51629 42.64414, -83.480147 42.598076, -83.407863 42.598076, -83.401736 42.605886, -83.392046 42.593531, -83.362064 42.593531, -83.36229 42.596773, -83.337802 42.625204, -83.310524 42.605308))",true,null
200,"Detroit, MI",3522,MI: Bloomfield,"POLYGON ((-83.430483 42.504709, -83.421455 42.497296, -83.421454 42.497296, -83.421253 42.49713, -83.421205 42.497091, -83.352494 42.495597, -83.260245 42.49359, -83.255931 42.535891, -83.255931 42.580313, -83.281612 42.583934, -83.291485 42.591278, -83.337778 42.625046, -83.362153 42.596747, -83.362028 42.594949, -83.361922 42.593432, -83.36078 42.577031, -83.407785 42.576768, -83.423605 42.596942, -83.49589 42.596942, -83.516566 42.570573, -83.553277 42.570573, -83.564368 42.556424, -83.563662 42.556424, -83.527441 42.510195, -83.552415 42.478301, -83.520774 42.478301, -83.531877 42.499766, -83.465352 42.498278, -83.460316 42.504709, -83.430483 42.504709))",true,null
200,"Detroit, MI",3508,MI: Dearborn,"POLYGON ((-83.0686345 42.3193526, -83.139359 42.316814, -83.1493153 42.3812625, -83.2193532 42.3816429, -83.2313695 42.3813893, -83.2296529 42.3118635, -83.2770314 42.3093246, -83.2790913 42.2737693, -83.1122365 42.2745314, -83.0974736 42.2959937, -83.0686345 42.3193526))",true,null
200,"Detroit, MI",3507,MI: Detroit,"POLYGON ((-83.1493153 42.3812625, -83.139359 42.316814, -83.0686345 42.3193526, -83.0384221 42.329379, -83.0435719 42.3811357, -83.1493153 42.3812625))",true,null
200,"Detroit, MI",3515,MI: Eastpointe,"POLYGON ((-83.0460611 42.4626167, -83.0435719 42.3811357, -82.8664909 42.4553498, -82.879722 42.4695863, -82.8783486 42.493387, -83.0460611 42.4626167))",true,null
200,"Detroit, MI",3513,MI: Farmington Hills,"POLYGON ((-83.523352 42.394165, -83.477485 42.394816, -83.477436 42.394817, -83.219837 42.398223, -83.223694 42.461603, -83.223169 42.477546, -83.251963 42.479569, -83.2602 42.49349, -83.421267 42.496993, -83.421516 42.497198, -83.531679 42.499662, -83.502361 42.442965, -83.515604 42.442965, -83.551747 42.396752, -83.515604 42.350504, -83.513685 42.350504, -83.523352 42.394165))",true,null
200,"Detroit, MI",3514,MI: Grosse Point,"POLYGON ((-82.8791939 42.417089, -82.8867518 42.3926235, -82.910093 42.3785514, -82.9284658 42.3561044, -82.9462304 42.3543922, -82.9636513 42.354707, -82.97538274450488 42.35073374348651, -82.95051171436968 42.31888962, -82.98665417218484 42.27258515853738, -83.05893908781513 42.27258515853738, -83.08498724660471 42.30596058130099, -83.06855383048723 42.319270164116006, -83.03828079255898 42.32931669920175, -83.03829139346438 42.32942328467741, -83.04343126625997 42.38108021856021, -82.8665350018793 42.45521700775732, -82.8791939 42.417089))",true,null
200,"Detroit, MI",3510,MI: Highland Park,"POLYGON ((-83.2193532 42.3816429, -83.1493153 42.3812625, -83.0435719 42.3811357, -83.0460611 42.4626167, -83.2235589 42.4616036, -83.2196965 42.398125, -83.2193532 42.3816429))",true,null
200,"Detroit, MI",4948,MI: Lake Orion,"POLYGON ((-83.209581 42.74226, -83.17918 42.780918, -83.20449 42.813084, -83.276774 42.813084, -83.312917 42.767145, -83.276774 42.721172, -83.20449 42.721172, -83.198747 42.728478, -83.209581 42.74226))",true,null
200,"Detroit, MI",3509,MI: Livonia/Westland,"POLYGON ((-83.2193532 42.3816429, -83.2196965 42.398125, -83.4774338 42.3947173, -83.5231938 42.3940682, -83.5049978 42.3118635, -83.2770314 42.3093246, -83.2296529 42.3118635, -83.2313695 42.3813893, -83.2193532 42.3816429))",true,null
200,"Detroit, MI",4897,MI: New Hudson,"POLYGON ((-83.649025 42.539736, -83.672167 42.510195, -83.657832 42.49189, -83.68581 42.49189, -83.721953 42.445713, -83.68581 42.399502, -83.613526 42.399502, -83.577383 42.445713, -83.591718 42.464032, -83.56374 42.464032, -83.527597 42.510195, -83.561038 42.552878, -83.537896 42.582399, -83.574039 42.628475, -83.646323 42.628475, -83.682466 42.582399, -83.649025 42.539736))",true,null
200,"Detroit, MI",4872,MI: Oakland Charter Township,"POLYGON ((-83.173438 42.696269, -83.101153 42.696269, -83.065011 42.74226, -83.101153 42.788218, -83.173438 42.788218, -83.209581 42.74226, -83.173438 42.696269))",true,null
200,"Detroit, MI",3520,MI: Rochester Hills,"POLYGON ((-83.0419066 42.6961601, -83.2300457 42.6924697, -83.2273009 42.5804861, -83.039367 42.581927, -83.0419066 42.6961601))",true,null
200,"Detroit, MI",4946,MI: Romeo,"POLYGON ((-82.977758 42.755452, -82.941615 42.8014, -82.977758 42.847314, -83.050042 42.847314, -83.086185 42.8014, -83.050042 42.755452, -82.977758 42.755452))",true,null
200,"Detroit, MI",3512,MI: Romulus,"POLYGON ((-83.2770314 42.3093246, -83.5049978 42.3118635, -83.5339656 42.3112605, -83.5257258 42.1933468, -83.2826533 42.194873, -83.2770314 42.3093246))",true,null
200,"Detroit, MI",4947,MI: Saline,"POLYGON ((-83.743258 42.120984, -83.707115 42.1674, -83.743258 42.213782, -83.815542 42.213782, -83.851685 42.1674, -83.815542 42.120984, -83.743258 42.120984))",true,null
200,"Detroit, MI",3517,MI: Southfield,"POLYGON ((-83.0537866 42.5369138, -83.2557967 42.5358869, -83.2601105 42.4935871, -83.2518708 42.4796623, -83.2230317 42.4776366, -83.2235589 42.4616036, -83.0460611 42.4626167, -83.0537866 42.5369138))",true,null
200,"Detroit, MI",3511,MI: Taylor,"POLYGON ((-83.141204 42.216744, -83.112287 42.274431, -83.278649 42.273672, -83.282523 42.194774, -83.282658 42.194773, -83.286115 42.115505, -83.287868 42.115505, -83.324011 42.069051, -83.287868 42.022563, -83.215584 42.022563, -83.179441 42.069051, -83.191984 42.085176, -83.186652 42.085151, -83.184549 42.09082, -83.187982 42.099354, -83.176223 42.130743, -83.141204 42.216744))",true,null
200,"Detroit, MI",3518,MI: Troy,"POLYGON ((-83.039367 42.581927, -83.2273009 42.5804861, -83.2557967 42.5803953, -83.2557967 42.5358869, -83.0537866 42.5369138, -83.039367 42.581927))",true,null
200,"Detroit, MI",3519,MI: Utica,"POLYGON ((-83.105488 42.69617, -83.104592 42.69503, -83.041774 42.696262, -83.040808 42.652836, -83.040581 42.652836, -83.03982 42.608365, -83.039235 42.582031, -82.808002 42.590619, -82.819192 42.622565, -82.819956 42.628458, -82.778555 42.628458, -82.742412 42.6745, -82.742668 42.674825, -82.713278 42.674825, -82.677135 42.720833, -82.713278 42.766807, -82.785562 42.766807, -82.810834 42.734665, -82.859057 42.734665, -82.860841 42.732394, -82.989383 42.732394, -82.999174 42.74485, -83.066892 42.74485, -83.066357 42.74417, -83.064855 42.74226, -83.101075 42.69617, -83.105488 42.69617))",true,null
200,"Detroit, MI",3516,MI: Warren/Sterling Heights,"POLYGON ((-83.0460611 42.4626167, -82.8783486 42.493387, -82.8711389 42.5202152, -82.8429864 42.5541137, -82.8299401 42.566252, -82.8072808 42.5708032, -82.8079675 42.5905214, -83.039367 42.581927, -83.0537866 42.5369138, -83.0460611 42.4626167))",true,null
650,"Dickinson, TN",4127,TN: Dickinson,"POLYGON ((-87.4314757 36.1076252, -87.4314757 36.0410272, -87.324359 36.0121505, -87.2914001 36.0765532, -87.4314757 36.1076252))",true,null
1022,"Dobson, NC",4599,NC: Dobson,"POLYGON ((-80.7309772 36.411351, -80.7350971 36.3837163, -80.6932117 36.3765296, -80.6842853 36.4135613, -80.7309772 36.411351))",true,null
930,"Douglas, AZ",4507,AZ: Douglas,"POLYGON ((-109.5735425 31.3740894, -109.5749158 31.3389079, -109.5035047 31.337735, -109.5089979 31.3793655, -109.5735425 31.3740894))",true,null
587,"Douglas, GA",4040,GA: Douglas,"POLYGON ((-82.8865355 31.543947, -82.8837889 31.4690131, -82.784912 31.5041458, -82.8096312 31.5486283, -82.8865355 31.543947))",true,null
817,"Dover, OH",4378,OH: Dover,"POLYGON ((-81.50373 40.550759, -81.50373 40.5314521, -81.4439919 40.4656624, -81.4240792 40.4985653, -81.4700844 40.5533676, -81.50373 40.550759))",true,null
835,"Dry Ridge, KY",4399,KY: Dry Ridge,"POLYGON ((-84.6606081 38.7220061, -84.6056765 38.5847318, -84.4958132 38.599759, -84.616662691896977 38.893228928283655, -84.828149504614416 38.835487213860105, -84.6606081 38.7220061))",true,null
1128,"Dryden, NY",4708,NY: Dryden,"POLYGON ((-76.3758212 42.5172614, -76.2920505 42.4635909, -76.2439853 42.5010638, -76.3263828 42.5395262, -76.3758212 42.5172614))",false,null
859,"Dundee, MI",4426,MI: Dundee,"POLYGON ((-83.6939762 41.9888396, -83.6761235 41.9357394, -83.593726 41.9367609, -83.6102055 41.9919017, -83.6939762 41.9888396))",true,null
917,"Durango, CO",4492,CO: Durango,"POLYGON ((-107.9335873 37.3143203, -107.9239743 37.2181445, -107.7619259 37.2465729, -107.8223507 37.3558127, -107.9335873 37.3143203))",true,null
1150,"Durant, OK",4731,OK: Durant,"POLYGON ((-96.437331326790925 34.04527748723433, -96.4601883322562 33.966778759692289, -96.4384197556226 33.915309233585923, -96.341549589603076 33.922534903744818, -96.328488443622931 33.997465060221565, -96.328488443622931 34.0705260069392, -96.405766890672211 34.073230759359738, -96.437331326790925 34.04527748723433))",true,null
932,"Eagle Pass, TX",4509,TX: Eagle Pass,"POLYGON ((-100.5016099 28.7483648, -100.5021249 28.7242816, -100.509678 28.703656, -100.4981767 28.6610369, -100.4657327 28.6595306, -100.4324304 28.6809179, -100.4293405 28.7212708, -100.4667626 28.7214213, -100.4626428 28.7467092, -100.5016099 28.7483648))",true,null
411,"East Haddam, CT",3847,CT: East Haddam,"POLYGON ((-72.4559477 41.5704802, -72.5946501 41.4717731, -72.4820402 41.3945535, -72.3117521 41.5221737, -72.4559477 41.5704802))",true,null
938,"East Lopez, TX",4515,TX: East Lopez,"POLYGON ((-98.6386878 26.3826018, -98.6599738 26.3296887, -98.7111289 26.3444575, -98.7360198 26.331381, -98.6503608 26.2630513, -98.6216933 26.26613, -98.601094 26.3024535, -98.6115653 26.383217, -98.6386878 26.3826018))",true,null
433,"Easton, MD",3869,MD: Easton,"POLYGON ((-76.0788762 38.8194825, -76.104282 38.7648934, -76.0757863 38.7314235, -76.0363041 38.7501686, -76.0122715 38.8224248, -76.0788762 38.8194825))",true,null
856,"Eaton Rapids, MI",4423,MI: Eaton Rapids,"POLYGON ((-84.6738016 42.5270555, -84.6731149 42.4966863, -84.6422159 42.482509, -84.6236764 42.5037738, -84.6332895 42.5285735, -84.6738016 42.5270555))",true,null
872,"Eaton, OH",4439,OH: Eaton,"POLYGON ((-84.7512201 39.8496562, -84.7457269 39.7061197, -84.5177606 39.7061197, -84.5424799 39.8749551, -84.7512201 39.8496562))",true,null
1033,"Edenton, NC",4610,NC: Edenton,"POLYGON ((-76.6224696 36.0859194, -76.6231562 36.0581694, -76.5943171 36.0515079, -76.5764643 36.0825899, -76.6224696 36.0859194))",true,null
955,"Edna, TX",4532,TX: Edna,"POLYGON ((-96.6657992 28.988208, -96.6654558 28.9556191, -96.6191073 28.9562199, -96.627347 28.9993189, -96.6659708 28.9912111, -96.6657992 28.988208))",true,null
1064,"Effingham, IL",4644,IL: Effingham,"POLYGON ((-88.5889109 39.1446107, -88.5930308 39.0987981, -88.5463389 39.0742814, -88.5051402 39.1424805, -88.5889109 39.1446107))",true,null
956,"El Campo, TX",4533,TX: El Campo,"POLYGON ((-96.3090606 29.2347293, -96.3066573 29.1607032, -96.2242599 29.166999, -96.2304397 29.2380248, -96.3090606 29.2347293))",true,null
701,"El Centro, CA",4201,CA: El Centro,"POLYGON ((-115.5413516 33.0172065, -115.6306155 32.8281561, -115.5578311 32.6595158, -115.4603274 32.6676086, -115.4589542 32.9930214, -115.5413516 33.0172065))",true,null
611,"El Dorado, AR",4062,AR: El Dorado,"POLYGON ((-92.7384833 33.2531074, -92.6753119 33.158886, -92.5874213 33.2140523, -92.661579 33.2737766, -92.7384833 33.2531074))",true,null
233,"El Paso, TX",2918,TX: East El Paso,"POLYGON ((-106.2463345 31.8131241, -106.377235 31.7952769, -106.40371529919379 31.744809434963873, -106.39044445584533 31.73755945439348, -106.3836055830879 31.733899644395297, -106.38067442821826 31.731896646902538, -106.37823155242813 31.729547521163095, -106.37324954437813 31.71446777582819, -106.3484031445233 31.696548853566913, -106.33743965513227 31.67154278980005, -106.3184900994943 31.658513815253123, -106.29324079787861 31.615867276906936, -106.21736151815493 31.631291569387717, -106.17510823327133 31.68299974584525, -106.19107482891872 31.710676927202538, -106.24897508422347 31.711617626863326, -106.2478223174218 31.742002206609023, -106.24721650844624 31.76411488711165, -106.2108578917741 31.771869950415685, -106.20490019244625 31.816481949797552, -106.2463345 31.8131241))",true,null
233,"El Paso, TX",2917,TX: El Paso,"POLYGON ((-106.5303115 31.7785953, -106.5198856 31.7710542, -106.5119892 31.7593783, -106.4876132 31.7444894, -106.47289044032776 31.751366784786462, -106.46903129974994 31.75864796137988, -106.46012949651 31.76288010262907, -106.45458989778736 31.764826077451982, -106.4493229364067 31.76427372222632, -106.44319228343377 31.760409651819415, -106.44012695695196 31.758537656975246, -106.43710202122021 31.75663128021999, -106.4172321 31.7497446, -106.4045291 31.7433215, -106.377235 31.7952769, -106.4043575 31.7954228, -106.4045291 31.8267862, -106.4354282 31.8266404, -106.3741451 31.922998, -106.34728459145002 31.966933295497274, -106.40486796201583 31.9538388873337, -106.4749103 31.9228523, -106.4742237 31.8537648, -106.461864 31.843266, -106.461864 31.8248901, -106.4694171 31.8184723, -106.4694171 31.8006751, -106.4990691 31.8019407, -106.5303115 31.7785953))",true,null
233,"El Paso, TX",2916,TX: NW El Paso,"POLYGON ((-106.621811 31.945085, -106.625412 31.933149, -106.629532 31.924116, -106.614426 31.920328, -106.647041 31.902842, -106.648414 31.893223, -106.632622 31.885644, -106.633931 31.88179, -106.655173 31.850543, -106.61903 31.797353, -106.546746 31.797353, -106.54432 31.800923, -106.530312 31.787934, -106.530312 31.778748, -106.499117 31.802057, -106.499101 31.802057, -106.506165 31.827381, -106.484966 31.858574, -106.521108 31.911728, -106.558178 31.911728, -106.562944 32.000527, -106.615856 32.000389, -106.627557 31.986939, -106.626693 31.975495, -106.619724 31.971929, -106.618055 31.962135, -106.617584 31.958779, -106.612755 31.955422, -106.613837 31.948895, -106.621811 31.945085))",true,null
972,"Elgin, TX",4549,TX: Elgin,"POLYGON ((-97.4394592 30.3422428, -97.3891624 30.3459465, -97.3666747 30.3253525, -97.3450454 30.3383909, -97.3591216 30.3718679, -97.4023803 30.3783842, -97.52098072180675 30.379998053850567, -97.5523700664115 30.372425417050273, -97.56402402749758 30.36948025613508, -97.58833933984813 30.36944137843975, -97.59164376727875 30.36314691359672, -97.5991994735939 30.347681373516213, -97.58576576131902 30.325123688608436, -97.4394592 30.3422428))",true,null
1034,"Elizabeth City, NC",4611,NC: Elizabeth City,"POLYGON ((-76.29177496563032 36.31980896, -76.25563250781515 36.370231393310895, -76.18334759218486 36.370231393310895, -76.1472051343697 36.31980896, -76.18334759218486 36.26935388627739, -76.25563250781515 36.26935388627739, -76.25675705074356 36.27092424632193, -76.3094449 36.3014157, -76.2842473981541 36.309303124151725, -76.29177496563032 36.31980896))",true,null
1021,"Elkin, NC",4598,NC: Elkin,"POLYGON ((-80.8965962 36.2755887, -80.8505909 36.2191051, -80.7990925 36.2168892, -80.8093922 36.2960677, -80.8965962 36.2755887))",true,null
909,"Elkins, WV",4478,WV: Elkins,"POLYGON ((-79.8924668 38.9661338, -79.907573 38.8977643, -79.7839769 38.8721088, -79.7729905 38.9597269, -79.8924668 38.9661338))",true,null
738,"Ellensburg, WA",4243,WA: Ellensburg,"POLYGON ((-120.506046 47.019564, -120.518665 47.019564, -120.531818 47.027095, -120.578172 47.021244, -120.578569 47.019282, -120.614473 46.976869, -120.578331 46.93414, -120.506046 46.93414, -120.469903 46.976869, -120.484374 46.993967, -120.480319 46.9976, -120.494163 47.00553, -120.506046 47.019564))",true,null
1057,"Ellsworth, WI",4637,WI: Ellsworth,"POLYGON ((-92.4986738 44.7585835, -92.4959272 44.7259068, -92.478761 44.7107815, -92.4670881 44.7122454, -92.4760145 44.7229796, -92.4547284 44.7244432, -92.4540418 44.735663, -92.4684614 44.7502941, -92.4849408 44.7512694, -92.4794477 44.759071, -92.4986738 44.7585835))",true,null
1098,"Elma, NY",4678,NY: Elma,"POLYGON ((-78.6375416 42.8575211, -78.6732472 42.8383911, -78.6746205 42.8242915, -78.6320485 42.7930595, -78.6615742 42.7895323, -78.6396016 42.7502159, -78.6025227 42.7512243, -78.5867299 42.7673569, -78.5894764 42.7955788, -78.6148823 42.7986018, -78.6203755 42.8318453, -78.6032093 42.8358736, -78.603896 42.8519841, -78.6375416 42.8575211))",true,null
1001,"Emerald Isle, NC",4577,NC: Emerald Isle,"POLYGON ((-77.0878823 34.6571678, -77.093633 34.6539906, -77.0937188 34.6493306, -77.1017869 34.6458707, -77.0975812 34.6434699, -77.0182736 34.6636629, -77.0171578 34.6744634, -77.0878823 34.6571678))",true,null
517,"Emporia, VA",3960,VA: Emporia,"POLYGON ((-77.5961393 36.7488325, -77.6339048 36.6436751, -77.4718564 36.6486334, -77.4691099 36.7257213, -77.5961393 36.7488325))",true,null
608,"Enid, OK",4059,OK: Enid,"POLYGON ((-98.0258448 36.4851698, -97.998379 36.2994522, -97.6852687 36.2728849, -97.7374537 36.502834, -98.0258448 36.4851698))",true,null
475,"Erie, PA",4862,PA: Edinboro,"POLYGON ((-80.169776 41.829017, -80.097491 41.829017, -80.061349 41.875646, -80.097491 41.922242, -80.169776 41.922242, -80.205919 41.875646, -80.169776 41.829017))",false,null
475,"Erie, PA",3918,PA: Erie,"POLYGON ((-80.3108484 42.0387567, -80.2119715 41.9121592, -79.7889978 42.0713861, -79.8686487 42.2281809, -80.3108484 42.0387567))",true,null
914,"Espanola, NM",4488,NM: Espanola,"POLYGON ((-106.1139054 36.0393942, -106.0727067 35.9638467, -105.9765763 36.0071843, -106.0383744 36.0760309, -106.1139054 36.0393942))",true,null
201,"Eugene, OR",2886,OR: Eugene,"POLYGON ((-123.2130452 44.1316606, -123.2130452 44.1153948, -123.1896993 44.0404159, -123.09353240832981 44.004467083061293, -123.07649044828358 44.004572156864782, -122.92132317616833 44.043209389582323, -122.9349538 44.0690375, -123.1814595 44.1469365, -123.2130452 44.1316606))",true,null
627,"Evansville, IN",4087,IN: Evansville,"POLYGON ((-87.6633028 38.0903813, -87.6852754 37.9129098, -87.4106172 37.9237436, -87.4243501 38.0125199, -87.5012544 38.0882196, -87.6633028 38.0903813))",true,null
704,"Fallbrook, CA",4205,CA: Fallbrook,"POLYGON ((-117.2831218 33.3008477, -117.1828716 33.1997832, -117.0153301 33.1411583, -116.9428463 33.240136, -117.043321 33.47694, -117.1268673 33.4558047, -117.2820492 33.4305944, -117.2831218 33.3008477))",true,null
66,"Fargo, ND",4117,ND: Fargo,"POLYGON ((-96.6439079 47.0204055, -97.0174431 47.0802902, -97.0394157 46.8328322, -96.6878532 46.7199729, -96.6439079 47.0204055))",true,null
1056,"Faribault, MN",4636,MN: Faribault,"POLYGON ((-93.3214907 44.3359831, -93.3173709 44.2829175, -93.2871585 44.2524322, -93.2569461 44.2681685, -93.2390933 44.292748, -93.2418399 44.3232124, -93.2734256 44.3271421, -93.2734256 44.350715, -93.3214907 44.3359831))",true,null
307,"Farmington, NM",4485,NM: Bloomfield/Aztec,"POLYGON ((-108.0526977 36.8640866, -108.0375915 36.6924948, -107.9002624 36.6991016, -107.9291015 36.8948445, -108.0526977 36.8640866))",true,null
307,"Farmington, NM",4486,NM: Farmington,"POLYGON ((-108.04995139999998 36.83015489999999, -108.0481140304931 36.81052741498647, -108.04644357373041 36.79155826320661, -108.08017324140133 36.75453333720841, -108.06813614218484 36.75453333720841, -108.03971290241738 36.71507940705001, -108.03803259671261 36.69597464321128, -108.06813614218484 36.65415580835079, -108.14042105781513 36.65415580835079, -108.17656351563029 36.70436096, -108.17181141081551 36.71095962699086, -108.2482560765085 36.709014151588285, -108.24207308272327 36.76627131380505, -108.11037589999998 36.7975854, -108.04995139999998 36.83015489999999))",true,null
307,"Farmington, NM",4487,NM: Kirtland,"POLYGON ((-108.4468322 36.7596373, -108.4461456 36.7222208, -108.2483917 36.7090107, -108.2422119 36.7662383, -108.4468322 36.7596373))",true,null
386,"Fayetteville, AR",3674,AR:Fayetteville,"POLYGON ((-94.20737619772133 36.04359004693557, -94.18000365972085 36.02696010735521, -94.14332795107859 36.033691696407956, -94.10406714906539 36.048915482815154, -94.10395395284 36.14953714509364, -94.21545526606384 36.14897171327323, -94.22524808991021 36.04260026756574, -94.20737619772133 36.04359004693557))",true,null
386,"Fayetteville, AR",3675,AR:Springdale,"POLYGON ((-94.24233289404765 36.20180931312863, -94.23533541779341 36.2539215669504, -94.10867048416397 36.253202423529, -94.10374336398584 36.149805081400146, -94.21573432035817 36.14980508149279, -94.23131596584584 36.18402725245445, -94.24233289404765 36.20180931312863))",true,null
551,"Fayetteville, NC",3998,NC: Fayetteville,"POLYGON ((-78.91315 34.891309, -78.632999 35.084826, -78.923248 35.171939, -78.912297 35.187443, -78.948439 35.238588, -79.020724 35.238588, -79.056866 35.187443, -79.020724 35.136265, -79.016944 35.136265, -79.204288 35.051106, -78.91315 34.891309))",true,null
1040,"Fayetteville, TN",4617,TN: Fayetteville,"POLYGON ((-86.5974967 35.175988, -86.6019599 35.1748654, -86.6021315 35.1234937, -86.5538947 35.1177369, -86.5369002 35.1727607, -86.5974967 35.175988))",true,null
741,"Fernley, NV",4247,NV: Fernley,"POLYGON ((-119.2861165 39.6443485, -119.3204488 39.6216094, -119.2723836 39.5919844, -119.1975392 39.5771671, -119.1872395 39.6046824, -119.2861165 39.6443485))",true,null
1155,"Ferris, TX",4781,TX: Ferris/Palmer,"POLYGON ((-96.7048742616474 32.55930786792721, -96.703747458709472 32.401993528300679, -96.615293428081955 32.404371922399051, -96.620364041302636 32.56120726532523, -96.659924391668866 32.560898168018625, -96.704943358500984 32.55965728836695, -96.7048742616474 32.55930786792721))",true,null
1061,"Festus, MO",4641,MO: Festus,"POLYGON ((-90.4275885 38.276426, -90.4413214 38.2073963, -90.3987494 38.191208, -90.3657904 38.2171075, -90.3767768 38.2721135, -90.403420543942872 38.302446979904452, -90.4275885 38.276426))",true,null
808,"Fillmore, CA",4369,CA: Fillmore,"POLYGON ((-118.9331306 34.4171157, -118.9461769 34.3899219, -118.887812 34.388222, -118.8946785 34.404653, -118.9331306 34.4171157))",true,null
1078,"Finksburg, MD",4658,MD: Finksburg,"POLYGON ((-77.01774923982788 39.607489028305054, -77.04993699035333 39.59302519427482, -76.9134847 39.5034642, -76.8688528 39.5204159, -76.97109960413215 39.60488461112636, -77.01774923982788 39.607489028305054))",true,null
1159,"Flagstaff, AZ",4826,AZ: Flagstaff,"POLYGON ((-111.71619614539782 35.20335324511917, -111.71413620884243 35.17459353647514, -111.68667038810379 35.12237919876271, -111.59946640725865 35.12266001057505, -111.60066803691596 35.17711918682195, -111.55569275545643 35.20601826361, -111.4727803091017 35.189605971438745, -111.40342911173664 35.19171029677485, -111.39415939723737 35.21934204410556, -111.50264938915497 35.30106007798772, -111.5278836119586 35.33439640588366, -111.54539307267947 35.33775728957877, -111.57423218445504 35.33509660151313, -111.57955368722315 35.288730561256315, -111.71619614539782 35.20335324511917))",true,null
1088,"Fleetwood, PA",4668,PA: Fleetwood,"POLYGON ((-75.9014823 40.4726218, -75.8551721 40.4375704, -75.7031169 40.4397373, -75.7581392 40.545573, -75.9014823 40.4726218))",true,null
489,"Flemington, PA",3931,PA: Flemington,"POLYGON ((-74.9288658 40.5667433, -74.9666313 40.4636462, -74.6991828 40.422363, -74.6926597 40.5628312, -74.921656 40.5878652, -74.9288658 40.5667433))",true,null
1154,"Flint, MI",4777,MI: Central Flint,"POLYGON ((-83.754860933209372 43.030344734375909, -83.75518632539233 43.02670143521204, -83.752581567846676 43.022055300702107, -83.748738076345774 43.016875421588786, -83.748337230575075 43.013229841500333, -83.750760196630537 43.002103858065936, -83.749581175101383 42.997595068738761, -83.748428950645732 42.995496640105692, -83.745125397343671 42.992665957771294, -83.740642822794385 42.988650701072245, -83.739230295366525 42.989255526340578, -83.7332088693596 42.984399955125262, -83.7260792413537 42.986038123226628, -83.719217570571629 42.98802906876427, -83.703986006906547 42.995281053663277, -83.7028682317319 42.999623434952852, -83.69870337962135 43.001699326345872, -83.693466691336781 43.003206858280464, -83.6904205711339 43.00473184945654, -83.687588815711948 43.006491945942244, -83.679513673206884 43.01042346244445, -83.673141908896625 43.0110877294926, -83.667122957009767 43.011032330454086, -83.6614434977126 43.011995100559417, -83.649596994989579 43.012697108460216, -83.6397189132278 43.013662873726894, -83.630641284370881 43.014036614833074, -83.6309301652315 43.023791952007919, -83.682840194695544 43.023105051614436, -83.685929381756068 43.023068670317151, -83.697750210235967 43.020740222072767, -83.7102524225278 43.016600851457675, -83.7225024557994 43.020354693784363, -83.734511325780673 43.024069127393382, -83.746042166098647 43.027618922684049, -83.748221968516233 43.028300132905571, -83.750276925719334 43.0289297523935, -83.754860933209372 43.030344734375909))",true,null
1154,"Flint, MI",4788,MI: East Flint,"POLYGON ((-83.5765326106604 43.0945910100069, -83.57599648228685 43.08255976203674, -83.55444537781513 43.10981666923734, -83.48216046218484 43.10981666923734, -83.44601800436966 43.06409836, -83.48216046218484 43.0183459305646, -83.48462486364794 43.0183459305646, -83.4842520012552 43.0111017895666, -83.5060092716575 43.01044899480149, -83.50429153968382 42.975897739401, -83.5737165402853 42.975374086146, -83.5735702661123 42.961160624656195, -83.58988726705066 42.96094150595754, -83.59001246233946 42.96103232457337, -83.62788449189917 42.96056535507, -83.63050863871096 43.014108657774365, -83.6307983558539 43.02389222198397, -83.64947347562871 43.02364510441621, -83.65042052518459 43.0937643260466, -83.5765326106604 43.0945910100069))",true,null
1154,"Flint, MI",4776,MI: North Flint,"POLYGON ((-83.778597342801149 43.092146120467739, -83.779229649430164 43.037866969702655, -83.710308226869827 43.016604169592981, -83.697662094289939 43.020764862199179, -83.685964421653551 43.02307623626745, -83.649606790486416 43.023538500639013, -83.6505552504299 43.0937622091042, -83.778597342801149 43.092146120467739))",true,null
1154,"Flint, MI",4779,MI: South Flint,"POLYGON ((-83.702842670675182 42.999619033690664, -83.703927650523184 42.995234848123054, -83.719155806877538 42.987995949850273, -83.7260069771731 42.985968431121783, -83.733205513317387 42.984392822527049, -83.733627451350984 42.984730776000987, -83.761734524490009 42.975387749381277, -83.766890003422247 42.972539614408468, -83.771830666488668 42.969802741366081, -83.763657734367669 42.971450584748752, -83.759540131352068 42.972659785044158, -83.755376368583313 42.972720621071531, -83.742026851712225 42.975717340105092, -83.74012527034715 42.975674380982277, -83.73298553713812 42.973178890107505, -83.732785187811345 42.967182715063473, -83.733071253072268 42.958625545404878, -83.731309733534957 42.914894917583631, -83.69172220282546 42.900638607422827, -83.655587263814411 42.886005983535838, -83.569559814591642 42.88712088596543, -83.572388323394293 42.94810730383513, -83.5900669840042 42.960933027828226, -83.628014415783909 42.9604651278421, -83.630639832704 43.014034421953674, -83.639724262333871 43.013656985734556, -83.642965600779931 43.013339646426559, -83.649766363959088 43.012679187148755, -83.661442488609552 43.011993277824772, -83.667121332437617 43.011031258890583, -83.673141471781051 43.011085448011954, -83.679515832079559 43.010420770354187, -83.6835354893494 43.008459660994028, -83.687593862201581 43.006486789977878, -83.690416594370447 43.004730708553126, -83.693463522382729 43.003199721433184, -83.698690684694682 43.00169751292168, -83.702842670675182 42.999619033690664))",true,null
1154,"Flint, MI",4778,MI: West Flint,"POLYGON ((-83.754886122247086 43.030336378539744, -83.779335275295892 43.037853900926358, -83.7839378191618 43.031375273237749, -83.813284585641824 43.031127050262668, -83.812427139852957 42.972682417422988, -83.837328921385023 42.97212492614613, -83.837392052450411 42.966574302264995, -83.872841623922412 42.966224872521821, -83.872261513183886 42.944899640358152, -83.861547962489965 42.941603002442413, -83.8311487746363 42.941819047770117, -83.810066648560721 42.912279207555706, -83.770222960953646 42.913174829894785, -83.7310137708558 42.914438103541272, -83.771832425971667 42.969802525790428, -83.761727354090468 42.975390770242683, -83.733644655614981 42.984728453133414, -83.739240632214361 42.989262466520053, -83.740635958257286 42.988617840432589, -83.744594877390981 42.992191850678338, -83.748431935240134 42.995470836554226, -83.749574650550613 42.997567853484568, -83.750780223812342 43.002095050113574, -83.748391576034962 43.013137516826653, -83.7488131375257 43.016999376449547, -83.751600458036165 43.02069396776308, -83.752690628121883 43.022097424700576, -83.753842690781028 43.02427459848434, -83.7552375438048 43.026717929779736, -83.754886122247086 43.030336378539744))",true,null
576,"Florence, AL",4026,AL: Florence,"POLYGON ((-87.7047607 34.8930518, -87.715747 34.8457293, -87.7239867 34.7859739, -87.7226134 34.7069853, -87.5797912 34.7295612, -87.6031371 34.8750274, -87.7047607 34.8930518))",true,null
749,"Florence, OR",4256,OR: Florence,"POLYGON ((-124.137158 43.945123, -124.307446 43.336913, -124.128918 43.340908, -124.04652 43.941168, -124.137158 43.945123))",true,null
563,"Forest City, NC",4010,NC: Forest City,"POLYGON ((-81.9750594 35.397707, -82.0059585 35.3173472, -81.7985915 35.2814815, -81.7852019 35.3848324, -81.9750594 35.397707))",true,null
231,"Fort Lauderdale, FL",3390,FL: Boca Raton,"POLYGON ((-80.30317389484159 26.396845533807205, -80.30027311805443 26.365602767005903, -80.29810868568975 26.322260044830116, -80.1692187 26.3210905, -80.0758349 26.3198595, -80.0648486 26.415217, -80.3044955582512 26.41696943274193, -80.30317389484159 26.396845533807205))",true,null
231,"Fort Lauderdale, FL",3388,FL: Coral Springs,"POLYGON ((-80.2983081 26.3023175, -80.2965915 26.1896161, -80.3083726 26.1798059, -80.2196237 26.1791897, -80.1654422 26.247828, -80.1692187 26.3210905, -80.2074992 26.3213213, -80.29547560224611 26.322167474784283, -80.2983081 26.3023175))",true,null
231,"Fort Lauderdale, FL",3386,FL: Davie/Sunrise,"POLYGON ((-80.3945466 26.134506, -80.3934308 26.061049, -80.2464534 26.063253, -80.2461765 26.0795337, -80.2168771 26.0798608, -80.2196237 26.1791897, -80.3083726 26.1798059, -80.3430481 26.1513029, -80.3432198 26.1349683, -80.3945466 26.134506))",true,null
231,"Fort Lauderdale, FL",3387,FL: Fort Lauderdale,"POLYGON ((-80.0967313 26.1801899, -80.2196237 26.1791897, -80.2168771 26.0798608, -80.1093624 26.0809214, -80.1056577 26.0951229, -80.0967313 26.1801899))",true,null
231,"Fort Lauderdale, FL",3385,FL: Hollywood,"POLYGON ((-80.1093624 26.0809214, -80.2168771 26.0798608, -80.2461765 26.0795337, -80.2464534 26.063253, -80.2461129 25.9998399, -80.1144517 26.0022404, -80.1093624 26.0809214))",true,null
231,"Fort Lauderdale, FL",3384,FL: Miramar,"POLYGON ((-80.3530551 25.9676647, -80.3503453 25.9253212, -80.2929246 25.9263247, -80.2584441 25.9272695, -80.2589905 25.9719965, -80.2454293 25.9723052, -80.2461129 25.9998399, -80.2464534 26.063253, -80.3934308 26.061049, -80.3930279 26.029984, -80.4090167 26.0303062, -80.4083301 25.9926636, -80.3918506 25.9926636, -80.39433963547364 25.978737320971558, -80.376401 25.9790846, -80.3760577 25.9679733, -80.3530551 25.9676647))",true,null
231,"Fort Lauderdale, FL",3389,FL: Pompano Beach,"POLYGON ((-80.0758349 26.3198595, -80.1692187 26.3210905, -80.1654422 26.247828, -80.2196237 26.1791897, -80.0967313 26.1801899, -80.0758349 26.3198595))",true,null
918,"Fort Morgan, CO",4493,CO: Fort Morgan,"POLYGON ((-103.8348274 40.298335, -103.8348274 40.2123943, -103.5725288 40.2417522, -103.5986214 40.3077608, -103.8348274 40.298335))",true,null
985,"Fort Myers Shores, FL",4561,FL: Fort Myers Shores,"POLYGON ((-81.7810449 26.7573047, -81.7904862 26.7004235, -81.709965118846512 26.697641635371141, -81.7262849 26.7569981, -81.7810449 26.7573047))",true,null
318,"Fort Myers, FL",3417,FL: Cape Coral,"POLYGON ((-81.9739674 26.5508167, -81.975684 26.5597227, -81.9420384 26.5600298, -81.9413518 26.6076189, -81.9310521 26.6272629, -81.8950032 26.6570293, -81.8761204 26.6677679, -81.8778371 26.7008976, -81.8960308 26.7325655, -81.914916 26.7304995, -81.9156064 26.7014404, -81.9732808 26.7005909, -81.9732808 26.6824934, -82.0234059 26.6821866, -82.0237492 26.6674611, -82.0543049 26.6674611, -82.0536183 26.6364698, -82.0398854 26.6202037, -82.040572 26.5741551, -82.0330189 26.5495882, -81.9739674 26.5508167))",true,null
318,"Fort Myers, FL",3420,FL: Estero,"POLYGON ((-81.82163959599522 26.53685486889777, -81.821653682589 26.53681422983298, -81.77877671735997 26.537028873140414, -81.77877420897676 26.53701687769882, -81.7787563360836 26.53702897516957, -81.76251742314749 26.548019940708073, -81.72301281218485 26.548019940708073, -81.68687035436969 26.4920063, -81.72301281218485 26.435965353102397, -81.7650357842875 26.435965353102397, -81.7627963 26.3831472, -81.71894304628738 26.32604618247464, -81.81361136813042 26.325123948287484, -81.816698 26.4391101, -81.87922121340718 26.50915882473766, -81.87922121340716 26.50915882473766, -81.87932609999997 26.5092763, -81.8317668226911 26.532013758067613, -81.82163959599522 26.53685486889777))",true,null
318,"Fort Myers, FL",3418,FL: Fort Myers,"POLYGON ((-81.898209 26.576232, -81.919495 26.563028, -81.932528 26.540178, -81.938123 26.548846, -82.010407 26.548846, -82.04655 26.492833, -82.010407 26.436792, -81.938123 26.436792, -81.90198 26.492833, -81.911951 26.508289, -81.879494 26.509271, -81.879533 26.509314, -81.83183 26.53212, -81.821583 26.537019, -81.796377 26.609713, -81.796635 26.632638, -81.7965 26.632639, -81.76326 26.633018, -81.732715 26.6803, -81.744618 26.698718, -81.790642 26.700308, -81.784681 26.736221, -81.841143 26.736221, -81.876683 26.681232, -81.876656 26.680713, -81.876637 26.680351, -81.876613 26.679879, -81.876578 26.679205, -81.859272 26.652418, -81.87658 26.642842, -81.898209 26.576232))",true,null
318,"Fort Myers, FL",3419,FL: Lehigh Acres,"POLYGON ((-81.8214705 26.5369357, -81.7788019 26.5371493, -81.7167463 26.5791446, -81.6782941 26.5625633, -81.6044797 26.6061609, -81.6048231 26.6347052, -81.7964991 26.6325186, -81.796242 26.6096954, -81.8214705 26.5369357))",true,null
318,"Fort Myers, FL",3421,FL: Naples,"POLYGON ((-81.737282 26.325747, -81.813608 26.325003, -81.818139 26.271925, -81.80887 26.214341, -81.807153 26.131148, -81.700379 26.050672, -81.67566 26.073495, -81.677965 26.190137, -81.652899 26.190137, -81.5206256 26.1971723, -81.5159247 26.2779083, -81.5928693 26.29854, -81.649955 26.328649, -81.720778 26.328649, -81.718689 26.325928, -81.737282 26.325747))",true,null
318,"Fort Myers, FL",4926,FL: Parkdale,"POLYGON ((-81.534105 26.529832, -81.570248 26.585827, -81.63891 26.585827, -81.644765 26.582369, -81.678675 26.529832, -81.642532 26.473809, -81.570248 26.473809, -81.534105 26.529832))",true,null
318,"Fort Myers, FL",4927,FL: Winding Cypress,"POLYGON ((-81.676026 26.092003, -81.67566 26.073495, -81.700379 26.050672, -81.712031 26.059457, -81.727254 26.035769, -81.691111 25.979508, -81.618827 25.979508, -81.582684 26.035769, -81.618827 26.092003, -81.676026 26.092003))",true,null
343,"Fort Walton Beach, FL",3646,"Destin, FL","POLYGON ((-86.4482615906038 30.224197819672128, -86.445330875897611 30.22506746780261, -86.442199645257872 30.225427320508068, -86.436303515687854 30.225987088132012, -86.431278882283507 30.226466886477709, -86.433901098631679 30.229952017881757, -86.437888412702137 30.229658818468039, -86.441655920895514 30.228529326230298, -86.445488985442623 30.228169485228594, -86.44993518550541 30.227349842581759, -86.4509763587265 30.224784250219951, -86.4482615906038 30.224197819672128))",true,null
343,"Fort Walton Beach, FL",4312,FL:Destin,"POLYGON ((-86.519863610119884 30.395579500805347, -86.495893440627214 30.38093323146219, -86.411997847402887 30.37748673138794, -86.174207612752468 30.331883393152548, -86.121632597125284 30.353706441837687, -86.217647928966628 30.40454881212824, -86.3149799709956 30.420739883435537, -86.3540699377956 30.386102753693141, -86.405006547967517 30.399025362730207, -86.434969259833352 30.402471103077215, -86.485905870005283 30.414530236748448, -86.519863610119884 30.395579500805347))",true,null
343,"Fort Walton Beach, FL",3645,FL:Fort Walton Beach,"POLYGON ((-86.760995390668526 30.419060665302716, -86.767674008988223 30.418484736140961, -86.760327524717582 30.406965436849109, -86.742028113225345 30.407311035633349, -86.7231944105903 30.410421369421684, -86.58500845418888 30.392759177619386, -86.591323850538757 30.445053577115385, -86.597456338759372 30.499641536010348, -86.653087472223277 30.480909599088331, -86.670533916804658 30.436634116646243, -86.760995390668526 30.419060665302716))",true,null
628,"Fort Wayne, IN",4089,IN: Fort Wayne,"POLYGON ((-85.529004 41.3235583, -85.1774415 40.9263243, -84.7489747 41.0921307, -85.529004 41.3235583))",true,null
1086,"Frackville, PA",4666,PA: Frackville,"POLYGON ((-76.160247 40.8840084, -76.3744804 40.7686615, -76.2206718 40.7457761, -76.1066886 40.8497371, -76.160247 40.8840084))",true,null
515,"Franklin, VA",3958,VA: Franklin,"POLYGON ((-77.109182 36.7093032, -76.8743492 36.5974767, -76.7871452 36.7093032, -77.0048119 36.8105227, -77.109182 36.7093032))",true,null
1028,"Franklinton, NC",4605,NC: Franklinton,"POLYGON ((-78.464874 36.1131738, -78.4741437 36.0943115, -78.4356915 36.0912598, -78.4288251 36.1081813, -78.464874 36.1131738))",true,null
975,"Fredericksburg, TX",4552,TX: Fredericksburg,"POLYGON ((-98.9027399 30.2987752, -98.9137262 30.2670524, -98.9020532 30.2341328, -98.8385385 30.2483696, -98.8272089 30.301443, -98.9027399 30.2987752))",true,null
503,"Fredericksburg, VA",4942,VA: Colonial Beach,"POLYGON ((-76.895255 38.25473, -76.931398 38.303871, -77.003682 38.303871, -77.039825 38.25473, -77.003682 38.205555, -76.931398 38.205555, -76.895255 38.25473))",true,null
503,"Fredericksburg, VA",3946,VA: Fredericksburg,"POLYGON ((-77.8074761 38.5109771, -77.8061028 38.3899849, -77.79031 38.2844219, -77.5410576 38.1349713, -77.0219536 38.3038226, -77.0137139 38.371684, -77.0452996 38.3980573, -77.0700188 38.3749139, -77.1455498 38.3582245, -77.1695824 38.3350682, -77.2842522 38.329682, -77.3281975 38.4480865, -77.3041649 38.5077533, -77.2773858 38.5378367, -77.2670861 38.5646863, -77.4586602 38.5829383, -77.68182 38.5227966, -77.8074761 38.5109771))",true,null
456,"Freehold, NJ",3893,NJ: Freehold,"POLYGON ((-74.3250151 40.3233171, -74.4499846 40.2489389, -74.3744536 40.183922, -74.2509213 40.1971012, -74.112155 40.249987, -74.2700835 40.3369268, -74.3250151 40.3233171))",true,null
864,"Fremont, OH",4431,OH: Fremont,"POLYGON ((-83.1112421 41.3838058, -83.1627542 41.3693812, -83.1881464 41.3374223, -83.1187952 41.3100921, -83.0563105 41.3616489, -83.1112421 41.3838058))",true,null
127,"Fresno, CA",2816,CA: East Fresno,"POLYGON ((-119.7939377 36.8823012, -119.7932506 36.8690448, -119.7932935 36.8555508, -119.7914052 36.8542459, -119.7912121 36.8435657, -119.7891307 36.8436, -119.791341 36.8371173, -119.800396 36.8370228, -119.8000527 36.7541329, -119.7760773 36.754304, -119.775197 36.7067402, -119.75993395922852 36.685759545323464, -119.68260791979982 36.687106483604907, -119.6825295 36.7068969, -119.6825295 36.7144657, -119.6639901 36.7146033, -119.6646767 36.7718268, -119.6550637 36.7721018, -119.6552353 36.793687, -119.6456223 36.7938245, -119.645794 36.822412, -119.6621018 36.8226868, -119.6621018 36.866372, -119.7287064 36.8669213, -119.7288781 36.8821639, -119.7939377 36.8823012))",true,null
127,"Fresno, CA",2815,CA: West Fresno,"POLYGON ((-119.80372189999997 36.8600491, -119.7982288 36.8600491, -119.79814289999999 36.8691134, -119.79338556114456 36.86904669243067, -119.79330127540128 36.86906512455524, -119.79330878717182 36.862238797914216, -119.7933022858268 36.85554080689214, -119.79140593288903 36.85423518376001, -119.79121726704459 36.84355983904951, -119.78913513777145 36.8435966401324, -119.79134704558645 36.837121946350166, -119.80040071242087 36.837023533094204, -119.80018699715517 36.754023976263724, -119.77621004576608 36.75419508757811, -119.7753313245903 36.70671655259278, -119.7753312080703 36.706710254906156, -119.76001036925524 36.68565013165371, -119.71788476664437 36.686383919315865, -119.73949234218485 36.65636596035066, -119.81177725781514 36.65636596035066, -119.84791971563028 36.70656967, -119.8439121 36.712134433367545, -119.8439121 36.7203602, -119.871378 36.7203602, -119.871378 36.7570899, -119.8979242 36.7586441, -119.898429 36.792579, -119.9166251 36.792579, -119.9166251 36.8008266, -119.92726809999998 36.8008266, -119.9279547 36.85345310000001, -119.80363609999998 36.8544863, -119.80372189999997 36.8600491))",true,null
391,"Gainsville, FL",3811,FL: Gainesville,"POLYGON ((-82.424340527173626 29.729074145208106, -82.4689289420773 29.58899001616324, -82.34373839253999 29.56661813311273, -82.247701806593582 29.636700122761464, -82.295720099566779 29.7275849153686, -82.424340527173626 29.729074145208106))",true,null
593,"Gainsville, GA",4882,GA: Buford,"POLYGON ((-84.001512 34.095178, -83.929227 34.095178, -83.893085 34.147002, -83.929227 34.198795, -84.001512 34.198795, -84.037654 34.147002, -84.001512 34.095178))",false,null
593,"Gainsville, GA",4046,GA: Gainsville,"POLYGON ((-83.8386508 34.3385701, -83.9001056 34.2531968, -83.8029453 34.233614, -83.747327 34.3433893, -83.8304111 34.3521764, -83.8386508 34.3385701))",true,null
691,"Gainsville, TX",4179,TX: Gainsville,"POLYGON ((-97.1494896 33.5966948, -97.061599 33.6290035, -97.1518929 33.7187182, -97.2401268 33.7012969, -97.2384102 33.6029859, -97.1494896 33.5966948))",true,null
886,"Gallipolis, OH",4455,OH: Gallipolis,"POLYGON ((-82.2616223 38.8796592, -82.2808484 38.8390233, -82.2133854 38.8010398, -82.1931294 38.8146841, -82.1895245 38.8164229, -82.1800831 38.8174929, -82.162402 38.8245812, -82.1467808 38.839157, -82.1424893 38.8514571, -82.141116 38.8580074, -82.1534756 38.8620175, -82.1768216 38.8406278, -82.2616223 38.8796592))",true,null
309,"Gallup, NM",4484,NM: Gallup,"POLYGON ((-108.7900318 35.5424889, -108.848516 35.4962251, -108.6748579 35.5211356, -108.6883246 35.4065898, -108.6276677 35.4050507, -108.5833426 35.5366564, -108.61728599999999 35.5469666, -108.7900318 35.5424889))",true,null
1084,"Gap, PA",4664,PA: Gap,"POLYGON ((-76.0017985 40.0149938, -76.0560435 40.0013194, -76.0519236 39.9708051, -75.9866923 39.975541, -76.0017985 40.0149938))",true,null
816,"Garrettsville, OH",4377,OH: Garrettsville,"POLYGON ((-81.1085045 41.295532, -81.1088479 41.2710227, -81.0769188 41.2717969, -81.0779488 41.2950161, -81.1085045 41.295532))",true,null
816,"Garrettsville, OH",4956,OH: Mantua,"POLYGON ((-81.139683 41.197482, -81.10354 41.244568, -81.139683 41.291621, -81.211967 41.291621, -81.24811 41.244568, -81.211967 41.197482, -81.139683 41.197482))",true,null
569,"Gaston, SC",4018,SC: Gaston,"POLYGON ((-81.11911 33.8367737, -81.1143034 33.7968401, -81.0813444 33.8071106, -81.0710448 33.8230843, -81.0923308 33.8379144, -81.11911 33.8367737))",true,null
278,"Gastonia, NC",4805,NC: Gastonia,"POLYGON ((-81.156155337021914 35.317506149778659, -81.185866789556812 35.324271463003683, -81.235154395865237 35.290888100238909, -81.236121449206109 35.211971654399818, -81.069884884869 35.212946428520908, -81.024688105689251 35.22752022651494, -81.025041611681459 35.272105922334951, -81.068294104349036 35.292188856468435, -81.156155337021914 35.317506149778659))",true,null
278,"Gastonia, NC",4921,NC: Stanley,"POLYGON ((-81.125015 35.402479, -81.161158 35.351437, -81.132276 35.310626, -81.096659 35.300363, -81.05273 35.300363, -81.050869 35.302994, -81.057843 35.307112, -81.044745 35.31165, -81.016588 35.351437, -81.04759 35.395221, -81.057918 35.395142, -81.058367 35.402479, -81.125015 35.402479))",false,null
541,"Gaylord, MI",3983,MI: Gaylord,"POLYGON ((-84.7413146 45.0843979, -84.7632873 44.9873524, -84.6561706 44.9484881, -84.6067321 45.0455994, -84.7413146 45.0843979))",true,null
1110,"Geneseo, NY",4690,NY: Geneseo,"POLYGON ((-77.8245824 42.8155286, -77.8321355 42.7888275, -77.7909368 42.7827803, -77.7923101 42.7943702, -77.7765172 42.7963856, -77.7806371 42.8109952, -77.8245824 42.8155286))",false,null
1125,"Geneva, NY",4705,NY: Geneva,"POLYGON ((-77.0254576 42.8719536, -77.0254576 42.8523247, -76.9863188 42.8407457, -76.9808257 42.864908, -76.9602263 42.8784952, -76.9746459 42.9046546, -77.0254576 42.8719536))",false,null
992,"Georgetown, SC",4568,SC: Georgetown,"POLYGON ((-79.3135622 33.4120228, -79.3465212 33.3922464, -79.3221453 33.3865132, -79.3204287 33.3363321, -79.2998293 33.3228499, -79.2507342 33.4097301, -79.3135622 33.4120228))",true,null
487,"Gettysburg, PA",3929,PA: Gettysburg,"POLYGON ((-77.3712558 39.9271744, -77.3465366 39.7827445, -77.1206302 39.7906591, -76.9146494 39.7825874, -76.9969822 39.8768133, -77.1975345 39.9756009, -77.4069614 39.9629712, -77.3712558 39.9271744))",true,null
487,"Gettysburg, PA",4865,PA: Littlestown,"POLYGON ((-77.058727 39.702506, -77.022585 39.750652, -77.050574 39.787914, -77.12063 39.790659, -77.137548 39.790066, -77.167155 39.750652, -77.131012 39.702506, -77.058727 39.702506))",false,null
692,"Gilmer, TX",4180,TX: Gilmer,"POLYGON ((-94.9725439 32.7011684, -94.9160673 32.7016017, -94.913664 32.7629729, -94.9788953 32.7648494, -94.9725439 32.7011684))",true,null
830,"Glasgow, KY",4394,KY: Glasgow,"POLYGON ((-85.9627607 37.0350178, -85.98336 36.9867673, -85.9215619 36.960436, -85.8721235 37.0141861, -85.9009626 37.0514598, -85.9627607 37.0350178))",true,null
979,"Glen Rose, TX",4556,TX: Glen Rose,"POLYGON ((-97.7346977 32.2726517, -97.7412208 32.2630718, -97.7906593 32.2392628, -97.7631935 32.219514, -97.7079185 32.2418763, -97.7346977 32.2726517))",true,null
754,"Glenwood Springs, CO",4261,CO: Glenwood Springs,"POLYGON ((-107.3667777 39.5687985, -107.3805106 39.5582116, -107.3214591 39.4930662, -107.2775138 39.5153178, -107.3084128 39.5486819, -107.304293 39.5746207, -107.3667777 39.5687985))",true,null
925,"Globe, AZ",4501,AZ: Globe,"POLYGON ((-110.8199129 33.4307548, -110.8659182 33.4038176, -110.7608614 33.3642565, -110.7066164 33.3946456, -110.8199129 33.4307548))",true,null
419,"Gloucester, MA",3855,MA: Gloucester,"POLYGON ((-70.6756058 42.6313287, -70.6786099 42.608465, -70.6701126 42.6102337, -70.6650486 42.6082754, -70.6626454 42.6090967, -70.6659928 42.6111181, -70.6586971 42.6103601, -70.635393241809325 42.621633054108628, -70.6347323875155 42.626766268028426, -70.669941 42.6332863, -70.6756058 42.6313287))",true,null
575,"Golden Grove, SC",4025,SC: Golden Grove,"POLYGON ((-82.40355 34.802679, -82.458482 34.76433, -82.503114 34.746842, -82.613664 34.704516, -82.594438 34.613018, -82.356858 34.593237, -82.250578 34.661828, -82.232719 34.636382, -82.160434 34.636382, -82.124292 34.687872, -82.160434 34.73933, -82.210481 34.73933, -82.225019 34.756092, -82.188483 34.756092, -82.152341 34.807508, -82.188483 34.858891, -82.197735 34.858891, -82.198439 34.859892, -82.211952 34.859892, -82.182954 34.818669, -82.219174 34.767149, -82.234611 34.767149, -82.266908 34.804371, -82.317341 34.803746, -82.40355 34.802679))",true,null
963,"Gonzales, TX",4540,TX: Gonzales,"POLYGON ((-97.4719071 29.5230403, -97.4518227 29.4909201, -97.4190354 29.5004825, -97.4305367 29.5320022, -97.4683022 29.5315541, -97.4719071 29.5230403))",true,null
1069,"Gordonsville, VA",4649,VA: Gordonsville,"POLYGON ((-78.34286556626338 38.142773576704194, -78.3005478663292 38.08851053745784, -78.02253281564738 38.078041436620246, -78.07077602308154 38.19685644160862, -78.16124784481255 38.21235410744882, -78.24358173180242 38.25724974300472, -78.34286556626338 38.142773576704194))",true,null
1140,"Gouverneur, NY",4720,NY: Gouverneur,"POLYGON ((-75.5023395 44.3627547, -75.4927265 44.3077479, -75.4144489 44.3205219, -75.4377948 44.3706086, -75.5023395 44.3627547))",false,null
661,"Graham, TX",4140,TX: Graham,"POLYGON ((-98.50117 33.123951, -98.535502 33.158448, -98.603142 33.145577, -98.625753 33.145577, -98.661896 33.093147, -98.625753 33.040686, -98.553468 33.040686, -98.552329 33.04234, -98.539622 33.039952, -98.50117 33.123951))",true,null
1101,"Grand Island, NY",4681,NY: Grand Island,"POLYGON ((-78.9645078 43.0600393, -78.980644 43.0640527, -78.9978101 43.0638019, -78.9930036 43.0567782, -79.0039899 43.0409721, -79.0053632 43.0294286, -79.0204694 43.0161257, -79.0177228 42.9947849, -79.0063932 42.9844885, -78.9847638 42.9754463, -78.9600446 42.9588655, -78.9380719 42.960373, -78.9469983 42.9787117, -78.9459684 42.9932783, -78.9298322 43.0070882, -78.9061429 43.0153727, -78.8951566 43.021899, -78.8985898 43.0382119, -78.9171293 43.0517609, -78.9288022 43.0545205, -78.948715 43.063551, -78.9645078 43.0600393))",true,null
755,"Grand Junction, CO",4262,CO: Grand Junction,"POLYGON ((-108.7330479 39.1897506, -108.7838596 39.1546173, -108.469376 39.0000357, -108.2977146 39.1120079, -108.3471531 39.13012, -108.4446568 39.1066799, -108.5572666 39.1194664, -108.7110752 39.2365677, -108.7330479 39.1897506))",true,null
284,"Grand Rapids, MI",4908,MI: Bradley,"POLYGON ((-85.586895 42.630445, -85.613823 42.664751, -85.685781 42.663365, -85.684527 42.676486, -85.695322 42.676486, -85.731464 42.630445, -85.695322 42.58437, -85.623037 42.58437, -85.586895 42.630445))",false,null
284,"Grand Rapids, MI",4411,MI: Cedar Springs,"POLYGON ((-85.358172 43.065895, -85.4111232 43.262319, -85.8189906 43.2483165, -85.66579 43.065895, -85.358172 43.065895))",true,null
284,"Grand Rapids, MI",3977,MI: Grand Rapids,"POLYGON ((-85.41857449382833 42.8005556603764, -85.6735477742732 42.792586131952625, -85.67370188529821 42.79097772598057, -85.8525572 42.7843318, -85.88184685030261 42.92657989325554, -85.93504534781513 42.92657989325554, -85.97118780563031 42.97240067, -85.93504534781513 43.01818733411265, -85.86276043218486 43.01818733411265, -85.85599804711525 43.009623077404186, -85.66591634332612 43.065857221199366, -85.66586547313548 43.0657965577447, -85.35819478943876 43.0657965577447, -85.41857449382833 42.8005556603764))",true,null
284,"Grand Rapids, MI",4870,MI: Greenville,"POLYGON ((-85.313411 43.132196, -85.241126 43.132196, -85.204983 43.177863, -85.241126 43.223497, -85.313411 43.223497, -85.349553 43.177863, -85.313411 43.132196))",false,null
284,"Grand Rapids, MI",4899,MI: Holland,"POLYGON ((-86.12737 42.76651, -86.055085 42.76651, -86.018943 42.81245, -86.055085 42.858356, -86.12737 42.858356, -86.163512 42.81245, -86.12737 42.76651))",false,null
284,"Grand Rapids, MI",4410,MI: Middleville,"POLYGON ((-85.6734218 42.7924911, -85.6857814 42.6633651, -85.3712978 42.6694239, -85.418597 42.800456, -85.6734218 42.7924911))",true,null
1006,"Grantsboro, NC",4582,NC: Grantsboro,"POLYGON ((-76.8511758 35.183854, -76.8655954 35.1260298, -76.82474 35.1206944, -76.8171869 35.1465256, -76.8395028 35.147087, -76.8374429 35.1807673, -76.8511758 35.183854))",true,null
432,"Grasonville, MD",3868,MD: Grasonville,"POLYGON ((-76.3138349 39.0281281, -76.3673932 38.9170915, -76.36396 38.8652504, -76.3749463 38.8379786, -76.3509137 38.856161, -76.3296277 38.8652504, -76.3371808 38.9186942, -76.3049085 38.9251047, -76.2465436 38.9470031, -76.2520368 38.9678269, -76.1922986 38.9341854, -76.0240705 38.9149544, -76.026817 38.9822399, -76.14698 39.0003853, -76.1689527 38.9950489, -76.2039716 38.9704962, -76.2595899 38.9806386, -76.288429 38.9923805, -76.3055951 39.0393289, -76.3138349 39.0281281))",true,null
432,"Grasonville, MD",4866,MD: Hillsboro,"POLYGON ((-75.921 38.874695, -75.884857 38.923414, -75.921 38.9721, -75.993284 38.9721, -76.024677 38.929814, -76.024124 38.916268, -75.993284 38.874695, -75.921 38.874695))",false,null
794,"Grass Valley, CA",4354,CA: Grass Valley,"POLYGON ((-121.0677445 39.2460005, -121.0928071 39.2202052, -121.0588181 39.1954647, -120.9987366 39.2672678, -121.0282624 39.2808223, -121.0677445 39.2460005))",true,null
846,"Grayling, MI",4413,MI: Grayling,"POLYGON ((-84.7561473 44.7239362, -84.745161 44.6165063, -84.6215648 44.6184613, -84.6352977 44.7239362, -84.7561473 44.7239362))",true,null
839,"Grayson, KY",4403,KY: Grayson,"POLYGON ((-82.9748461 38.3697662, -82.9817126 38.3245312, -82.9061816 38.3159117, -82.9103014 38.3751495, -82.9748461 38.3697662))",true,null
658,"Green Bay, WI",4136,WI: Green Bay,"POLYGON ((-88.0032577 44.671008, -88.1350937 44.6768674, -88.2284775 44.4537921, -88.1323471 44.3969084, -87.8796615 44.4596735, -87.9126205 44.5125791, -88.0252304 44.5439079, -88.0032577 44.671008))",true,null
236,"Greensboro, NC",3403,NC: Greensboro,"POLYGON ((-79.95780150000002 36.1530149, -79.7133557 36.15578690000001, -79.6838299 36.041495699999984, -79.74974789999999 35.9976214, -79.89211675574755 36.00047242056717, -79.8850286243697 35.99053955, -79.92117108218486 35.9398722901482, -79.99345599781515 35.9398722901482, -79.99973058256657 35.94867081467562, -80.07063494781515 35.94867081467562, -80.10677740563031 35.99933243, -80.0833310888353 36.03218021517053, -80.0916973 36.0364986, -80.0388256 36.1080933, -79.95780150000002 36.1530149))",true,null
484,"Greensburg, PA",3926,PA: Greensburg,"POLYGON ((-79.6849411 40.3302583, -79.65732470054813 40.20759135330832, -79.3474548 40.2516954, -79.3251388 40.336016, -79.5287292 40.3676745, -79.6849411 40.3302583))",true,null
484,"Greensburg, PA",4867,PA: White Oak,"POLYGON ((-79.681524 40.315091, -79.684941 40.330258, -79.671148 40.333563, -79.705484 40.378882, -79.777769 40.378882, -79.813912 40.331177, -79.777769 40.283439, -79.705484 40.283439, -79.681524 40.315091))",false,null
558,"Greenville, NC",4005,NC: Greenville,"POLYGON ((-77.38231530789648 35.39867421043796, -77.36574151436969 35.37527084, -77.40188397218485 35.324211586225424, -77.47416888781514 35.324211586225424, -77.51031134563031 35.37527084, -77.47880358195675 35.419756217558636, -77.6260114 35.5678104, -77.34036690000002 35.7463426, -76.89542059999998 35.5588734, -77.38231530789648 35.39867421043796))",true,null
871,"Greenville, OH",4438,OH: Greenville,"POLYGON ((-84.6587301 40.1441358, -84.6642233 40.0664078, -84.5529867 40.0653568, -84.5584799 40.1577815, -84.6587301 40.1441358))",true,null
158,"Greenville, SC",3436,SC: Greenville,"POLYGON ((-82.307708 34.943007, -82.36219 34.900021, -82.362124 34.9, -82.40438 34.807249, -82.320882 34.809003, -82.317264 34.803858, -82.266839 34.804482, -82.234541 34.76726, -82.219252 34.76726, -82.18311 34.818669, -82.219252 34.870046, -82.229453 34.870046, -82.19199 34.888018, -82.155145 34.947913, -82.167632 34.956515, -82.225831 34.965257, -82.307708 34.943007))",true,null
158,"Greenville, SC",3437,SC: Parker,"POLYGON ((-82.4045249 34.8072462, -82.3622963 34.8999373, -82.4278709 34.9216159, -82.5830527 34.8247219, -82.5517904 34.7866721, -82.4738761 34.7643872, -82.4045249 34.8072462))",true,null
668,"Greenville, TX",4154,TX: Greenville,"POLYGON ((-96.1807087 33.1034943, -96.0804585 33.0367466, -96.0214069 33.0793329, -96.0749653 33.1747893, -96.1216572 33.1816857, -96.1511961 33.1425935, -96.1807087 33.1034943))",true,null
571,"Greenwood, SC",4020,SC: Greenwood,"POLYGON ((-82.2493285 34.2112363, -82.1367186 34.1476147, -82.0543211 34.2089649, -82.1724242 34.2475699, -82.2493285 34.2112363))",true,null
950,"Gregory, TX",4527,TX: Gregory,"POLYGON ((-97.2929086 27.9331828, -97.3116197 27.9171054, -97.292222 27.9067904, -97.2764292 27.9280262, -97.2929086 27.9331828))",true,null
791,"Gridley, CA",4351,CA: Gridley,"POLYGON ((-121.7396548 39.3902826, -121.7149356 39.3345402, -121.6510776 39.3579043, -121.6929629 39.3987728, -121.7396548 39.3902826))",true,null
1127,"Groton, NY",4707,NY: Groton,"POLYGON ((-76.4019138 42.6153693, -76.3895542 42.5658289, -76.3332492 42.5648175, -76.3373691 42.6194116, -76.4019138 42.6153693))",false,null
581,"Gulf Shores, AL",4031,AL: Gulf Shores,"POLYGON ((-87.6885377 30.5004775, -87.753935 30.2842493, -87.78306 30.2555325, -87.9247438 30.2255741, -87.6748048 30.2392189, -87.5340697 30.2748253, -87.4152528 30.2973367, -87.5922971 30.4202811, -87.6885377 30.5004775))",true,null
1152,"Gun Barrel City, TX",4739,TX: Gun Barrel City,"POLYGON ((-96.161970064025837 32.347411947158768, -96.16551463070455 32.3252096409575, -96.170175267160161 32.310784121360044, -96.140689759492417 32.294450754582847, -96.120924688700327 32.304443818391817, -96.105065859715424 32.316558005945581, -96.098818316703515 32.322421358725045, -96.094244847300288 32.330641996412758, -96.105336813594278 32.354203932614993, -96.158342832378253 32.361789706105576, -96.161970064025837 32.347411947158768))",true,null
550,"HIllsborough, NC",3995,NC: HIllsborough,"POLYGON ((-79.1905548 36.0921389, -79.1768219 36.045517, -79.08623230805398 36.033212105341242, -79.0365397858235 36.038982930326128, -78.996896996115439 36.092036267315905, -79.107569935602527 36.103786850752655, -79.1905548 36.0921389))",true,null
801,"Half Moon Bay, CA",4361,CA: Half Moon Bay,"POLYGON ((-122.4281533 37.4795821, -122.446521 37.4693645, -122.4442894 37.4501516, -122.4264366 37.4506968, -122.4185402 37.468547, -122.4281533 37.4795821))",true,null
460,"Hamburg, NJ",3897,NJ: Hamburg,"POLYGON ((-74.6361165 41.1760148, -74.619637 41.1077575, -74.4912343 41.1155176, -74.4796757731109 41.1972876100819, -74.5077138 41.2034012, -74.604645250861481 41.205639803239734, -74.6361165 41.1760148))",true,null
1135,"Hamilton, NY",4715,NY: Hamilton,"POLYGON ((-75.581223 42.8640137, -75.5647435 42.7975436, -75.5207981 42.8005665, -75.5207981 42.8640137, -75.581223 42.8640137))",false,null
901,"Hamlin, WV",4470,WV: Hamlin,"POLYGON ((-82.1306784 38.2921888, -82.131365 38.2706288, -82.0812399 38.2695506, -82.0805532 38.2965, -82.1306784 38.2921888))",true,null
1079,"Hampstead, MD",4659,MD: Hampstead,"POLYGON ((-76.875118 39.6402322, -76.8716848 39.5815147, -76.8243063 39.5725175, -76.8092001 39.6227808, -76.875118 39.6402322))",true,null
560,"Hamptonville, NC",4007,NC: Hamptonville,"POLYGON ((-80.9307982 36.175583, -80.8889128 36.0013496, -80.7656962 35.9994454, -80.6808592 36.0563247, -80.741284 36.2127102, -80.925305 36.1905468, -80.9307982 36.175583))",true,null
709,"Hanford, CA",4211,CA: Hanford,"POLYGON ((-119.6327616 36.3920308, -119.7213389 36.3483526, -119.8421885 36.2913682, -119.6423747 36.2625837, -119.5798899 36.3549889, -119.6327616 36.3920308))",true,null
295,"Harrisburg, PA",3911,PA: Harrisburg,"POLYGON ((-76.34159381476921 40.3454695496412, -76.34094439781515 40.34632683356534, -76.26865948218486 40.34632683356534, -76.2325170243697 40.29859924, -76.26865948218486 40.25083790766623, -76.28721769809803 40.25083790766623, -76.2733555 40.2266921, -76.58607741457229 40.1231172149432, -76.86195960000002 40.1515426, -77.2588407 40.1844596, -77.2201632 40.2733239, -77.0748198 40.4248132, -76.3538419 40.3667668, -76.34159381476921 40.3454695496412))",true,null
213,"Hartford, CT",3844,CT: Hartford,"POLYGON ((-72.638746 42.0245767, -73.1324441 41.592099, -73.0994851 41.4646167, -72.7891213 41.4275586, -72.5364358 41.5304453, -72.6078469 41.6105836, -72.3826272 41.8667667, -72.427444 42.0166923, -72.638746 42.0245767))",true,null
1054,"Hastings, MN",4634,MN: Hastings,"POLYGON ((-92.8841241 44.7543268, -92.8937372 44.7453053, -92.9009469 44.7365263, -92.8937372 44.7153049, -92.8714212 44.7092053, -92.8432687 44.7089613, -92.843612 44.7023731, -92.8326257 44.701397, -92.8250726 44.7062773, -92.8109964 44.7165247, -92.8120263 44.7238432, -92.8322824 44.7248189, -92.8333124 44.7431107, -92.864898 44.7440861, -92.8841241 44.7543268))",true,null
758,"Helena, MT",4266,MT: Helena,"POLYGON ((-111.9680924 46.6878394, -112.1273942 46.6689953, -112.1383805 46.55957, -112.1328873 46.3628053, -112.1823258 46.214765, -112.0340104 46.2261669, -111.9131608 46.4537081, -111.5945572 46.5255654, -111.786818 46.6614558, -111.9680924 46.6878394))",true,null
1118,"Hemlock, NY",4698,NY: Hemlock,"POLYGON ((-77.620744 42.8127662, -77.6214306 42.7820324, -77.5726788 42.7800165, -77.5809185 42.8167957, -77.620744 42.8127662))",false,null
1029,"Henderson, NC",4606,NC: Henderson,"POLYGON ((-78.453853164397174 36.332958011712044, -78.451681550715378 36.310337646816983, -78.421272 36.2894178, -78.367671336010829 36.287961716153447, -78.363643389535454 36.371185055511653, -78.448205574932771 36.344899872440564, -78.453853164397174 36.332958011712044))",true,null
142,"Henderson, TX",4182,TX: Henderson,"POLYGON ((-94.8217629 32.1130423, -94.7366188 32.1490938, -94.7668312 32.2043062, -94.8444222 32.1868743, -94.8519753 32.1293254, -94.8217629 32.1130423))",true,null
1080,"Hereford, MD",4660,MD: Hereford,"POLYGON ((-76.6741205 39.6104613, -76.6892267 39.5866527, -76.6432215 39.5723636, -76.6274287 39.5993516, -76.6741205 39.6104613))",true,null
1049,"Hermantown, MN",4626,MN: Hermantown,"POLYGON ((-91.9512413 46.8650703, -92.15508545216514 46.71220764818432, -92.13792016436967 46.69181824, -92.17406262218483 46.64886204281719, -92.24634753781513 46.64886204281719, -92.2824899956303 46.69181824, -92.25621668380742 46.72302328663511, -92.308297 46.7447508, -92.3302697 46.8838459, -92.12702259999999 46.9438838, -91.9512413 46.8650703))",true,null
739,"Hermiston, WA",4245,WA: Hermiston,"POLYGON ((-119.3132615 45.9853438, -119.414885 45.7845947, -119.1264939 45.7520243, -119.3132615 45.9853438))",true,null
654,"Hickory, TN",4922,NC: Taylorsville,"POLYGON ((-81.151086 35.878254, -81.114944 35.928961, -81.151086 35.979635, -81.223371 35.979635, -81.259514 35.928961, -81.223371 35.878254, -81.151086 35.878254))",false,null
654,"Hickory, TN",4132,TN: Hickory,"POLYGON ((-81.346600505869745 35.852044622705563, -81.4222253 35.7894792, -81.441877868346054 35.718637611700075, -81.3755334 35.6467627, -81.2382043 35.7293018, -81.288734633866937 35.849389739272134, -81.346600505869745 35.852044622705563))",true,null
875,"Hillsboro, OH",4443,OH: Hillsboro,"POLYGON ((-83.6481618 39.2739829, -83.6591481 39.1899474, -83.5657643 39.1707861, -83.5520314 39.2654775, -83.6481618 39.2739829))",true,null
567,"Hilton Head, SC",4015,SC: Hilton Head,"POLYGON ((-80.8275055 32.1222174, -80.6764435 32.1826765, -80.4457306 32.3707727, -80.7176422 32.4611983, -81.0049875424657 32.29186627980795, -80.8275055 32.1222174))",true,null
585,"Hinesville, GA",4038,GA: Hinesville,"POLYGON ((-81.76923968022115 31.81409149717647, -81.65606667490295 31.730529789288145, -81.46638016348797 31.723189023121666, -81.4598986730031 31.881731557464676, -81.6809813194145 31.986427272634568, -81.76923968022115 31.81409149717647))",true,null
803,"Hollister, CA",4363,CA: Hollister,"POLYGON ((-121.4226336 36.8576624, -121.3649554 36.7917054, -121.3319964 36.7988535, -121.3697619 36.8702976, -121.4226336 36.8576624))",true,null
999,"Holly Ridge, NC",4575,NC: Holly Ridge,"POLYGON ((-77.58001643718778 34.506057313837694, -77.655726311136235 34.453391734349459, -77.619263212258446 34.426589957363518, -77.519272299850357 34.492755049694786, -77.562807086774541 34.518718538290976, -77.58001643718778 34.506057313837694))",true,null
457,"Holmeson, NJ",3894,NJ: Holmeson,"POLYGON ((-74.424922 40.1852334, -74.4721289 40.1587374, -74.4486113 40.1282936, -74.3715353 40.1604429, -74.4075842 40.1953307, -74.424922 40.1852334))",true,null
634,"Holton, KS",4098,KS: Holton,"POLYGON ((-95.7806812 39.493272, -95.7765614 39.4392028, -95.6955372 39.4307176, -95.680431 39.4826735, -95.7806812 39.493272))",true,null
1119,"Honeoye, NY",4699,NY: Honeoye,"POLYGON ((-77.5294201 42.8052101, -77.5259869 42.7825363, -77.4772351 42.7805205, -77.4806683 42.8112551, -77.5294201 42.8052101))",false,null
1038,"Hope Hull, AL",4615,AL: Hope Hull,"POLYGON ((-86.426472 32.204768, -86.4311069 32.1842853, -86.4059585 32.1829778, -86.3999503 32.204768, -86.426472 32.204768))",true,null
1114,"Hornell, NY",4694,NY: Hornell,"POLYGON ((-77.6786561 42.3492625, -77.6669831 42.3050973, -77.6257844 42.3071286, -77.6456971 42.3614405, -77.6786561 42.3492625))",false,null
612,"Hotsprings, AR",4063,AR: Hotsprings,"POLYGON ((-93.1334973 34.5357528, -93.1389905 34.4429363, -93.004408 34.4542609, -92.9467297 34.5244393, -93.0401135 34.5515892, -93.1334973 34.5357528))",true,null
1169,"Houma, LA",4892,LA: Houma,"POLYGON ((-90.720221 29.558061, -90.684078 29.6125, -90.720221 29.666909, -90.792506 29.666909, -90.828648 29.6125, -90.792506 29.558061, -90.720221 29.558061))",false,null
188,"Houston, TX",4334,TX: Alvin,"POLYGON ((-95.323896828690224 29.524033960619612, -95.324275667503869 29.524363606412084, -95.3237411414835 29.454924641489256, -95.370696394278752 29.454536025275178, -95.362714847051251 29.3395985871481, -95.1146947461971 29.340648129297637, -95.116033688020636 29.374811154691695, -95.108674840836585 29.431392602815293, -95.106023002479773 29.464300686050713, -95.249296722547442 29.462922574797094, -95.2512583869736 29.524751955392322, -95.323896828690224 29.524033960619612))",true,null
188,"Houston, TX",4735,TX: Baytown,"POLYGON ((-94.935573 29.87212, -94.96284 29.831159, -95.052839 29.815459, -95.03819 29.766054, -95.037545 29.764944, -95.053395 29.74111, -95.017252 29.686741, -94.944968 29.686741, -94.927196 29.713479, -94.832113 29.753337, -94.836774 29.759118, -94.83744 29.773278, -94.822126 29.785703, -94.823446 29.806641, -94.791943 29.853976, -94.828085 29.908254, -94.90037 29.908254, -94.924433 29.87212, -94.935573 29.87212))",true,null
188,"Houston, TX",3181,TX: Bellaire,"POLYGON ((-95.5283656 29.713253, -95.5278507 29.6647868, -95.4885861 29.6650326, -95.4301054 29.6654253, -95.4296763 29.7581611, -95.4772709 29.7582483, -95.5107162 29.7577614, -95.5107162 29.7134913, -95.5283656 29.713253))",true,null
188,"Houston, TX",3192,TX: Channelview,"POLYGON ((-95.172934 29.851467, -95.187987 29.884397, -95.22979 29.884397, -95.229364 29.813864, -95.212026 29.760083, -95.212026 29.760073, -95.147013 29.763437, -95.116825 29.778373, -95.105693 29.783135, -95.104846 29.787287, -95.105516 29.843255, -95.098893 29.833305, -95.026609 29.833305, -94.990466 29.887595, -95.026609 29.941855, -95.098893 29.941855, -95.135036 29.887595, -95.123656 29.870504, -95.172934 29.851467))",true,null
188,"Houston, TX",3196,TX: Conroe,"POLYGON ((-95.5966306242414 30.376708242636987, -95.61362757420463 30.354487826446857, -95.61383292960477 30.34753817958771, -95.61387044665473 30.336727533052525, -95.645085 30.285344, -95.609163 30.231603, -95.609163 30.237712, -95.53259 30.237359, -95.512178 30.267898, -95.512553 30.249724, -95.42123 30.24913, -95.421044 30.278949, -95.401989 30.278653, -95.401303 30.364004, -95.451428 30.3643, -95.451341 30.389607, -95.431804 30.418791, -95.467947 30.472759, -95.540232 30.472759, -95.576374 30.418791, -95.582311310444 30.40647937548279, -95.55231204471228 30.363163629845968, -95.56882418238051 30.356913061605617, -95.58574699079674 30.37405079006419, -95.5966306242414 30.376708242636987))",true,null
188,"Houston, TX",3174,TX: Cypress,"POLYGON ((-95.7662195 29.838485, -95.679116 29.8382024, -95.6621927 29.8378894, -95.6632227 29.9289779, -95.6307234 29.9286109, -95.6317534 29.9973188, -95.656301 29.9973188, -95.6563562 30.0089836, -95.7679362 30.0098755, -95.7662195 29.838485))",true,null
188,"Houston, TX",3180,TX: Downtown Houston,"POLYGON ((-95.4296763 29.7581611, -95.4301054 29.6654253, -95.3264219 29.6658728, -95.3279883 29.7951868, -95.4771953 29.7943297, -95.4772709 29.7582483, -95.4296763 29.7581611))",true,null
188,"Houston, TX",3191,TX: East Houston,"POLYGON ((-95.3203929 29.8128053, -95.3202109 29.7952235, -95.3279883 29.7951868, -95.3264934 29.6818369, -95.2616054 29.6827316, -95.2621383 29.7098117, -95.2112163 29.7104293, -95.2121604 29.7600657, -95.2294982 29.8138479, -95.3203929 29.8128053))",true,null
188,"Houston, TX",3189,TX: Galveston,"POLYGON ((-94.7673626 29.3369126, -94.7852154 29.3099727, -94.8071881 29.3087752, -94.8511334 29.3003924, -94.8717327 29.2878168, -94.8792858 29.2728438, -94.863493 29.2434905, -94.7865887 29.2896134, -94.7350903 29.330328, -94.7673626 29.3369126))",true,null
188,"Houston, TX",3194,TX: Humble,"POLYGON ((-95.2011421076245 30.13872060995394, -95.15437115218484 30.13872060995394, -95.11822869436966 30.08456802, -95.15385563325621 30.031158801650214, -95.15183839999999 30.0298569, -95.15295419999998 30.0265872, -95.1553574 30.0245808, -95.15329749999998 30.0213109, -95.14651689999998 30.0165546, -95.141367 30.0096427, -95.1383629 30.0064467, -95.1369038 30.0047372, -95.1393929 30.002656, -95.14050869999998 29.9967094, -95.1392212 29.9929927, -95.14394189999999 29.9906882, -95.13570219999998 29.9863765, -95.13570219999998 29.9820646, -95.140337 29.9802803, -95.1446286 29.9780498, -95.1523533 29.9768603, -95.15201 29.974035, -95.15080839999999 29.9707635, -95.15509989999998 29.9655586, -95.161623 29.9584944, -95.1885760554571 29.958341962072957, -95.18857711224543 29.958458314223208, -95.36062577683693 29.957981935692832, -95.375665785144 30.01009005811583, -95.35698830215672 30.01053515512483, -95.35760623684935 30.034563082042265, -95.35760623535299 30.034563204581005, -95.2871075 30.0349841, -95.30966966363283 30.08464868234304, -95.34090524752834 30.1477896005663, -95.201191 30.1480864, -95.2011421076245 30.13872060995394))",true,null
188,"Houston, TX",3175,TX: Jersey Village,"POLYGON ((-95.5347926 29.8383269, -95.535136 29.8913229, -95.4717958 29.8915109, -95.4715933 29.9292059, -95.6632227 29.9289779, -95.6621927 29.8378894, -95.6083915 29.8380535, -95.5347926 29.8383269))",true,null
188,"Houston, TX",3176,TX: Katy,"POLYGON ((-95.785203 29.687397, -95.774661 29.675284, -95.666419 29.676327, -95.666376 29.712746, -95.667084 29.837863, -95.673195 29.837976, -95.713746 29.838198, -95.766284 29.838368, -95.771501 29.828921, -95.789191 29.855498, -95.861476 29.855498, -95.897619 29.80119, -95.897037 29.800316, -95.964136 29.800251, -95.967925 29.787967, -95.967765 29.777396, -95.940941 29.744534, -95.94333 29.721523, -95.912429 29.721452, -95.886466 29.721666, -95.886137 29.687397, -95.785203 29.687397))",true,null
188,"Houston, TX",3188,TX: League City,"POLYGON ((-95.1056339 29.4653028, -95.1052477 29.438509, -94.9987318 29.438509, -94.9985602 29.5218941, -95.0122931 29.536233, -95.0157263 29.5416095, -95.0167563 29.5910307, -95.100612 29.590607, -95.0982087 29.5093701, -95.1486772 29.5087725, -95.1479905 29.4648413, -95.1056339 29.4653028))",true,null
188,"Houston, TX",3183,TX: Missouri City,"POLYGON ((-95.4888007 29.6131853, -95.4885861 29.6650326, -95.5278507 29.6647868, -95.5283656 29.713253, -95.6662414 29.7127459, -95.6662844 29.6762117, -95.6662986 29.6132599, -95.4888007 29.6131853))",true,null
188,"Houston, TX",3179,TX: North Houston,"POLYGON ((-95.3212409 29.892304, -95.3597009 29.8922549, -95.4717958 29.8915109, -95.535136 29.8913229, -95.5347926 29.8383269, -95.5347775 29.8276694, -95.4774426 29.8278183, -95.4771953 29.7943297, -95.3279883 29.7951868, -95.3202109 29.7952235, -95.3212409 29.892304))",true,null
188,"Houston, TX",3178,TX: North West Houston,"POLYGON ((-95.5347926 29.8383269, -95.6083915 29.8380535, -95.6082199 29.8030546, -95.5768058 29.8027567, -95.5762909 29.7574633, -95.5107162 29.7577614, -95.4772709 29.7582483, -95.4771953 29.7943297, -95.4774426 29.8278183, -95.5347775 29.8276694, -95.5347926 29.8383269))",true,null
188,"Houston, TX",3193,TX: Northeast Houston,"POLYGON ((-95.1887108 29.9583412, -95.3607309 29.9578649, -95.3597009 29.8922549, -95.3212409 29.892304, -95.3203929 29.8128053, -95.2294982 29.8138479, -95.2299258 29.8845139, -95.1880405 29.8845139, -95.1887108 29.9583412))",true,null
188,"Houston, TX",3190,TX: Pasadena,"POLYGON ((-95.2621383 29.7098117, -95.2616054 29.6827316, -95.1905625 29.5888157, -95.141117 29.6297153, -95.1424903 29.6494097, -95.0174525515657 29.65029490024565, -95.0243873 29.6798389, -95.0882453 29.6798389, -95.0892753 29.704295, -95.1133079 29.7120481, -95.2112163 29.7104293, -95.2621383 29.7098117))",true,null
188,"Houston, TX",3186,TX: Pearland,"POLYGON ((-95.3264934 29.6818369, -95.3254473 29.5251207, -95.2504555 29.5255408, -95.250644 29.5449193, -95.2279847 29.5446206, -95.2279847 29.5646302, -95.1905625 29.5643316, -95.1905625 29.5888157, -95.2616054 29.6827316, -95.3264934 29.6818369))",true,null
188,"Houston, TX",4909,TX: Pinehurst,"POLYGON ((-95.609029 30.227459, -95.641942 30.276703, -95.714227 30.276703, -95.721757 30.265438, -95.788791 30.265438, -95.824934 30.211355, -95.788791 30.157242, -95.716507 30.157242, -95.708976 30.168519, -95.641942 30.168519, -95.609029 30.217793, -95.609029 30.227459))",false,null
188,"Houston, TX",3182,TX: Richmond,"POLYGON ((-95.6663804 29.5324758, -95.6662844 29.6762117, -95.7745597 29.6751677, -95.7515245 29.653533, -95.7516961 29.6010082, -95.8219056 29.6008589, -95.8213907 29.525157, -95.7266336 29.5254558, -95.7265907 29.5329613, -95.6663804 29.5324758))",true,null
188,"Houston, TX",3185,TX: South Houston,"POLYGON ((-95.325796 29.557205, -95.325798 29.55748, -95.326521 29.665755, -95.429972 29.665309, -95.428604 29.514472, -95.428591 29.51311, -95.428586 29.512428, -95.428579 29.511738, -95.430277 29.488007, -95.430353 29.488038, -95.43162 29.469729, -95.385997 29.468295, -95.368799 29.455579, -95.324707 29.456186, -95.325196 29.525005, -95.325581 29.525003, -95.325796 29.557205))",true,null
188,"Houston, TX",3170,TX: Spring,"POLYGON ((-95.4965151 30.1277134, -95.4553163 30.1127166, -95.4522264 30.093262, -95.4865587 30.093559, -95.4853192 30.0462043, -95.4851854 30.0405222, -95.4712808 30.0408194, -95.357641 30.0427512, -95.358110417071828 30.065937397908129, -95.315411566021552 30.066535383443348, -95.330812852793471 30.103513407138333, -95.352630934012979 30.135264555522866, -95.382266033389655 30.146647563044034, -95.421499 30.146419, -95.4966868 30.1465674, -95.4965151 30.1277134))",true,null
188,"Houston, TX",3184,TX: Sugarland,"POLYGON ((-95.42873875153789 29.514471057277404, -95.43010808220902 29.665422969347194, -95.4885861 29.6650326, -95.4888007 29.6131853, -95.6662986 29.6132599, -95.666292 29.5783484, -95.53878481068749 29.52979117411146, -95.49608235938022 29.514952250481716, -95.43039874123338 29.488185959111398, -95.4287139411045 29.511741241121808, -95.42872031135092 29.51242713040366, -95.42872601104507 29.513108638462125, -95.42873875153789 29.514471057277404))",true,null
188,"Houston, TX",3197,TX: Texas City,"POLYGON ((-94.931693 29.497848, -94.998426 29.521846, -94.998597 29.438392, -95.105265 29.438392, -95.11455 29.37534, -95.081686 29.365026, -95.069707 29.346941, -95.024672 29.346941, -94.93238 29.317799, -94.900539 29.302676, -94.891868 29.317799, -94.897361 29.329174, -94.909721 29.347131, -94.892555 29.361494, -94.886375 29.381839, -94.893928 29.431488, -94.935127 29.450623, -94.957786 29.469755, -94.937186 29.480515, -94.925514 29.474537, -94.908347 29.493066, -94.931693 29.497848))",true,null
188,"Houston, TX",3195,TX: The Woodlands,"POLYGON ((-95.6090286 30.176029, -95.5664566 30.1759548, -95.5665794 30.1470481, -95.5143943 30.1464543, -95.4966868 30.1465674, -95.421499 30.146419, -95.4212311 30.2490141, -95.512555 30.2496072, -95.512555 30.2371503, -95.6090286 30.2375952, -95.6090286 30.176029))",true,null
188,"Houston, TX",3172,TX: Tomball,"POLYGON ((-95.715198153702957 30.097727690889609, -95.715904293861882 30.047777105022476, -95.4853192 30.0462043, -95.486558675421776 30.098484782212793, -95.502651772974943 30.097893603226446, -95.50194013655873 30.146762004086661, -95.5665794 30.1470481, -95.5670943 30.0976044, -95.71572287375578 30.099770547558919, -95.715198153702957 30.097727690889609))",true,null
188,"Houston, TX",3187,TX: Webster/Friendswood,"POLYGON ((-95.100612 29.590607, -95.1905625 29.5888157, -95.1905625 29.5643316, -95.2279847 29.5646302, -95.2279847 29.5446206, -95.250644 29.5449193, -95.2504555 29.5255408, -95.2492707 29.4642434, -95.1479905 29.4648413, -95.1486772 29.5087725, -95.0982087 29.5093701, -95.100612 29.590607))",true,null
188,"Houston, TX",3177,TX: West Houston,"POLYGON ((-95.6082199 29.8030546, -95.6083915 29.8380535, -95.6621927 29.8378894, -95.6669495 29.8379418, -95.6662414 29.7127459, -95.5107162 29.7134913, -95.5107162 29.7577614, -95.5762909 29.7574633, -95.5768058 29.8027567, -95.6082199 29.8030546))",true,null
188,"Houston, TX",3171,TX: Westfield,"POLYGON ((-95.357126 30.0106486, -95.357741 30.0345624, -95.357641 30.0427512, -95.4712808 30.0408194, -95.4715933 29.9292059, -95.4717958 29.8915109, -95.3597009 29.8922549, -95.3607309 29.9578649, -95.3758372 30.0102027, -95.357126 30.0106486))",true,null
188,"Houston, TX",3173,TX: Willowbrook,"POLYGON ((-95.656301 29.9973188, -95.6317534 29.9973188, -95.6307234 29.9286109, -95.4715933 29.9292059, -95.4712808 30.0408194, -95.4851854 30.0405222, -95.4853192 30.0462043, -95.6568733 30.0470958, -95.656301 29.9973188))",true,null
980,"Hudson Oaks, TX",4557,TX: Hudson Oaks,"POLYGON ((-97.8403094579943 32.766264721437572, -97.8367282882348 32.716507799153931, -97.771228755650654 32.7144035794444, -97.733957092511218 32.727412046318541, -97.624644 32.7256717, -97.6382052 32.7707173, -97.766498639856238 32.789448927028083, -97.8403094579943 32.766264721437572))",true,null
463,"Hudson, NY",3901,NY: Hudson,"POLYGON ((-73.9186135 42.4042423, -74.0504494 42.0340443, -73.9131203 41.9973134, -73.6055031 42.3190046, -73.9186135 42.4042423))",false,null
385,"Huntsville, AL",3666,AL: South Huntsville,"POLYGON ((-86.609396744882616 34.697606408855066, -86.584833427091 34.611732438192867, -86.530333565740833 34.612364189078015, -86.526495547335912 34.675514992798547, -86.550291261446532 34.696975307351195, -86.609396744882616 34.697606408855066))",true,null
385,"Huntsville, AL",3665,AL:Huntsville,"POLYGON ((-86.6731078504046 34.78558340410666, -86.670805039361653 34.707373372731695, -86.630889647950269 34.6979074621909, -86.548756054084578 34.6979074621909, -86.550291261446532 34.74648764482869, -86.5978826896678 34.784952974282561, -86.6731078504046 34.78558340410666))",true,null
385,"Huntsville, AL",3667,AL:Madison,"POLYGON ((-86.67542122616932 34.785921841671254, -86.705951652575777 34.775283566269643, -86.772563492008047 34.776803403887016, -86.774413820881151 34.704580209693127, -86.741107901165009 34.676434097887423, -86.6735708972962 34.706101348477375, -86.67542122616932 34.785921841671254))",true,null
853,"Imlay City, MI",4420,MI: Imlay City,"POLYGON ((-83.1242297 43.0453032, -83.0789111 42.9036295, -82.9814075 42.9036295, -83.0280994 43.0513247, -83.1242297 43.0453032))",true,null
787,"Independence, OR",4347,OR: Independence,"POLYGON ((-123.2483332 44.8629448, -123.2474749 44.8392137, -123.1758921 44.8359271, -123.1844752 44.8765706, -123.2483332 44.8629448))",true,null
125,"Indianapolis, IN",4950,IN: Bargersville,"POLYGON ((-86.121558 39.469692, -86.085415 39.518, -86.121558 39.566275, -86.193842 39.566275, -86.229985 39.518, -86.193842 39.469692, -86.121558 39.469692))",true,null
125,"Indianapolis, IN",3500,IN: Brownsburg,"POLYGON ((-86.2067423 39.8006904, -86.2657939 39.8047147, -86.3187132 39.8189695, -86.3163023 39.8924838, -86.3399993 39.9185744, -86.456729 39.9175212, -86.4491759 39.7324226, -86.3221356 39.7348252, -86.2702571 39.7522083, -86.2067423 39.7730573, -86.2067423 39.8006904))",true,null
125,"Indianapolis, IN",3499,IN: Butler Tarkington,"POLYGON ((-86.2067423 39.8006904, -86.2067423 39.8062972, -86.0797129 39.810517, -86.0794555 39.7915259, -86.0392008 39.7909983, -86.0384405 39.8314087, -86.0364543 39.8911707, -86.176406 39.8920066, -86.2554942 39.8474291, -86.2657939 39.8047147, -86.2067423 39.8006904))",true,null
125,"Indianapolis, IN",3502,IN: Carmel/Castleton Square,"POLYGON ((-86.1764057 40.0080745, -86.1764057 39.8917436, -86.0586967 39.8909679, -86.0716604 39.9038048, -86.0722674 39.9208552, -86.0264245 39.9496851, -86.0264245 39.9620541, -86.0085718 39.9691587, -86.0092585 40.008352, -86.1764057 40.0080745))",true,null
125,"Indianapolis, IN",4382,IN: Cicero,"POLYGON ((-86.1146586 40.1707101, -86.176406 40.008338, -86.009258 40.008352, -85.970844872342539 40.042424657702959, -85.9333618 40.1298345, -85.934735 40.167624, -86.1146586 40.1707101))",true,null
125,"Indianapolis, IN",3504,IN: Cumberland,"POLYGON ((-85.917797 39.868779, -85.970749 39.845021, -85.987683 39.822498, -85.979536 39.81166, -86.038695 39.81074, -86.039068 39.790893, -86.065989 39.791246, -86.079449 39.791422, -86.079026 39.784139, -86.119538 39.783611, -86.119538 39.75036, -86.082002 39.749657, -86.063233 39.749305, -86.063186 39.737006, -86.063139 39.724704, -86.062589 39.724712, -86.062185 39.724717, -85.967834 39.72594, -85.969956 39.723113, -85.933813 39.674947, -85.861529 39.674947, -85.825386 39.723113, -85.861529 39.771245, -85.869505 39.771245, -85.869505 39.787381, -85.843113 39.822498, -85.879255 39.870561, -85.917865 39.870561, -85.917797 39.868779))",true,null
125,"Indianapolis, IN",4949,IN: Danville,"POLYGON ((-86.450394 39.762303, -86.485258 39.808706, -86.557542 39.808706, -86.593685 39.7606, -86.557542 39.712461, -86.485258 39.712461, -86.450262 39.759073, -86.450394 39.762303))",true,null
125,"Indianapolis, IN",3503,IN: Fishers/Lawrence,"POLYGON ((-85.963842 40.043961, -85.995834 40.001528, -86.008762 40.001235, -86.008247 39.969159, -86.010057 39.968451, -86.02629 39.961991, -86.02629 39.949636, -86.072131 39.920807, -86.071527 39.903841, -86.058971 39.891409, -86.036316 39.891273, -86.038305 39.83142, -85.993122 39.8351, -85.917934 39.868837, -85.920681 39.940341, -85.900253 39.940604, -85.90012 39.948046, -85.891557 39.948046, -85.855415 39.99602, -85.891557 40.043961, -85.963842 40.043961))",true,null
125,"Indianapolis, IN",4951,IN: Fortville,"POLYGON ((-85.891557 39.948046, -85.90012 39.948046, -85.900253 39.940604, -85.911796 39.940455, -85.917485 39.9329, -85.881342 39.884881, -85.809058 39.884881, -85.772915 39.9329, -85.809058 39.980885, -85.86682 39.980885, -85.891557 39.948046))",true,null
125,"Indianapolis, IN",4902,IN: Greenfield,"POLYGON ((-85.732805 39.767797, -85.696662 39.815898, -85.732805 39.863965, -85.80509 39.863965, -85.841232 39.815898, -85.80509 39.767797, -85.732805 39.767797))",true,null
125,"Indianapolis, IN",3505,IN: Greenwood,"POLYGON ((-86.1936961 39.6890947, -86.2223885 39.6667004, -86.2244485 39.5894876, -86.0603402 39.5916042, -86.0611735 39.69385, -86.1936961 39.6890947))",true,null
125,"Indianapolis, IN",3498,IN: Indianapolis,"POLYGON ((-86.30809297782115 39.73941791450371, -86.30103332134311 39.74178351699337, -86.29827122447588 39.74270903896757, -86.29277627413398 39.74455024709149, -86.26939439022189 39.74455024709149, -86.2702448318729 39.75209940495618, -86.2702037253315 39.75211317694352, -86.2066075527074 39.77298891263372, -86.2066075527074 39.80619806486259, -86.07984619015127 39.81040896724952, -86.07959021598955 39.791523051078656, -86.0791670920371 39.784240828883796, -86.11967314729262 39.78371320840144, -86.11967314729262 39.75025939699214, -86.0633677593988 39.74920358816904, -86.06327324309231 39.72459900638978, -86.06231594769183 39.724611415379506, -86.0611773489062 39.69395365823239, -86.19367993964474 39.68919908338766, -86.1880312 39.7256759, -86.21667297775038 39.724195689965505, -86.1958120043697 39.69639969, -86.21175625537592 39.67514737822282, -86.22252211661109 39.66674382205945, -86.22268680598347 39.660574117680056, -86.23195446218486 39.64821551903063, -86.30423937781515 39.64821551903063, -86.322209038771 39.672176397740905, -86.32215155499196 39.68948046501682, -86.32210144465364 39.70456140325038, -86.32204737620438 39.720829857218696, -86.30809297782115 39.73941791450371))",true,null
125,"Indianapolis, IN",4901,IN: Lebanon,"POLYGON ((-86.528837 39.999059, -86.456552 39.999059, -86.420409 40.046998, -86.456552 40.094903, -86.528837 40.094903, -86.564979 40.046998, -86.528837 39.999059))",true,null
125,"Indianapolis, IN",3506,IN: Plainfield/Mooresville,"POLYGON ((-86.3221356 39.7348252, -86.4491759 39.7324226, -86.4494966 39.6456166, -86.4110444 39.5958989, -86.3670991 39.5958989, -86.3224671 39.6350413, -86.3221356 39.7348252))",true,null
125,"Indianapolis, IN",4381,IN: Sheridan,"POLYGON ((-86.301299 40.1623205, -86.36386 40.005182, -86.176406 40.008338, -86.1146586 40.1707101, -86.301299 40.1623205))",true,null
125,"Indianapolis, IN",3501,IN: Zionsville,"POLYGON ((-86.3163023 39.8924838, -86.292014 39.8925076, -86.2910757 39.8630247, -86.3006888 39.8514285, -86.3013754 39.8139911, -86.2657939 39.8047147, -86.2554942 39.8474291, -86.176406 39.8920066, -86.176406 40.0083375, -86.3638602 40.0051819, -86.3611136 39.9183431, -86.3399993 39.9185744, -86.3163023 39.8924838))",true,null
65,"Iowa City, IA",4072,IA: Iowa City,"POLYGON ((-91.6298772 41.7661721, -91.6518499 41.6841761, -91.5474798 41.606183, -91.4403631 41.6554528, -91.5090276 41.698533, -91.6298772 41.7661721))",true,null
542,"Jackson, MI",3984,MI: Jackson,"POLYGON ((-84.34050189781513 42.32416313241649, -84.26821698218484 42.32416313241649, -84.2320745243697 42.27786255, -84.26027469488157 42.24171285324885, -84.2489965 42.2328857, -84.3066747 42.1555608, -84.47627619999999 42.1667584, -84.5202215 42.3014831, -84.35329610707369 42.30777690206355, -84.34050189781513 42.32416313241649))",true,null
384,"Jackson, MS",3659,MS:Brandon,"POLYGON ((-90.119588003716657 32.339584750298528, -90.111499909716045 32.280796970477482, -89.988560880907031 32.264384271898635, -89.989100087173739 32.289002206281666, -90.047873570244732 32.351428829985714, -90.064588964512623 32.352795354785819, -90.119588003716657 32.339584750298528))",true,null
384,"Jackson, MS",3662,MS:Clinton,"POLYGON ((-90.2502779909674 32.293092458747957, -90.250964636910027 32.354598160282968, -90.238948341380322 32.36068843218473, -90.277743807493124 32.399250622661832, -90.397906740882732 32.400410133263676, -90.399280031589612 32.293092459094943, -90.2736239372962 32.293092458747957, -90.2502779909674 32.293092458747957))",true,null
384,"Jackson, MS",3658,MS:Jackson,"POLYGON ((-90.249659918467515 32.292357536755176, -90.277469026385589 32.292502647367144, -90.2800739677898 32.263149902951092, -90.2537389631756 32.239323089734008, -90.234452266051576 32.235543464160671, -90.217568843589589 32.236119816164937, -90.2014023712423 32.259528233044371, -90.192445675735229 32.2663847266022, -90.180712091907836 32.27109761165292, -90.177821234005719 32.226967684234964, -90.174587042920692 32.217097386396027, -90.142773873185021 32.216641198318435, -90.11311752851617 32.28094111886746, -90.12003744608198 32.339727915451029, -90.1123394114208 32.349966552910132, -90.113911082751741 32.374123186035114, -90.125004293701309 32.37418011046686, -90.210738073196111 32.375691269143047, -90.236231329850781 32.359955837220944, -90.238849953227131 32.359772581965238, -90.244965763995665 32.35678084393335, -90.250223321237385 32.354224043527275, -90.249659918467515 32.292357536755176))",true,null
384,"Jackson, MS",3660,MS:Ridgeland,"POLYGON ((-90.276370456798659 32.399950734636427, -90.236545029337321 32.360808838313211, -90.225558582414791 32.367043681358709, -90.210795717180659 32.376467630162047, -90.098529340561228 32.3741479817921, -90.058360588729812 32.395167634568516, -90.085826400637671 32.415023088475635, -90.0690035911314 32.426615493954, -90.019393468314945 32.486292783465537, -90.071406849816725 32.48860955026462, -90.156550872568474 32.486582382353347, -90.276370456798659 32.399950734636427))",true,null
221,"Jacksonville, FL",3429,FL: Baymeadows,"POLYGON ((-81.6512203 30.2589306, -81.6429806 30.2458816, -81.6292477 30.2375768, -81.6237545 30.2174051, -81.6492191 30.2034653, -81.5080869 30.2008102, -81.5066956 30.2379668, -81.5135621 30.2824483, -81.6584442 30.2664373, -81.6512203 30.2589306))",true,null
221,"Jacksonville, FL",3422,FL: Englewood/Arlington,"POLYGON ((-81.60488586648987 30.38882555560204, -81.60969239274039 30.390454376735974, -81.62205202911436 30.39297162284839, -81.6234253360091 30.384975471772183, -81.6151856 30.3743129, -81.6138123 30.3192045, -81.67262232612065 30.317028431763863, -81.6605042 30.2984567, -81.6673706 30.2800764, -81.6584442 30.2664373, -81.5135621 30.2824483, -81.5245484 30.352688, -81.5489216 30.3643906, -81.55887928448523 30.371277251143347, -81.5753601 30.3754977, -81.581454078301 30.37512745390315, -81.59544448301317 30.38482738877617, -81.60488586648987 30.38882555560204))",true,null
221,"Jacksonville, FL",3424,FL: Jacksonville,"POLYGON ((-81.6659973 30.3174263, -81.6138123 30.3192045, -81.6151856 30.3743129, -81.6227387 30.3837908, -81.6463409 30.3937725, -81.7322645 30.3891814, -81.7488242 30.3804158, -81.775731956127359 30.379807941396521, -81.7765471996049 30.346318167216506, -81.7760322213479 30.329947122707956, -81.775860580664116 30.314758863441597, -81.776718909872 30.303347564150148, -81.7021365 30.2873209, -81.6847085 30.3060153, -81.6773275 30.3098316, -81.6747526 30.3142404, -81.6727783 30.3176116, -81.6659973 30.3174263))",true,null
221,"Jacksonville, FL",3423,FL: Jacksonville Beach,"POLYGON ((-81.5245484 30.352688, -81.5135621 30.2824483, -81.5066956 30.2379668, -81.507410603755389 30.201211412561968, -81.379322888155514 30.132465084502059, -81.345677268974214 30.125486987650469, -81.3971757 30.3603906, -81.5245484 30.352688))",true,null
221,"Jacksonville, FL",3425,FL: Jacksonville Heights,"POLYGON ((-81.85722809750138 30.339799610375533, -81.88544598795238 30.325349022215924, -81.88688473295555 30.302597019179597, -81.8918425474301 30.246034706829416, -81.84736188444751 30.200122492061762, -81.7581963 30.1993515, -81.6993899 30.192704, -81.69578501015866 30.223115897863646, -81.6853136917138 30.248180102466584, -81.69492671557613 30.285838580851273, -81.77680479267018 30.30332903766167, -81.77590355206551 30.314795855687883, -81.77609251005096 30.330011659261956, -81.77632217748351 30.33852647799271, -81.82907563144933 30.339947761874438, -81.85722809750138 30.339799610375533))",true,null
221,"Jacksonville, FL",3426,FL: Mandarin Station,"POLYGON ((-81.381427 30.132822, -81.507955 30.200739, -81.507957 30.200691, -81.649174 30.203348, -81.645099 30.192783, -81.646472 30.173789, -81.678058 30.161323, -81.671192 30.126289, -81.643726 30.125101, -81.638233 30.100154, -81.665326 30.069595, -81.670658 30.077586, -81.742942 30.077586, -81.779085 30.0234, -81.742942 29.969184, -81.73811 29.969184, -81.711642 29.929463, -81.639358 29.929463, -81.603215 29.9837, -81.603361 29.983918, -81.589824 29.975622, -81.549827 30.001344, -81.452152 30.076984, -81.381427 30.132822))",true,null
221,"Jacksonville, FL",3427,FL: North Jacksonville,"POLYGON ((-81.7371362 30.4247217, -81.7488242 30.3804158, -81.7322645 30.3891814, -81.6463409 30.3937725, -81.6279596 30.3933358, -81.6255535 30.4356727, -81.6234964 30.4575772, -81.609601559720062 30.498221522595262, -81.64380335821032 30.502321143286157, -81.6684717 30.4624602, -81.711387 30.4596488, -81.7371362 30.4247217))",true,null
221,"Jacksonville, FL",3428,FL: Orange Park,"POLYGON ((-81.79142159463142 30.095699171420296, -81.72432138028591 30.087390372736248, -81.69131513678064 30.086475209963012, -81.6881580255884 30.13172828311315, -81.6940379 30.1560941, -81.6993899 30.192704, -81.7581963 30.1993515, -81.84645175457312 30.199833750889095, -81.85331896427239 30.101625457912572, -81.83075979940801 30.0932333757378, -81.82898904073946 30.09277255264072, -81.82870403285985 30.092658257451742, -81.82840614928618 30.092524592400363, -81.82812533042078 30.092489398935655, -81.82773388507724 30.092499769523265, -81.82750530308637 30.092348163076515, -81.82709853989341 30.09220784228949, -81.8267519485964 30.09210480876499, -81.82643343066104 30.092062302187472, -81.82622138208895 30.09207505971756, -81.82604582878231 30.092091125918042, -81.79142159463142 30.095699171420296))",true,null
221,"Jacksonville, FL",3832,FL: St Augustine Beach,"POLYGON ((-81.365950482361782 29.761546479752614, -81.357710737042183 29.738893025595175, -81.2478474681398 29.749624247262169, -81.312392104114537 29.990177882285085, -81.548598166994438 29.999692807523289, -81.424315345489177 29.897359593537342, -81.365950482361782 29.761546479752614))",true,null
696,"Jacksonville, TX",4185,TX: Jacksonville,"POLYGON ((-95.3098276 31.9932657, -95.2887133 31.9272908, -95.1934412 31.9420045, -95.2245119 32.0070955, -95.3098276 31.9932657))",true,null
800,"Jamestown, CA",4360,CA: Jamestown,"POLYGON ((-120.41626381563029 37.97674179, -120.38012135781514 38.026070765550195, -120.30783644218485 38.026070765550195, -120.27169398436969 37.97674179, -120.30783644218485 37.92737963876235, -120.38012135781514 37.92737963876235, -120.39680653768525 37.950171816955404, -120.4255217 37.9359921, -120.4332465 37.9423551, -120.4251784 37.9615762, -120.41063173435177 37.96905186485519, -120.41626381563029 37.97674179))",true,null
1094,"Jamestown, NY",4674,NY: Jamestown,"POLYGON ((-79.2336253 42.1198298, -79.2542246 42.1208484, -79.2683009 42.1167739, -79.2693308 42.1114256, -79.2871836 42.1111709, -79.2947367 42.1007276, -79.3070963 42.1060768, -79.3331889 42.106841, -79.3455485 42.1002182, -79.3476084 42.0918113, -79.2981699 42.0915565, -79.2995432 42.0742297, -79.2023829 42.0747394, -79.1989497 42.1104068, -79.1773203 42.1081145, -79.1745738 42.1244135, -79.2130259 42.1279783, -79.2123393 42.1195752, -79.2336253 42.1198298))",false,null
279,"Jefferson City, MO",3314,MO: Jefferson City,"POLYGON ((-92.2880728 38.5784429, -92.2688467 38.5596528, -92.2211248 38.5470339, -92.1744329 38.5537464, -92.1576101 38.5677063, -92.1689398 38.5787113, -92.1129782 38.6194955, -92.0947821 38.6624012, -92.1229345 38.6688348, -92.1418173 38.6227143, -92.1878225 38.5886411, -92.2211248 38.6148011, -92.2690268 38.59931, -92.2880728 38.5784429))",true,null
653,"Johnson City, TN",4131,TN: Johnson City,"POLYGON ((-82.332854 36.594489, -82.331276 36.592295, -82.661808 36.591, -82.617863 36.498324, -82.560184 36.425429, -82.431095 36.348041, -82.733219 36.317064, -82.889774 36.177516, -82.840336 36.12429, -82.476467 36.167705, -82.489534 36.149432, -82.453392 36.098867, -82.381107 36.098867, -82.344965 36.149432, -82.367341 36.180721, -82.319859 36.186384, -82.093266 36.376794, -82.149571 36.57115, -82.098759 36.593206, -82.189463 36.59285, -82.188284 36.594489, -82.224427 36.644733, -82.296712 36.644733, -82.332854 36.594489))",true,null
653,"Johnson City, TN",4863,VA: Bristol,"POLYGON ((-82.046975 36.632463, -82.083118 36.682682, -82.155402 36.682682, -82.191545 36.632463, -82.163127 36.592953, -82.098759 36.593206, -82.12409 36.582211, -82.083118 36.582211, -82.046975 36.632463))",false,null
1145,"Johnstown, NY",4725,NY: Johnstown,"POLYGON ((-74.3504635 43.0714313, -74.4253079 42.988612, -74.3861691 42.9800727, -74.3532101 42.99263, -74.3490902 43.025267, -74.3072048 43.0513641, -74.3250576 43.0699265, -74.3504635 43.0714313))",false,null
479,"Johnstown, PA",3922,PA: Johnstown,"POLYGON ((-79.0080935 40.3462904, -78.8652712 40.1990762, -78.6462313 40.3415804, -78.8364321 40.4513965, -79.0266329 40.3870974, -79.0080935 40.3462904))",true,null
617,"Jonesboro, AR",4070,AR: Jonesboro,"POLYGON ((-90.6553194 35.9023123, -90.8448336 35.8466732, -90.7816622 35.7219, -90.4987642 35.793223, -90.6553194 35.9023123))",true,null
1082,"Jonestown, PA",4662,PA: Jonestown,"POLYGON ((-76.5723733 40.5485314, -76.5751199 40.4022817, -76.3196878 40.4482802, -76.3883523 40.606942, -76.5723733 40.5485314))",true,null
1014,"Jonesville, NC",4590,NC: Jonesville,"POLYGON ((-80.1757843 35.5167669, -80.1817925 35.5074398, -80.1509364 35.5076843, -80.1474602 35.5169415, -80.1757843 35.5167669))",true,null
642,"Joplin, MO",4115,MO: Joplin,"POLYGON ((-94.5887706 37.1652026, -94.5365855 36.9877067, -94.3635509 37.0469181, -94.2701671 37.143312, -94.312739087499992 37.194744895416477, -94.4432017 37.23521, -94.597010346093754 37.183804624534815, -94.5887706 37.1652026))",true,null
536,"Kalamazoo, MI",3978,MI: Kalamazoo,"POLYGON ((-85.3746519 42.2986601, -85.51699204962293 42.232131424619304, -85.48851373436968 42.1955986, -85.52465619218484 42.14920356114322, -85.59694110781513 42.14920356114322, -85.6330835656303 42.1955986, -85.62148632636992 42.210478431889214, -85.72419833909747 42.235832376077816, -85.72419833909747 42.235832376077816, -85.7263745157486 42.236369444204335, -85.73170759999998 42.2376856, -85.70973489999999 42.3473972, -85.54494 42.3798677, -85.3746519 42.2986601))",true,null
536,"Kalamazoo, MI",4408,MI: Paw Paw,"POLYGON ((-85.8175403 42.3128331, -85.71977378206599 42.297975994043995, -85.73185745990143 42.237617425354244, -85.73185745990143 42.23761742535423, -85.72641712668089 42.23627479977435, -85.72428946436808 42.235749703975294, -85.7150914843697 42.22395325, -85.75123394218485 42.17757902323787, -85.82351885781515 42.17757902323787, -85.84803900253593 42.20904442442729, -85.9260303 42.18983510000001, -85.93289669999999 42.2508558, -85.9589892 42.3097865, -85.8175403 42.3128331))",true,null
157,"Kansas City, MO",3345,KS: Kansas City,"POLYGON ((-94.5768258 39.1573761, -94.904699 39.1589735, -94.9007441 39.0969047, -94.8837564 39.0684033, -94.7605035 39.0710689, -94.709101 39.0948542, -94.6233511 39.0956994, -94.6109865 39.1183645, -94.5864389 39.1264881, -94.5768258 39.1573761))",true,null
157,"Kansas City, MO",3355,KS: Overland Park,"POLYGON ((-94.721964 38.83552, -94.681959 38.83552, -94.656986 38.869205, -94.587227 38.869362, -94.58654 38.959166, -94.550047 38.985283, -94.551175 39.023324, -94.630305 39.022836, -94.630312 39.02285, -94.687558 38.97084, -94.706912 38.953246, -94.706623 38.932978, -94.754244 38.932978, -94.7751 38.904873, -94.776825 38.907198, -94.778303 38.907198, -94.797586 38.933183, -94.86987 38.933183, -94.906013 38.884471, -94.86987 38.835725, -94.868392 38.835725, -94.849109 38.809704, -94.819403 38.809704, -94.816391 38.80564, -94.744107 38.80564, -94.721964 38.83552))",true,null
157,"Kansas City, MO",3347,KS: Shawnee,"POLYGON ((-94.74101780629233 38.953041900703155, -94.74313916218485 38.95018448451314, -94.81542407781515 38.95018448451314, -94.81720693312752 38.952585956155936, -94.8554323 38.9523572, -94.82850329610602 38.96780004758589, -94.85156653563031 38.99885178, -94.8384044185195 39.01656679979341, -94.8549173 39.0204073, -94.82905791027807 39.029143661026666, -94.81542407781515 39.04748562483601, -94.75019379574958 39.04748562483601, -94.7534067456303 39.0518074, -94.72798263234132 39.085996335438374, -94.70906309520814 39.09474998731877, -94.64126962835633 39.09541820028198, -94.62984730341245 39.08006219221593, -94.63316315498408 39.07190166825629, -94.64271733557298 39.04838293844219, -94.63036671608928 39.02296218317827, -94.70704760143491 38.953284199578064, -94.70704704408928 38.95324519364532, -94.74101780629233 38.953041900703155))",true,null
157,"Kansas City, MO",3348,MO: Blue Springs,"POLYGON ((-94.389294 39.143235, -94.389813 39.123479, -94.498585 39.124356, -94.500814 39.023578, -94.373428 39.021842, -94.346979 39.01318, -94.346975 39.013065, -94.298697 38.997369, -94.283809 38.977326, -94.211524 38.977326, -94.211517 38.977335, -94.211493 38.977335, -94.17535 39.025984, -94.211493 39.074599, -94.283778 39.074599, -94.283785 39.074589, -94.283809 39.074589, -94.295949 39.058264, -94.332778 39.071984, -94.33169 39.142453, -94.389294 39.143235))",true,null
157,"Kansas City, MO",3344,MO: Gladstone,"POLYGON ((-94.6856592 39.2725539, -94.6866891 39.2191115, -94.6612832 39.1829284, -94.5768258 39.1573761, -94.5864389 39.1264881, -94.5699594 39.1264881, -94.5308206 39.1547139, -94.442277 39.1555052, -94.4305703 39.2717565, -94.6856592 39.2725539))",true,null
157,"Kansas City, MO",3356,MO: Grandview,"POLYGON ((-94.5868452 38.7998386, -94.4546659 38.7987683, -94.4540879 38.8964004, -94.4547746 38.9528912, -94.5499108 38.9852382, -94.586406 38.9591195, -94.5870926 38.8693622, -94.5868452 38.7998386))",true,null
157,"Kansas City, MO",3346,MO: Kansas City,"POLYGON ((-94.5699594 39.1264881, -94.5864389 39.1264881, -94.6109865 39.1183645, -94.6233511 39.0956994, -94.6425748 39.048386, -94.6302125 39.0229412, -94.5510437 39.0234291, -94.5009515 39.0234747, -94.4987199 39.1243574, -94.5588014 39.1236916, -94.5699594 39.1264881))",true,null
157,"Kansas City, MO",3349,MO: Lee's Summit,"POLYGON ((-94.3734567 39.0217373, -94.5009515 39.0234747, -94.5510437 39.0234291, -94.5499108 38.9852382, -94.4547746 38.9528912, -94.4540879 38.8964004, -94.3438814 38.8951981, -94.34469744141842 38.94035992386423, -94.37467603016727 38.93921289651677, -94.37962075881008 38.93870080372779, -94.37984116359728 38.93921851882565, -94.37478241388747 38.93931530429047, -94.34441769834369 38.940576143952214, -94.34549650598014 38.96786773800869, -94.3471116 39.0131093, -94.3734567 39.0217373))",true,null
454,"Keene, NH",3890,NH: Keene,"POLYGON ((-72.387512 42.9761354, -72.3394468 42.8962057, -72.1355131 42.9022418, -72.2103575 43.0132999, -72.397125 42.9972315, -72.387512 42.9761354))",true,null
823,"Kendallville, IN",4386,IN: Kendallville,"POLYGON ((-85.3115747 41.4703797, -85.3047083 41.4209687, -85.2360437 41.4137597, -85.1920984 41.4590596, -85.3115747 41.4703797))",true,null
667,"Kerrville, TX",4153,TX: Kerrville,"POLYGON ((-99.188444 30.109138, -99.195684 30.09829, -99.255058 30.118596, -99.300376 30.093648, -99.259178 30.059184, -99.217116 30.043769, -99.188444 30.000771, -99.116159 30.000771, -99.112948 30.005587, -99.106742 30.003304, -99.077903 30.057996, -99.083257 30.059828, -99.116159 30.109138, -99.188444 30.109138))",true,null
982,"Key Largo, FL",4558,FL: Key Largo,"POLYGON ((-80.4502612 25.1338692, -80.4315492 25.1142868, -80.4347259 25.1048044, -80.441764 25.0978092, -80.4528361 25.0873933, -80.4693156 25.0687359, -80.490945 25.0486759, -80.5113727 25.0251907, -80.521844 25.0079238, -80.5235606 25.017102, -80.5412417 25.0130575, -80.5601245 24.9901878, -80.543645 24.9758726, -80.3918963 25.10154, -80.395379741311743 25.146323009508411, -80.4502612 25.1338692))",true,null
413,"Killingly, CT",3849,CT: Killingly,"POLYGON ((-71.9751148 41.8638254, -71.9503955 41.7338062, -71.88103083508497 41.69884611930364, -71.8185596 41.7373929, -71.8116931 41.8668936, -71.9751148 41.8638254))",true,null
806,"King City, CA",4367,CA: King City,"POLYGON ((-121.1335302 36.2263322, -121.1488081 36.207774, -121.1280371 36.197108, -121.1163641 36.2094361, -121.1227156 36.2171921, -121.1062361 36.2310402, -121.1251188 36.2331173, -121.1335302 36.2263322))",true,null
806,"King City, CA",4366,CA: Welby,"POLYGON ((-121.0775225 36.1938208, -121.0806124 36.1863395, -121.0692828 36.1842613, -121.0646479 36.1906344, -121.0775225 36.1938208))",true,null
591,"Kingsland, GA",4044,GA: Kingsland,"POLYGON ((-81.662086979771487 30.596094502581842, -81.5896814266988 30.590020718144373, -81.57625259850812 30.579331877979811, -81.501930438565623 30.57144058354314, -81.489592477407655 30.562555071734263, -81.42931413835133 30.518044654569618, -81.4361806137727 30.586046091733731, -81.428627528512067 30.6309600184341, -81.420387797867676 30.695339667706506, -81.561493449272191 30.803919886616072, -81.755470748619757 30.832225044949183, -81.677597051733215 30.600140097818191, -81.662086979771487 30.596094502581842))",true,null
684,"Kingsville, TX",4172,TX: Kingsville,"POLYGON ((-97.803575 27.481438, -97.77169 27.503336, -97.822501 27.578831, -97.838302 27.567961, -97.891815 27.567961, -97.927957 27.512454, -97.891815 27.456918, -97.866586 27.456918, -97.856834 27.444852, -97.83927 27.456918, -97.81953 27.456918, -97.803575 27.481438))",true,null
1010,"Kinston, NC",4586,NC: Kinston,"POLYGON ((-77.6584184 35.2652956, -77.634194119368061 35.20737645678475, -77.5507867 35.2606702, -77.6015985 35.3073324, -77.670099869986871 35.291357691111237, -77.6584184 35.2652956))",true,null
88,"Knoxville, TN",4859,TN: Acuff,"POLYGON ((-83.707867 36.280607, -83.671724 36.331055, -83.707867 36.38147, -83.780152 36.38147, -83.816294 36.331055, -83.780152 36.280607, -83.707867 36.280607))",false,null
88,"Knoxville, TN",4129,TN: Knoxville,"POLYGON ((-84.0756112 36.1249619, -84.574637596122614 35.892275497324043, -83.9717210852314 35.671864320050886, -83.749114580065367 35.8516768430729, -83.6855965 36.0716997, -83.8229256 36.1382718, -84.0756112 36.1249619))",true,null
88,"Knoxville, TN",4914,TN: Norris,"POLYGON ((-84.050924 36.214378, -84.123209 36.214378, -84.159352 36.163855, -84.123209 36.113299, -84.100659 36.113299, -84.075611 36.124962, -84.041296 36.12677, -84.014782 36.163855, -84.050924 36.214378))",false,null
631,"Kokomo, IN",4093,IN: Kokomo,"POLYGON ((-86.1487443 40.5542597, -86.213289 40.4738687, -86.1212785 40.3640893, -86.0169084 40.4602867, -86.1487443 40.5542597))",true,null
438,"La Plata, MD",3874,MD: La Plata,"POLYGON ((-76.531538 38.879617, -76.644148 38.890306, -76.747144 38.877479, -76.789716 38.831493, -76.844648 38.843259, -76.8831 38.799392, -76.863107 38.767598, -76.848768 38.744787, -76.872114 38.719077, -76.961378 38.74693, -76.99983 38.738361, -77.019056 38.734076, -77.031856 38.710774, -77.043775 38.689069, -77.105573 38.670844, -77.178358 38.556027, -77.264875 38.504461, -77.240156 38.377537, -77.172864 38.364617, -77.117933 38.438876, -77.09596 38.450707, -77.086347 38.408751, -77.019056 38.500162, -76.969618 38.343079, -76.847395 38.261174, -76.861128 38.356002, -76.91169 38.403983, -76.911651 38.404009, -76.811689 38.312914, -76.54001 38.278471, -76.56148 38.249272, -76.525337 38.200094, -76.453053 38.200094, -76.41691 38.249272, -76.442293 38.28379, -76.380476 38.364617, -76.523298 38.540991, -76.512312 38.716934, -76.531538 38.879617))",true,null
944,"La Villa, TX",4521,TX: La Villa,"POLYGON ((-97.939718 26.3082883, -97.9470136 26.303364, -97.9456403 26.275507, -97.9065015 26.2725054, -97.9016091 26.3082114, -97.939718 26.3082883))",true,null
986,"LaBelle, FL",4562,FL: LaBelle,"POLYGON ((-81.42423809218484 26.80300666012797, -81.38809563436969 26.747118, -81.42423809218484 26.69120185142412, -81.49652300781513 26.69120185142412, -81.5326654656303 26.747118, -81.49652300781513 26.80300666012797, -81.42423809218484 26.80300666012797))",true,null
452,"Laconia, NH",3888,NH: Laconia,"POLYGON ((-71.446579 43.5714479, -71.4651184 43.5343739, -71.4706115 43.5351205, -71.4788513 43.5475639, -71.4949875 43.5400982, -71.4809112 43.5308892, -71.4767914 43.5199362, -71.4971089637448 43.5175147106103, -71.502931597663007 43.51172512044711, -71.4352493 43.4870651, -71.4077835 43.5637364, -71.446579 43.5714479))",true,null
638,"Lafayette, LA",4744,LA: Crowley,"POLYGON ((-92.434726512766261 30.25216895282492, -92.437837685444421 30.168821700354705, -92.296279328587929 30.16747681149522, -92.3071684329615 30.276353313643156, -92.437837685444421 30.279040097117086, -92.434726512766261 30.25216895282492))",true,null
638,"Lafayette, LA",4110,LA: Lafayette,"POLYGON ((-91.874347 30.398292, -92.171861 30.3712, -92.16601 30.306669, -92.165712 30.295927, -92.164633 30.28654, -92.164093 30.274216, -92.102674 30.264517, -92.103234 30.263679, -92.164289 30.272873, -92.160299 30.202025, -92.123374 30.087319, -92.005738 30.022325, -91.785776 30.142663, -91.874347 30.398292))",true,null
638,"Lafayette, LA",4737,LA: New Iberia,"POLYGON ((-91.914655572928325 30.009227709035496, -91.799299123470746 29.928329552238491, -91.716901659572471 30.023497014752788, -91.824705008172714 30.077582807225152, -91.914655572928325 30.009227709035496))",true,null
638,"Lafayette, LA",4736,LA: Opelousas,"POLYGON ((-92.214428891844946 30.610237447243364, -92.173068596241109 30.371283572959829, -91.87132643967675 30.399664695025482, -91.942766950265209 30.640166478052326, -92.214428891844946 30.610237447243364))",true,null
810,"Lake Arrowhead, CA",4371,CA: Lake Arrowhead,"POLYGON ((-117.1936878 34.252279, -117.1934304 34.2506473, -117.1996102 34.2503635, -117.1978077 34.2424881, -117.1793541 34.2449714, -117.1832165 34.2492284, -117.1918854 34.2516405, -117.1936878 34.252279))",true,null
639,"Lake Charles, LA",4111,LA: Lake Charles,"POLYGON ((-93.1842385 30.3442482, -93.3325539 30.3039446, -93.318821 30.1639386, -93.2391701 30.0926728, -93.1155739 30.2137941, -93.0853615 30.2683687, -93.1842385 30.3442482))",true,null
393,"Lake City, FL",3813,FL: Lake City,"POLYGON ((-82.724096672136966 30.268051458582146, -82.718603508041269 30.139871368226309, -82.595007315887827 30.136308428425437, -82.555181876193956 30.186177876426349, -82.5826476966725 30.252631213589, -82.724096672136966 30.268051458582146))",true,null
659,"Lake Geneva, WI",4138,WI: Lake Geneva,"POLYGON ((-88.4897021 42.7243809, -88.7121752 42.6153288, -88.6132983 42.5060855, -88.1601122 42.5081103, -88.135393 42.7304337, -88.4897021 42.7243809))",true,null
763,"Lake Havasu City, AZ",4275,AZ: Lake Havasu City,"POLYGON ((-114.3705037 34.5214003, -114.371877 34.4942405, -114.3210652 34.4387617, -114.23085670951616 34.4372122703836, -114.2263081 34.476129, -114.282613 34.5451579, -114.37504345307654 34.57440844230031, -114.3705037 34.5214003))",true,null
665,"Lake Jackson, TX",4150,TX: Lake Jackson,"POLYGON ((-95.5065101 29.0542373, -95.3884071 28.8992597, -95.2881568 28.9509447, -95.4405921 29.1166432, -95.5065101 29.0542373))",true,null
730,"Lake Tahoe South, CA",4234,CA: Lake Tahoe South,"POLYGON ((-120.0303974 38.9383299, -120.000185 38.8469419, -119.9136677 38.9415344, -119.9507465 38.9623598, -120.0303974 38.9383299))",true,null
455,"Lakewood, NJ",3892,NJ: Lakewood,"POLYGON ((-74.2979938 40.1783299, -74.3117265 39.6389981, -74.1249619 39.7066467, -73.9821418 40.2601207, -74.0982781 40.2403015, -74.1906285 40.2161752, -74.2979938 40.1783299))",true,null
952,"Lamar, TX",4529,TX: Lamar,"POLYGON ((-96.666202581771373 28.086868756479653, -96.66672984807866 28.085311012384945, -96.665338159322474 28.080637643535557, -96.66560182819677 28.073459554230073, -96.658937608373677 28.068645092716292, -96.646296004440842 28.073881480936905, -96.6497415349964 28.080215719872569, -96.660703270069988 28.119662554858316, -96.668158303678 28.111502914921662, -96.665583377216052 28.107944706315493, -96.671885788342351 28.104959556081027, -96.669856586330383 28.102131230402392, -96.67000369296008 28.09891344010471, -96.667036424114528 28.095381781501128, -96.664774161892723 28.092315237781577, -96.665417844025555 28.088945705243251, -96.666202581771373 28.086868756479653))",true,null
698,"Lampasas, TX",4187,TX: Lampasas,"POLYGON ((-98.2305597 31.0688322, -98.2044672 31.0264763, -98.1062769 31.0558921, -98.1426691 31.1017626, -98.2353663 31.0758897, -98.2305597 31.0688322))",true,null
707,"Lancaster, CA",4208,CA: Lancaster,"POLYGON ((-118.3107188 34.7632159, -118.3381846 34.6051197, -117.9303172 34.5033272, -117.9289439 34.7372637, -118.3107188 34.7632159))",true,null
470,"Lancaster, PA",3912,PA: Lancaster,"POLYGON ((-76.4094443693942 40.1763077354165, -76.2126298812187 40.222715682149506, -76.13114000984018 40.1661365356231, -76.11282939999998 40.0705309, -76.14429166278168 40.05426100266785, -76.1200063443697 40.02205658, -76.15614880218484 39.97410041265278, -76.22843371781514 39.97410041265278, -76.24829114534927 40.00045270969744, -76.3160765 39.9653584, -76.52473712514609 40.0706284122276, -76.5563267981613 40.12986802905049, -76.4094443693942 40.1763077354165))",true,null
202,"Lansing, MI",3524,MI: Lansing,"POLYGON ((-84.6268071 42.8100183, -84.6673192 42.7858345, -84.6707525 42.6784049, -84.5203771 42.6334613, -84.3995275 42.6763857, -84.3919744 42.7797871, -84.472312 42.8120332, -84.5454393 42.820604, -84.6268071 42.8100183))",true,null
70,"Laredo, TX",3261,TX: North Laredo,"POLYGON ((-99.5101341 27.5761758, -99.5111648 27.5585214, -99.5211202 27.5448235, -99.5223491 27.5253476, -99.4400963 27.5256471, -99.4352897 27.5667415, -99.4582924 27.6202934, -99.5382866 27.6342855, -99.5101341 27.5761758))",true,null
70,"Laredo, TX",3262,TX: South Laredo,"POLYGON ((-99.5223491 27.5253476, -99.5240387 27.5006785, -99.5139534 27.4982433, -99.5021516 27.5006036, -99.4864448 27.4974809, -99.4830541 27.4925699, -99.4791488 27.4881157, -99.4759735 27.478598, -99.4791067 27.4634814, -99.4855007 27.4603972, -99.493226 27.4520192, -99.4945129 27.4414317, -99.4897064 27.4257389, -99.4538292 27.4248247, -99.4468789 27.4645067, -99.4375213 27.4789026, -99.4229301 27.4897149, -99.4231018 27.5113365, -99.4400963 27.5256471, -99.5223491 27.5253476))",true,null
319,"Las Cruces, NM",4272,NM: Las Cruces,"POLYGON ((-106.689263 32.280795, -106.674157 32.400303, -106.80874 32.411898, -106.895257 32.366671, -106.874993 32.330765, -106.854736 32.33096, -106.854786 32.330887, -106.854733 32.330809, -106.874923 32.330581, -106.818353 32.232019, -106.689263 32.280795))",true,null
227,"Las Vegas, NV",2871,NV: Downtown Las Vegas,"POLYGON ((-115.1804908 36.1322261, -115.1805767 36.1004009, -115.1295932 36.1007476, -115.1294531 36.1424909, -115.1724442 36.142589, -115.1804908 36.1322261))",true,null
227,"Las Vegas, NV",2875,NV: East Las Vegas,"POLYGON ((-115.1877485 36.2032175, -115.186547 36.1447408, -115.1724706 36.1445329, -115.1724442 36.142589, -115.1297964 36.1424909, -115.1297535 36.144397, -115.0295033 36.1445357, -115.0166016 36.1444982, -115.0169448 36.2032174, -115.0357614 36.2032971, -115.1877485 36.2032175))",true,null
227,"Las Vegas, NV",2870,NV: Enterprise,"POLYGON ((-115.316538 36.0726761, -115.31499309201814 36.05338764464045, -115.30761163610191 36.01944790238825, -115.30320609121299 35.998006992960725, -115.28535814062613 35.99758038368367, -115.25468467045953 35.99708270872752, -115.18041339750704 35.99791928813919, -115.1804106 36.0729536, -115.316538 36.0726761))",true,null
227,"Las Vegas, NV",2868,NV: Henderson,"POLYGON ((-114.941353 36.084986, -114.999795 36.084779, -114.99965 36.084702, -115.019924 36.084685, -115.020508 36.084458, -115.03876 36.07876, -115.054952 36.073561, -115.055192 36.062632, -115.055173 36.040911, -115.055257 36.025478, -115.055195 36.012143, -115.055195 36.012141, -115.038851 36.012003, -115.038851 36.017418, -115.03031 36.017436, -115.030353 36.020473, -115.002716 36.020577, -115.002673 36.01787, -114.997866 36.0178, -114.998167 35.998776, -114.994219 35.998672, -114.994219 35.983602, -114.976271 35.983585, -114.984155 35.972535, -114.948012 35.921856, -114.875727 35.921856, -114.839585 35.972535, -114.875727 36.023181, -114.948012 36.023181, -114.950482 36.019722, -114.958672 36.021712, -114.941353 36.084986))",true,null
227,"Las Vegas, NV",2874,NV: North Las Vegas,"POLYGON ((-115.1929138 36.3061825, -115.1927421 36.2390608, -115.2081266 36.2386062, -115.2079549 36.2129877, -115.1989427 36.2030843, -115.1877485 36.2032175, -115.0357614 36.2032971, -115.0361048 36.2604842, -115.0491916 36.260238, -115.0702654 36.2603458, -115.0711237 36.2923827, -115.1706873 36.2927978, -115.1711164 36.3063559, -115.1929138 36.3061825))",true,null
227,"Las Vegas, NV",2873,NV: Northwest Las Vegas,"POLYGON ((-115.330672 36.306805, -115.3317228 36.23916, -115.2081266 36.2386062, -115.1927421 36.2390608, -115.1929138 36.3061825, -115.2072475 36.30639, -115.21411395786308 36.306389962885632, -115.2238986651442 36.306113281259869, -115.2333400011033 36.306113308601773, -115.26097753842765 36.305836589183919, -115.27282217199974 36.306666635938278, -115.28260687724769 36.306528304353044, -115.29118994450211 36.30639000078245, -115.29719800882299 36.306804963083827, -115.3150508 36.306805, -115.330672 36.306805))",true,null
227,"Las Vegas, NV",2869,NV: South Las Vegas,"POLYGON ((-115.1804106 36.0729536, -115.18029174150755 35.997716105744004, -115.20754546151818 35.99748582548358, -115.20261638745659 35.9892977786023, -115.1797487 35.9538083, -115.11604805047672 35.93989505928363, -115.0926306 35.9542947, -115.0936606 35.9855539, -115.0550367 35.9851372, -115.0553301 36.0121419, -115.0555517 36.0599011, -115.1099684 36.0604561, -115.1099684 36.0730139, -115.1804106 36.0729536))",true,null
227,"Las Vegas, NV",2877,NV: Spring Valley,"POLYGON ((-115.34228 36.132408, -115.3419366 36.1143823, -115.3258005 36.1141743, -115.3259721 36.0725606, -115.316538 36.0726761, -115.1804106 36.0729536, -115.1805767 36.1004009, -115.1804908 36.1322261, -115.34228 36.132408))",true,null
227,"Las Vegas, NV",2876,NV: Summerlin,"POLYGON ((-115.3317228 36.23916, -115.3322378 36.2164502, -115.34125 36.2165194, -115.34125 36.1823038, -115.3656259 36.1821652, -115.3657976 36.1565283, -115.3424516 36.156251, -115.34228 36.132408, -115.1804908 36.1322261, -115.1724442 36.142589, -115.1724706 36.1445329, -115.186547 36.1447408, -115.1877485 36.2032175, -115.1989427 36.2030843, -115.2079549 36.2129877, -115.2081266 36.2386062, -115.3317228 36.23916))",true,null
227,"Las Vegas, NV",2872,NV: Winchester,"POLYGON ((-115.12958189999999 36.085841999999943, -115.10996840000008 36.073013899999957, -115.10996839999983 36.060456100000032, -115.05555170000009 36.059901100000019, -115.05545695787184 36.056690453130791, -115.05508488712758 36.073635011729813, -115.03880923437838 36.078861368659517, -115.02056103327511 36.084558327395058, -115.01995464971031 36.08479338487976, -115.02018547111156 36.084793167615892, -115.01982229404221 36.084844690410833, -115.01995464971031 36.08479338487976, -115.00009788160597 36.084810418514827, -115.00813147307656 36.089101980138352, -115.01044886680089 36.0896915217926, -115.01894607071725 36.0900729819845, -115.02049103405159 36.090939927466913, -115.02478260000009 36.100129399999929, -115.02928870000012 36.100129400000007, -115.02950329999987 36.144535700000141, -115.12975350000012 36.144397000000062, -115.12979639999983 36.142490899999949, -115.12959320000003 36.100747600000084, -115.12958189999999 36.085841999999943))",true,null
995,"Laurens, SC",4571,SC: Laurens,"POLYGON ((-81.9812752 34.6431331, -81.9840218 34.6293623, -81.966169 34.6285854, -81.9647099 34.6427094, -81.9812752 34.6431331))",true,null
554,"Laurinburg, NC",4001,NC: Laurinburg,"POLYGON ((-79.4535089 34.8034005, -79.5194269 34.7740769, -79.5084405 34.710883, -79.4026971 34.776333, -79.4535089 34.8034005))",true,null
1039,"Lawrenceburg, TN",4616,TN: Lawrenceburg,"POLYGON ((-87.3392455 35.2783524, -87.38016753664297 35.24688218166688, -87.3172728 35.2200345, -87.2946135 35.2721861, -87.3392455 35.2783524))",true,null
644,"Lawton, OK",4119,OK: Lawton,"POLYGON ((-98.460008 34.675213, -98.479322 34.647698, -98.534649 34.640369, -98.542202 34.586683, -98.386334 34.539185, -98.374381 34.591212, -98.351581 34.623715, -98.366158 34.64449, -98.365048 34.682728, -98.430279 34.694584, -98.449706 34.675213, -98.460008 34.675213))",true,null
633,"Leavenworth, KS",4097,KS: Leavenworth,"POLYGON ((-94.9951588 39.3606749, -94.9800526 39.2544156, -94.8633228 39.2693016, -94.8743092 39.3596131, -94.9951588 39.3606749))",true,null
1109,"Leicester, NY",4689,NY: Leicester,"POLYGON ((-77.9042105 42.7772771, -77.9097037 42.7714809, -77.9018073 42.76518, -77.8836112 42.7654321, -77.8842978 42.7762691, -77.9042105 42.7772771))",false,null
852,"Lennon, MI",4419,MI: Lennon,"POLYGON ((-84.0058826 42.8931082, -83.927605 42.8981385, -83.8795398 43.0087019, -83.970177 43.0207514, -84.0484546 42.9423877, -84.0058826 42.8931082))",true,null
358,"Lenoir, NC",4595,NC: Lenoir,"POLYGON ((-81.539566 35.9365668, -81.5732117 35.9136303, -81.5637703 35.8952764, -81.5055771 35.9005605, -81.4827461 35.93337, -81.539566 35.9365668))",true,null
424,"Leominster, MA",3860,MA: Leominster,"POLYGON ((-71.8980718 42.6173217, -71.8568731 42.435149, -71.6371465 42.4716261, -71.7113042 42.6456119, -71.8980718 42.6173217))",true,null
441,"Lewiston, ME",3877,ME: Lewiston,"POLYGON ((-70.2670852 44.1830649, -70.3165236 44.0213349, -70.2176467 43.9778686, -70.0638381 44.096338, -70.2670852 44.1830649))",true,null
535,"Lexington, KY",4903,KY: Frankfort,"POLYGON ((-84.826742 38.169947, -84.862885 38.219146, -84.93517 38.219146, -84.971312 38.169947, -84.966884 38.163918, -84.968463 38.161767, -84.932321 38.11253, -84.860036 38.11253, -84.823893 38.161767, -84.828321 38.167797, -84.826742 38.169947))",false,null
535,"Lexington, KY",3976,KY: Lexington,"POLYGON ((-84.29824267781514 38.25137882196897, -84.22595776218485 38.25137882196897, -84.18981530436969 38.20220184, -84.22595776218485 38.152991618048354, -84.25728318959551 38.152991618048354, -84.2300579 37.9421654, -84.75743269999998 37.9421654, -84.7794068 38.2534313, -84.3324236469888 38.204871578932554, -84.29824267781514 38.25137882196897))",true,null
1016,"Lexington, NC",4592,NC: Lexington,"POLYGON ((-80.2565304 35.8521362, -80.2807347 35.8437875, -80.2932659 35.8009172, -80.2378193 35.7869934, -80.2179066 35.8279226, -80.2565304 35.8521362))",true,null
511,"Lexington, VA",3954,VA: Lexington,"POLYGON ((-79.4599125 37.8443221, -79.5436833 37.7268358, -79.4077274 37.7143436, -79.3390629 37.8448643, -79.4310734 37.8744098, -79.4599125 37.8443221))",true,null
965,"Liberty, TX",4542,TX: Liberty,"POLYGON ((-94.9045347 30.0757551, -94.9244475 30.0478239, -94.8942351 29.9955059, -94.7891783 29.98718, -94.7294401 30.0192902, -94.7280669 30.1072426, -94.7617125 30.1125886, -94.7987913 30.0769435, -94.9045347 30.0757551))",true,null
824,"Ligonier, IN",4387,IN: Ligonier,"POLYGON ((-85.6075189 41.4834504, -85.6099222 41.4510352, -85.5790231 41.4474325, -85.57147 41.4690456, -85.6075189 41.4834504))",true,null
1013,"Lillington, NC",4589,NC: Lillington,"POLYGON ((-78.8198986 35.4217778, -78.851827599999993 35.4052693, -78.8350048 35.3939352, -78.8322582 35.3812, -78.8099422 35.3880577, -78.795866 35.4159023, -78.8198986 35.4217778))",true,null
547,"Lincoln, NE",3989,NE: Lincoln,"POLYGON ((-96.7190069 40.8865573, -96.8178839 40.8657897, -96.8151373 40.7930518, -96.7354864 40.7784946, -96.6942877 40.6848367, -96.5679449 40.7327228, -96.5844244 40.7972104, -96.5679449 40.8927864, -96.7190069 40.8865573))",true,null
352,"Lincolnton, NC",4012,NC: Lincolnton,"POLYGON ((-81.3080931 35.5085343, -81.2971067 35.4400339, -81.1728239 35.4403136, -81.1886168 35.530051, -81.3098097 35.5247422, -81.3080931 35.5085343))",true,null
1050,"Little Falls, MN",4627,MN: Little Falls,"POLYGON ((-94.3973298 45.9920994, -94.4014497 45.965378, -94.3437715 45.9529673, -94.3149323 45.9873286, -94.3355317 46.0035474, -94.3231721 46.0426438, -94.3973298 45.9920994))",true,null
613,"Little Rock, AR",4066,AR: Bryant,"POLYGON ((-92.422385 34.6828065, -92.6009129 34.6308434, -92.6544712 34.5731941, -92.5514744 34.5041885, -92.4292515 34.5743249, -92.3413609 34.497398, -92.271323 34.5370016, -92.2301243 34.6161523, -92.2878025 34.6477914, -92.3825596 34.6398828, -92.422385 34.6828065))",true,null
613,"Little Rock, AR",4064,AR: Little Rock,"POLYGON ((-92.3874374 34.7904551, -92.43530848355083 34.81074477965724, -92.49410855839247 34.76403599069019, -92.4121566 34.6775973, -92.38154920286169 34.643392474147916, -92.2181230200333 34.65485611388591, -92.1677108 34.7193726, -92.2116561 34.7453304, -92.2734542 34.7509724, -92.3105331 34.7645114, -92.3270126 34.7870716, -92.3585983 34.7927107, -92.3874374 34.7904551))",true,null
613,"Little Rock, AR",4065,AR: North Little Rock,"POLYGON ((-92.3325057 34.7932751, -92.3105331 34.7859442, -92.2878738 34.7588709, -92.2535415 34.7521012, -92.2027297 34.7458952, -92.1649642 34.7306601, -92.1471115 34.6708214, -92.0674606 34.6792918, -92.1230789 34.7904556, -92.1862503 34.7972222, -92.0777603 34.8862635, -92.1450515 34.9228664, -92.2892471 34.7870721, -92.3496719 34.885137, -92.4004837 34.8840105, -92.432756 34.8761244, -92.4334426 34.8462632, -92.3325057 34.7932751))",true,null
451,"Littleton, NH",3887,NH: Littleton,"POLYGON ((-71.7638632 44.3735698, -71.909432 44.2890895, -71.8064352 44.2290936, -71.6430135 44.3382208, -71.7185446 44.4079165, -71.7638632 44.3735698))",true,null
679,"Livingston, TX",4167,TX: Livingston,"POLYGON ((-95.0641743 30.7386013, -94.9955098 30.6417636, -94.8526875 30.7126299, -95.0641743 30.7386013))",true,null
1117,"Livonia, NY",4697,NY: Livonia,"POLYGON ((-77.6859753 42.8399605, -77.6907818 42.8062177, -77.6488964 42.8047064, -77.6495831 42.8419744, -77.6859753 42.8399605))",false,null
798,"Lockeford, CA",4358,CA: Lockeford,"POLYGON ((-121.163557 38.1780744, -121.1796932 38.1456812, -121.1790065 38.1146241, -121.1515407 38.1165149, -121.1467342 38.1475712, -121.1154918 38.1653888, -121.1165218 38.1805033, -121.163557 38.1780744))",true,null
522,"Logan, WV",3963,WV: Logan,"POLYGON ((-82.0006643 37.8989235, -82.1599661 37.8664066, -82.0281301 37.7427114, -81.9072805 37.8078399, -82.0006643 37.8989235))",true,null
935,"Loma Vista, TX",4512,TX: Loma Vista,"POLYGON ((-99.024164172166508 26.410682090728695, -99.0218487252752 26.409633284684489, -99.013729367155676 26.399301128870729, -98.99748810597346 26.394684435593845, -98.9512075 26.410198, -98.959104 26.4473985, -98.9797033 26.4434023, -98.9834799 26.4188075, -99.034751656819637 26.430684443471371, -99.024164172166508 26.410682090728695))",true,null
635,"London, KY",4099,KY: London,"POLYGON ((-84.1523019 37.1795971, -84.1100732 37.0580474, -84.0287057 37.0602393, -84.0163461 37.1287014, -84.074711 37.1738526, -84.1523019 37.1795971))",true,null
873,"London, OH",4440,OH: London,"POLYGON ((-83.5344842 39.949903, -83.5399774 39.8213441, -83.3422235 39.836109, -83.3724359 39.9814789, -83.5344842 39.949903))",true,null
448,"Londonderry, NH",3884,NH: Londonderry,"POLYGON ((-71.321415 42.926757, -71.3941994 42.8623677, -71.387333 42.8130242, -71.3502541 42.8029492, -71.257560001621584 42.786261475865928, -71.2101784 42.9036248, -71.321415 42.926757))",true,null
465,"Long Beach, NY",3905,NY: Long Beach,"POLYGON ((-73.7434597 40.5927264, -73.756506 40.5833404, -73.5762615 40.5838619, -73.5762615 40.595594, -73.6871548 40.5924657, -73.692648 40.5882943, -73.7434597 40.5927264))",false,null
389,"Long Island, NY",3715,"Deer Park, NY","POLYGON ((-73.2516282062742 40.832270382719727, -73.395823766679143 40.802650303700077, -73.399256994307834 40.744931146855691, -73.359431553815057 40.7116288447621, -73.343638706723056 40.672581502940417, -73.332652378311252 40.678309878317954, -73.3134263035906 40.680392801878732, -73.3134263035906 40.6887238452707, -73.284587191509615 40.684558453746348, -73.261927889160276 40.693409599536857, -73.233088777079274 40.717874295847565, -73.2241623852447 40.707464885228326, -73.207682892626977 40.705382807820506, -73.202189728421089 40.7157925439154, -73.211802765781414 40.782376313981622, -73.2516282062742 40.832270382719727))",false,null
389,"Long Island, NY",3721,"Hamptons, NY","POLYGON ((-72.768717517521878 40.782860421359295, -72.742624987543849 40.7880594325335, -72.743311633069581 40.79949582443745, -72.729578722554834 40.79949582443745, -72.728892077029087 40.820284216999482, -72.7254588494004 40.807292234868449, -72.713785875462847 40.79949582443745, -72.69524644626793 40.795337364403522, -72.689753282062028 40.803654023971617, -72.665034043135478 40.803654023971617, -72.646494613940561 40.793777874731852, -72.610102401076432 40.805213281635709, -72.590189680830051 40.810930246312175, -72.57371018821236 40.828597750370179, -72.56890366953219 40.839507681361027, -72.549677594811527 40.837949229709473, -72.551737531388753 40.846779971264191, -72.544184430605611 40.8556095362147, -72.537317975348259 40.86703428536125, -72.527018292462188 40.8519739754985, -72.5036723445871 40.848857621814048, -72.489252788546608 40.872226701687765, -72.50161240800989 40.882610312783683, -72.483072978814974 40.882610312783683, -72.45354722120824 40.877418710832139, -72.422648172550055 40.880014562707679, -72.423334818075773 40.868072801200618, -72.410288553086772 40.863918640122407, -72.346430519193149 40.886763301158886, -72.384882668634461 40.942284464797304, -72.429514627807421 40.93242897145079, -72.4617869675171 40.907524333690112, -72.483759624340692 40.896625604041063, -72.500239116958412 40.896625604041063, -72.513285381947441 40.899220702568392, -72.540751202976949 40.912713573712921, -72.564783796377753 40.916864672500751, -72.571650251635148 40.907524333690112, -72.592936262933009 40.909081148459158, -72.604609236870559 40.917383541522007, -72.616968856333827 40.910637926575014, -72.621775375013982 40.92049667012158, -72.796183338551387 40.872745920925574, -72.768717517521878 40.782860421359295))",false,null
389,"Long Island, NY",3714,"Huntington, NY","POLYGON ((-73.465174964778654 40.858002954178637, -73.45212869978964 40.8408627548052, -73.395823766679143 40.803970325892308, -73.2516282062742 40.833070289444763, -73.239268586810937 40.91043479859249, -73.291453646767 40.924963004762006, -73.3278458596311 40.930669640703982, -73.354625035134873 40.9218500865293, -73.361491490392254 40.905245379724796, -73.3765976919585 40.915623810199605, -73.3820908561644 40.905245379724796, -73.3930771845762 40.911991544837477, -73.4081833861424 40.905245379724796, -73.434962561646174 40.906802248146825, -73.450755408738175 40.913029355304289, -73.476161293190458 40.899536548597055, -73.471354774510274 40.87825383698361, -73.461741737149978 40.86994653170138, -73.465174964778654 40.858002954178637))",false,null
389,"Long Island, NY",3717,"Long Island, NY","POLYGON ((-73.2357236589505 40.814857297519396, -73.12181278015439 40.82973462779219, -73.06723301222227 40.841682747916444, -73.06661858977789 40.84248783930842, -73.0087821686888 40.85506260276346, -73.01001322465717 40.88764413017097, -73.00962303294378 40.88764413017097, -73.00779724722898 40.85635029156983, -72.94616739056663 40.86971264672598, -72.94540210141412 40.8687102818503, -73.00695298018319 40.855505529252234, -72.98779625373903 40.83179133586886, -72.98448319471922 40.792925051451604, -72.98616513860689 40.792925051451604, -72.9818816498567 40.7500582798878, -73.00269785105799 40.747868019993, -73.01599709071438 40.7504963232097, -73.0281398747485 40.743049194288304, -73.0356568362934 40.73034334381809, -73.0697722771511 40.72508504070581, -73.10677885706458 40.7171968070082, -73.1206563245321 40.72639965543599, -73.1455201204115 40.7268378545754, -73.13684670324429 40.7167585443932, -73.1489894872783 40.7106225648415, -73.2004517624705 40.7150054650812, -73.20970340744888 40.7829035207985, -73.2357236589505 40.814857297519396))",true,null
389,"Long Island, NY",3720,"Riverhead, NY","POLYGON ((-72.795496693025626 40.8734796777764, -72.621775375013968 40.92122989750856, -72.609415755550685 40.93316206645197, -72.590876326355769 40.929530764859514, -72.546931012708569 40.954427110619591, -72.532511456668047 40.978795688429905, -72.509165508792975 40.982424281124537, -72.497492534855425 40.989162566497846, -72.470713359351649 40.990199164673648, -72.470713359351649 41.000564250089518, -72.45492051225969 41.01403642461041, -72.490626079598059 41.048740486876461, -72.520151837204779 41.038900894624277, -72.58332322557267 40.998491363385376, -72.635508285528729 40.981905922961722, -72.64855455051773 40.981905922961722, -72.674647080495788 40.979832449569919, -72.689066636536268 40.981905922961722, -72.769404163047568 40.965834799234962, -72.785197010139555 40.966353283688612, -72.8044230848602 40.899954165927809, -72.795496693025626 40.8734796777764))",false,null
389,"Long Island, NY",3719,"Rocky Point, NY","POLYGON ((-73.031016108353668 40.951455766910406, -73.009730097055808 40.891789897241217, -73.007670160478568 40.856483870681288, -72.80648302143743 40.900094461198279, -72.786570301191048 40.967011917307353, -72.833948842466938 40.970641158192585, -72.876520865062687 40.964419480176495, -72.910853141349548 40.964419480176495, -72.963038201305636 40.9685673307009, -73.020029779941865 40.965974954676192, -73.031016108353668 40.951455766910406))",false,null
389,"Long Island, NY",3716,"St. James, NY","POLYGON ((-73.2359950720047 40.816028397426514, -73.120537600951124 40.830868731289648, -73.008919846136124 40.855138716546186, -73.010256585714757 40.890516512774632, -73.030976049183408 40.951120176846807, -73.041669965812389 40.963234241013971, -73.066399648016883 40.971309048691957, -73.077093564645878 40.967776441916349, -73.072414976120712 40.959196466639995, -73.072414976120712 40.949100950017659, -73.098481397903839 40.9602059333915, -73.114024405555256 40.9760180386733, -73.14541391530328 40.957733742526429, -73.14541391530328 40.934701866911539, -73.155279189795522 40.915728408571084, -73.179493954458266 40.904206151271168, -73.177700268186953 40.919794608221089, -73.216264523020243 40.910984192851714, -73.237788758276011 40.908950853327369, -73.249447719039566 40.832316202160307, -73.2359950720047 40.816028397426514))",false,null
389,"Long Island, NY",3718,"Yaphank, NY","POLYGON ((-73.00674544573603 40.855444117960921, -72.987663927968171 40.831823020418057, -72.9807251942344 40.7503970329251, -72.945453297754383 40.740759398869912, -72.9211677296862 40.759595289817568, -72.902086211918316 40.7574053440835, -72.891099883506527 40.766164694142432, -72.88358292196159 40.756091342013463, -72.881270010717017 40.740759398869912, -72.858140898271117 40.74426415466592, -72.832120646769468 40.755653335551905, -72.810147989945875 40.761785163405953, -72.809569762134714 40.774485007463753, -72.800318117156365 40.784555571728291, -72.770250270976689 40.782804278920906, -72.80494393964554 40.8987275961373, -73.00674544573603 40.855444117960921))",false,null
388,"Longview, TX",3677,"Longview, TX","POLYGON ((-94.625768218646357 32.36128280375317, -94.622311845653357 32.3629511101341, -94.6206804573997 32.358566734973948, -94.617156937168048 32.361296150190434, -94.614526145323481 32.36258742193808, -94.616611813424242 32.366354359790535, -94.6199812651355 32.364812903797095, -94.625768218646357 32.36128280375317))",true,null
388,"Longview, TX",4772,TX: Kilgore,"POLYGON ((-94.93331477554942 32.503313617711463, -94.967781682431323 32.473077786162861, -94.9278000614058 32.347956487263453, -94.867138295195076 32.335726041640704, -94.7982044699556 32.346209381958836, -94.763048219083487 32.382891506613738, -94.787864416571125 32.440504763503625, -94.857832247340909 32.473659342201124, -94.93331477554942 32.503313617711463))",true,null
388,"Longview, TX",4311,TX: Longview,"POLYGON ((-94.91412848133325 32.518385292068011, -94.741159744304923 32.436529469433111, -94.696159747679673 32.440089965760684, -94.680690998839751 32.501782884429474, -94.734128494832248 32.571729400777244, -94.893034732915154 32.569359224619717, -94.91412848133325 32.518385292068011))",true,null
936,"Los Alvarez, TX",4513,TX: Los Alvarez,"POLYGON ((-98.8770498 26.4824358, -98.9126713 26.489091, -98.9394504 26.4110153, -98.9164478 26.3876438, -98.8905242 26.3681156, -98.8543064 26.367036, -98.8509573 26.422497, -98.8396276 26.4249567, -98.8770498 26.4824358))",true,null
187,"Los Angeles, CA",2838,CA: Anaheim,"POLYGON ((-117.7758454 33.7974627, -117.7675679 33.8146892, -117.7800992 33.8195383, -117.7295475 33.843501, -117.716953 33.8569418, -117.7216264 33.8659645, -117.7358406 33.8712069, -117.7609837 33.8680364, -117.797424 33.8563054, -117.8130668 33.8565089, -117.8273147 33.8521132, -117.9692792 33.8540286, -117.9782914 33.8559, -118.018181 33.8550198, -118.0122198 33.7732404, -117.975141 33.7641076, -117.9215826 33.7641076, -117.8611611 33.7914711, -117.7758454 33.7974627))",true,null
187,"Los Angeles, CA",2855,CA: Beverly Hills,"POLYGON ((-118.5179162 34.0247481, -118.35031041508624 34.03798786911199, -118.3620477 34.1038146, -118.4118649 34.1374321, -118.5272213 34.1885665, -118.5533138 34.1612987, -118.4915157 34.1317486, -118.492889 34.0612413, -118.5615536 34.0430363, -118.5179162 34.0247481))",true,null
187,"Los Angeles, CA",2844,CA: Compton/Norwood,"POLYGON ((-118.2821564 33.928432, -118.2852304 33.8719794, -118.1927814 33.8769281, -118.065752 33.876073, -118.0355646 33.8594652, -118.018181 33.8550198, -118.0192476 33.9263739, -118.2821564 33.928432))",true,null
187,"Los Angeles, CA",2845,CA: Diamond Bar,"POLYGON ((-117.8503328 33.9693789, -117.80812347399922 33.998717708001486, -117.7743271 34.042318, -117.8035095 34.0676334, -117.8450516 34.0682022, -117.8646209 34.0562567, -117.9075363 34.0576788, -117.9780489 33.972511, -117.8503328 33.9693789))",true,null
187,"Los Angeles, CA",2861,CA: Eastvale,"POLYGON ((-117.480057 33.877744, -117.509504 33.87853, -117.494326 34.012511, -117.678194 34.007962, -117.692363 34.007568, -117.662514 33.952368, -117.662644 33.952334, -117.61716 33.867236, -117.615237 33.867439, -117.616349 33.86584, -117.580207 33.813845, -117.507922 33.813845, -117.471779 33.86584, -117.480057 33.877744))",true,null
187,"Los Angeles, CA",2850,CA: El Monte,"POLYGON ((-118.1182886 34.05206, -118.07091 34.0247481, -118.0809143 33.9963377, -118.0294159 33.9957684, -118.0304458 33.9724246, -117.9780489 33.972511, -117.9075363 34.0576788, -117.910235 34.147014, -118.0207849 34.1725822, -118.0818963 34.1197328, -118.1182886 34.05206))",true,null
187,"Los Angeles, CA",2854,CA: Glendale/Burbank,"POLYGON ((-118.1646725 34.2158255, -118.3486935 34.2805304, -118.4118649 34.1374321, -118.3620477 34.1038146, -118.2089258 34.1015404, -118.2109857 34.1254171, -118.1869531 34.1992785, -118.1646725 34.2158255))",true,null
187,"Los Angeles, CA",2836,CA: Huntington Beach,"POLYGON ((-117.9439537 33.6203283, -117.8841592 33.6747389, -117.8486934 33.7057011, -117.9215826 33.7641076, -117.975141 33.7641076, -118.0122198 33.7732404, -118.0911841 33.7732404, -118.1041594 33.7573227, -118.1129841 33.7456879, -118.1162717 33.7414037, -118.114015 33.7412713, -118.1050021 33.7368464, -118.0936732 33.7312785, -118.0815269 33.7221411, -118.0698122 33.7130029, -118.0574943 33.7029352, -118.0485262 33.692724, -118.0279269 33.673226, -117.995397 33.6477219, -117.9439537 33.6203283))",true,null
187,"Los Angeles, CA",2847,CA: Inglewood,"POLYGON ((-118.2821564 33.928432, -118.2693506 34.0389742, -118.3496881 34.0378362, -118.4334588 34.032146, -118.3840204 33.9302268, -118.2821564 33.928432))",true,null
187,"Los Angeles, CA",2834,CA: Irvine,"POLYGON ((-117.8172793 33.7081287, -117.8486934 33.7057011, -117.8841592 33.6747389, -117.7497872 33.6286948, -117.6293101 33.648703, -117.6499095 33.6701353, -117.6473346 33.6884199, -117.6675906 33.6914194, -117.6868167 33.6795638, -117.7259555 33.7086999, -117.8172793 33.7081287))",true,null
187,"Los Angeles, CA",2846,CA: La Habra,"POLYGON ((-117.8719621 33.9334954, -117.8503328 33.9693789, -117.9780489 33.972511, -118.0304458 33.9724246, -118.0294159 33.9957684, -118.0809143 33.9963377, -118.1183365 33.9684384, -118.121083 33.9271421, -118.0192476 33.9263739, -117.8719621 33.9334954))",true,null
187,"Los Angeles, CA",2833,CA: Laguna Nigue/Mission Viejo,"POLYGON ((-117.7941816 33.5419804, -117.80419159999997 33.5456733, -117.81652 33.5517799, -117.8214774 33.5545605, -117.81562019999998 33.5583782, -117.8110717 33.5564917, -117.80845440000002 33.5588251, -117.77862989999998 33.546897, -117.753907 33.5760794, -117.74979627894083 33.628578884987675, -117.62906649295309 33.64862907184182, -117.62916292693664 33.64872941748438, -117.5791558 33.65770519999999, -117.5798424 33.6462737, -117.61898119906856 33.5656383019199, -117.64592451492521 33.51005518413078, -117.62040504218486 33.51005518413078, -117.5842625843697 33.45784378, -117.62040504218486 33.405600915913254, -117.69268995781515 33.405600915913254, -117.72883241563032 33.45784378, -117.72334019930089 33.46577986486445, -117.7281578 33.4694638, -117.7466973 33.4969531, -117.7851494 33.5358814, -117.78756259999999 33.5402903, -117.7941816 33.5419804))",true,null
187,"Los Angeles, CA",2839,CA: Lakewood,"POLYGON ((-118.0911841 33.7732404, -118.0122198 33.7732404, -118.018181 33.8550198, -118.0355646 33.8594652, -118.065752 33.876073, -118.1927814 33.8769281, -118.2044544 33.8273169, -118.1368136 33.8030074, -118.1145035 33.802144, -118.0911841 33.7732404))",true,null
187,"Los Angeles, CA",2842,CA: Longbeach,"POLYGON ((-118.2134415 33.7424254, -118.1955891 33.7300773, -118.1818565 33.7300773, -118.1871779 33.7480634, -118.1815131 33.7561987, -118.1773933 33.7566269, -118.1782516 33.7607656, -118.1677804 33.7603375, -118.1590258 33.7583395, -118.149928 33.7554851, -118.1391136 33.7510607, -118.127784 33.7466361, -118.1224626 33.7446378, -118.1162717 33.7414037, -118.1131163 33.7455527, -118.0911841 33.7732404, -118.1145035 33.802144, -118.1368136 33.8030074, -118.2044544 33.8273169, -118.1927814 33.8769281, -118.2852304 33.8719794, -118.2846714 33.8070791, -118.2778873 33.7678524, -118.2705093 33.7204189, -118.2478249 33.7127527, -118.2438943 33.7143634, -118.2463151 33.7216856, -118.23708 33.7254781, -118.240011 33.7385837, -118.2207181 33.7378284, -118.2134415 33.7424254))",true,null
187,"Los Angeles, CA",2853,CA: Los Angeles,"POLYGON ((-118.2089258 34.1015404, -118.3620477 34.1038146, -118.35017090604264 34.03810347539769, -118.2693506 34.0389742, -118.20208508960434 34.04482416898723, -118.2089258 34.1015404))",true,null
187,"Los Angeles, CA",2866,CA: Menifee,"POLYGON ((-117.3650033 33.6884615, -117.2496468 33.5724025, -117.1878487 33.6084375, -117.11645 33.6507256, -117.1521431 33.7284456, -117.1756409 33.7631267, -117.2621582 33.7648392, -117.3650033 33.6884615))",true,null
187,"Los Angeles, CA",2849,CA: Montebello/Huntington Park,"POLYGON ((-118.2693506 34.0389742, -118.2821564 33.928432, -118.121083 33.9271421, -118.1183365 33.9684384, -118.0809143 33.9963377, -118.07091 34.0247481, -118.1182886 34.05206, -118.2693506 34.0389742))",true,null
187,"Los Angeles, CA",2865,CA: Moreno Valley,"POLYGON ((-117.2868775 33.9604087, -117.3328888 33.9972116, -117.4269592 33.8764399, -117.3280762 33.8635352, -117.2621582 33.7648392, -117.1756409 33.7631267, -117.1742676 33.8219028, -117.2085999 33.8766481, -117.138562 33.9159745, -117.1378754 33.9552829, -117.2868775 33.9604087))",true,null
187,"Los Angeles, CA",2835,CA: Newport Beach,"POLYGON ((-117.8346064 33.5670188, -117.8258517 33.5668758, -117.8213885 33.5720249, -117.8248217 33.5765301, -117.817612 33.5843243, -117.8243926 33.5888289, -117.8361514 33.5801056, -117.8377822 33.5861119, -117.7935783 33.6437684, -117.8841592 33.6747389, -117.9439537 33.6203283, -117.9329674 33.6078911, -117.9013817 33.5988836, -117.8824989 33.5905903, -117.8718559 33.5883023, -117.857093 33.5791498, -117.8481666 33.5785778, -117.8346064 33.5670188))",true,null
187,"Los Angeles, CA",2859,CA: Oxnard,"POLYGON ((-118.95954545310667 34.16222990415383, -118.8997787 34.3029202, -119.3410562 34.301535, -119.22551718048558 34.148515596217386, -119.13714045286659 34.10591900003856, -119.00734094898131 34.161351045410164, -118.95954545310667 34.16222990415383))",true,null
187,"Los Angeles, CA",2852,CA: Pasadena,"POLYGON ((-118.0207849 34.1725822, -118.1646725 34.2158255, -118.1869531 34.1992785, -118.2109857 34.1254171, -118.20202061570352 34.04483485357597, -118.1182886 34.05206, -118.0818963 34.1197328, -118.0207849 34.1725822))",true,null
187,"Los Angeles, CA",2851,CA: Pomona,"POLYGON ((-117.910235 34.147014, -117.9075363 34.0576788, -117.8646209 34.0562567, -117.8450516 34.0682022, -117.8035095 34.0676334, -117.7743271 34.042318, -117.6911951 33.9450383, -117.662699 33.9524373, -117.6925683 34.0076737, -117.6417566 34.1379212, -117.910235 34.147014))",true,null
187,"Los Angeles, CA",2860,CA: Rancho Cucamonga,"POLYGON ((-117.6925683 34.0076737, -117.6781986 34.0080734, -117.4941776 34.0126269, -117.4715183 34.1525272, -117.6417566 34.1379212, -117.6925683 34.0076737))",true,null
187,"Los Angeles, CA",2864,CA: Redlands,"POLYGON ((-117.160953 34.137257, -117.2813 34.180372, -117.285767 34.045097, -117.192539 34.029205, -117.130359 34.011434, -117.135856 34.00354, -117.099714 33.951628, -117.027429 33.951628, -116.991286 34.00354, -117.027429 34.05542, -117.091574 34.05542, -117.137607 34.081542, -117.158206 34.081827, -117.160953 34.137257))",true,null
187,"Los Angeles, CA",2862,CA: Riverside,"POLYGON ((-117.4941776 34.0126269, -117.5093566 33.878638, -117.4269592 33.8764399, -117.3328888 33.9972116, -117.4941776 34.0126269))",true,null
187,"Los Angeles, CA",2863,CA: San Bernadino,"POLYGON ((-117.2859011 34.0451195, -117.2814337 34.1804193, -117.3168002 34.19235, -117.3737918 34.1940539, -117.4715183 34.1525272, -117.4941776 34.0126269, -117.3328888 33.9972116, -117.2859011 34.0451195))",true,null
187,"Los Angeles, CA",2856,CA: San Fernando,"POLYGON ((-118.5272213 34.1885665, -118.4118649 34.1374321, -118.3486935 34.2805304, -118.4379574 34.3338461, -118.5313412 34.2998187, -118.5272213 34.1885665))",true,null
187,"Los Angeles, CA",2840,CA: San Pedro,"POLYGON ((-118.2705093 33.7204189, -118.2740043 33.7439037, -118.2778873 33.7678524, -118.2819047 33.7907197, -118.2922751 33.7908289, -118.3240027 33.7889768, -118.3258302 33.7707161, -118.3258302 33.7348204, -118.3162171 33.7349632, -118.3155734 33.7294669, -118.3278472 33.7293955, -118.3309371 33.7279678, -118.3318812 33.7194727, -118.3222682 33.7167598, -118.3138568 33.7216144, -118.3107669 33.7207577, -118.3126551 33.7141896, -118.3088786 33.7115479, -118.3020121 33.7091204, -118.2977206 33.7088348, -118.2959182 33.7068356, -118.2952744 33.704158, -118.2920558 33.7040152, -118.2896525 33.7040152, -118.2871205 33.7053004, -118.2836873 33.7082636, -118.2793958 33.7074782, -118.2809407 33.7056931, -118.2754046 33.7044793, -118.2726151 33.7067285, -118.2790953 33.7099058, -118.2833869 33.7155818, -118.2771212 33.7148322, -118.2745463 33.7126189, -118.2714993 33.7147965, -118.2725293 33.7184375, -118.2705093 33.7204189))",true,null
187,"Los Angeles, CA",2837,CA: Santa Ana,"POLYGON ((-117.9215826 33.7641076, -117.8486934 33.7057011, -117.8178166 33.7080445, -117.7259555 33.7086999, -117.755761 33.7577962, -117.7640007 33.7572967, -117.7599452 33.7663943, -117.7651592 33.7667157, -117.7716609 33.7575466, -117.7759311 33.7609003, -117.7640657 33.7718528, -117.7624128 33.7768113, -117.7696116 33.7813325, -117.7697726 33.7824292, -117.7660604 33.7841948, -117.7579494 33.7855144, -117.7584212 33.7925408, -117.7758454 33.7974627, -117.8611611 33.7914711, -117.9215826 33.7641076))",true,null
187,"Los Angeles, CA",2857,CA: Santa Clarita,"POLYGON ((-118.6192318 34.4754782, -118.6198724 34.4074865, -118.5313412 34.2998187, -118.4379574 34.3338461, -118.3754841 34.4380794, -118.4118649 34.4800065, -118.6192318 34.4754782))",true,null
187,"Los Angeles, CA",2848,CA: Santa Monica,"POLYGON ((-118.43395827610087 34.03094006691444, -118.51683540684384 34.02450779753353, -118.4911379 33.9997052, -118.4684783 33.9740845, -118.4485653 33.9467471, -118.440085 33.9314229, -118.38470644648366 33.930625367890414, -118.43279305963455 34.03107801771669, -118.43395827610087 34.03094006691444))",true,null
187,"Los Angeles, CA",2867,CA: Temecula,"POLYGON ((-117.1442579 33.4546009, -117.043321 33.4769405, -117.087953 33.5536532, -117.0701002 33.6451612, -117.11645 33.6507256, -117.2496468 33.5724025, -117.1442579 33.4546009))",true,null
187,"Los Angeles, CA",2858,CA: Thousand Oaks,"POLYGON ((-118.5313412 34.2998187, -118.8997787 34.3029202, -118.9553969 34.1655416, -118.8618458 34.1354655, -118.6980556821088 34.142201515474753, -118.5533138 34.1612987, -118.5272213 34.1885665, -118.5313412 34.2998187))",true,null
187,"Los Angeles, CA",2841,CA: Torrence,"POLYGON ((-118.391333 33.73578710000001, -118.4023194 33.7346451, -118.40575259999997 33.7389277, -118.41158910000001 33.7389277, -118.4177689 33.7517742, -118.42257540000001 33.7597666, -118.42600859999999 33.7688999, -118.4294419 33.7740369, -118.42806859999999 33.7797444, -118.4205155 33.7880195, -118.4112458 33.7925848, -118.4084992 33.7994322, -118.4006027 33.8037115, -118.39414030000002 33.8159681, -118.39729029999998 33.8339294, -118.4077133 33.865288, -118.4146019083718 33.878581717466886, -118.45238695781514 33.878581717466886, -118.4885294156303 33.93053818, -118.46330983093479 33.9667737427094, -118.44868457595227 33.9466947113897, -118.44017209061805 33.931312336640396, -118.38430182606974 33.93050772209526, -118.38416571083123 33.93022694747637, -118.38411221140602 33.93011659013961, -118.28229724113189 33.92832265171011, -118.28536516906765 33.8719815269429, -118.28480607838425 33.807070696160785, -118.28199740036347 33.7908326700939, -118.29227897373659 33.790940934609935, -118.32412740498451 33.78908178343687, -118.3259649472926 33.770720750688284, -118.3259649472926 33.77068583366679, -118.392363 33.7557705, -118.391333 33.73578710000001))",true,null
187,"Los Angeles, CA",2843,CA: Yorba Linda,"POLYGON ((-117.7358406 33.8712069, -117.7396112 33.8861972, -117.7646738 33.9038658, -117.7996927 33.9038658, -117.8719621 33.9334954, -118.0192476 33.9263739, -118.018181 33.8550198, -117.9782914 33.8559, -117.9692792 33.8540286, -117.8273147 33.8521132, -117.8130668 33.8565089, -117.797424 33.8563054, -117.7609837 33.8680364, -117.7358406 33.8712069))",true,null
805,"Los Banos, CA",4365,CA: Los Banos,"POLYGON ((-120.8413233 37.0902378, -120.894195 37.0546271, -120.8777156 37.0387339, -120.8214106 37.0381858, -120.7939448 37.0590108, -120.8250106 37.0890061, -120.8413233 37.0902378))",true,null
940,"Los Indios, TX",4517,TX: Los Indios,"POLYGON ((-97.78532073682082 26.11876742205499, -97.79014238359646 26.063062131519782, -97.7495674785554 26.034692447226888, -97.65753018202224 26.04169266168049, -97.63874537623299 26.073707863182754, -97.70880924096505 26.117456168535934, -97.75788171306168 26.14609594843363, -97.78532073682082 26.11876742205499))",true,null
534,"Louisville, KY",4760,IN: Clarksville,"POLYGON ((-85.8528617456275 38.304940621990319, -85.82470928223367 38.280689377477628, -85.783510555315857 38.292007633470448, -85.764284482754192 38.280689377477628, -85.764971128202816 38.275299111477345, -85.748491637435677 38.267212962178583, -85.677767156226793 38.299552156942127, -85.684633610713078 38.343725753542977, -85.736818664808979 38.348572435703609, -85.813036309606943 38.339955887643633, -85.8528617456275 38.304940621990319))",true,null
534,"Louisville, KY",4764,KY: Ashville,"POLYGON ((-85.65103530653818 38.11316138177021, -85.64759281983224 38.15607893805283, -85.65618066696346 38.17934334150818, -85.65048419781515 38.187098843171654, -85.59116791923819 38.187098843171654, -85.57551926420079 38.165791880538904, -85.56255062714743 38.165791880538904, -85.54205682436968 38.13787842, -85.57819928218484 38.08862477497928, -85.65048419781515 38.08862477497928, -85.65458785710153 38.09421876609099, -85.6517337159053 38.113148602603914, -85.65103530653818 38.11316138177021))",true,null
534,"Louisville, KY",3975,KY: Louisville,"POLYGON ((-85.77324570905564 38.26520641157841, -85.76495631633489 38.27647848247007, -85.7649982449504 38.276149329161335, -85.7651135370444 38.275244240923804, -85.74849408698951 38.26708940644585, -85.70353016977171 38.287651131345264, -85.68445385218484 38.287651131345264, -85.6616898252289 38.25669675100572, -85.70308629176162 38.22667783397337, -85.70299105530134 38.22617907125202, -85.69728641138398 38.197307705179526, -85.71624521493844 38.192837730678995, -85.7162452149386 38.19283773067896, -85.72809038623241 38.190044819526804, -85.72811634309598 38.19015781046503, -85.72970884652088 38.189798293567094, -85.7832672179529 38.18602045353828, -85.82921714520253 38.18629000016815, -85.82961726954713 38.185930575201496, -85.83578139579919 38.19432197673288, -85.90747046746417 38.19432197673288, -85.91068670563033 38.19869995, -85.87454424781515 38.24787929858532, -85.8241835893398 38.24787929858532, -85.81759950498329 38.2771741356298, -85.79322355027368 38.277443652339294, -85.77324570905564 38.26520641157841))",true,null
534,"Louisville, KY",4763,KY: Newburg,"POLYGON ((-85.7280662907789 38.189939931200691, -85.710213496722844 38.112184607554852, -85.651162003947263 38.113265110374307, -85.647728780062479 38.156067159913952, -85.663521618781374 38.198844101793249, -85.693734013675993 38.1980346767311, -85.7280662907789 38.189939931200691))",true,null
534,"Louisville, KY",4391,KY: Pioneer Village,"POLYGON ((-85.74893492775314 38.004993577536112, -85.737637336362027 37.995155231465681, -85.6991852158243 37.978378641104968, -85.671032719702808 37.985955597879332, -85.651806658419829 38.113564730219416, -85.71032713103169 38.112533564497348, -85.756488026381561 38.020141334700504, -85.74893492775314 38.004993577536112))",true,null
534,"Louisville, KY",4761,KY: St. Matthews,"POLYGON ((-85.70285785010387 38.22619504233822, -85.70294244851594 38.22663809262579, -85.61601845170686 38.28965731476784, -85.6348840956303 38.31529999, -85.59874163781514 38.36440044035305, -85.52645672218486 38.36440044035305, -85.4948253922757 38.32143028977061, -85.46045483218487 38.32143028977061, -85.4243123743697 38.27230072, -85.46045483218487 38.22313789067573, -85.47292138418216 38.22313789067573, -85.46701409436966 38.21509933, -85.50315655218483 38.16589782228281, -85.57544146781512 38.16589782228281, -85.60335526685797 38.20390040150004, -85.66552287299568 38.199121221807296, -85.67155329731719 38.19873488022045, -85.69375603147557 38.19814004323339, -85.69715611830269 38.197338423824405, -85.70285785010387 38.22619504233822))",true,null
534,"Louisville, KY",4762,KY: Waverly Hills,"POLYGON ((-85.72822245301154 38.19002366682947, -85.72822027658283 38.19001419276497, -85.71415363002326 38.12875588741278, -85.72846020218485 38.109260939759345, -85.73042179114078 38.109260939759345, -85.73945416218484 38.09695023799602, -85.81173907781515 38.09695023799602, -85.82067296490614 38.109126721895606, -85.8306115449352 38.1029042888329, -85.83585919218486 38.09575161982514, -85.8420348686448 38.09575161982514, -85.8547981799243 38.0877590947921, -85.88707777358324 38.09575161982514, -85.90814410781515 38.09575161982514, -85.9442865656303 38.14500046, -85.90814410781515 38.19421607630975, -85.83585919218486 38.19421607630975, -85.82963983375248 38.185749468949325, -85.82915640158423 38.18618372878889, -85.78326168565337 38.18591450564172, -85.72968400045315 38.18969371346467, -85.72822245301154 38.19002366682947))",true,null
1072,"Lovettsville, VA",4652,VA: Lovettsville,"POLYGON ((-77.6409859 39.3009974, -77.6739449 39.3110923, -77.6863045 39.3084359, -77.7082772 39.2348135, -77.6179833 39.2260375, -77.6090569 39.2956837, -77.6409859 39.3009974))",true,null
1067,"Lowell, IN",4647,IN: Lowell,"POLYGON ((-87.4714477 41.3306829, -87.4700744 41.2739412, -87.2874267 41.2749733, -87.2901733 41.3265579, -87.4714477 41.3306829))",true,null
485,"Lower Burrell, PA",3927,PA: Lower Burrell,"POLYGON ((-79.76205546968129 40.631323066466805, -79.79070388793356 40.61436017434804, -79.80548304582953 40.59254725790569, -79.80674192689 40.57917557818478, -79.7728565 40.5722134, -79.7656467 40.5565646, -79.7601536 40.5456082, -79.7742298 40.5312579, -79.7168949 40.5187315, -79.7220448 40.541173, -79.6698597 40.5907265, -79.72055157143504 40.652494805358124, -79.76205546968129 40.631323066466805))",true,null
81,"Lubbock, Tx",3252,TX: Lubbock,"POLYGON ((-101.78457 33.548164, -101.818495 33.597121, -101.818604 33.622955, -101.883664 33.63782, -101.89671 33.615236, -101.939454 33.615236, -101.939625 33.607516, -101.961598 33.607516, -101.962165 33.57244, -101.991169 33.57244, -102.027312 33.520266, -101.991169 33.468061, -101.918884 33.468061, -101.910896 33.479602, -101.882462 33.470802, -101.852765 33.490632, -101.852797 33.495976, -101.820712 33.495976, -101.78457 33.548164))",true,null
877,"Lucasville, OH",4446,OH: Lucasville,"POLYGON ((-83.0208924 38.8826533, -83.0044129 38.8607351, -82.9474213 38.8778425, -82.979007 38.9056334, -83.0208924 38.8826533))",true,null
544,"Ludington, MI",3986,MI: Ludington,"POLYGON ((-86.4805041 43.9985701, -86.4544115 43.913551, -86.3912401 43.9125617, -86.3720141 43.9689261, -86.4805041 43.9985701))",true,null
678,"Lufkin, TX",4166,TX: Lufkin,"POLYGON ((-94.679653 31.402458, -94.766184 31.401287, -94.822475 31.355561, -94.75381 31.254652, -94.668666 31.289865, -94.646691 31.303935, -94.654984 31.328566, -94.646245 31.341495, -94.672128 31.379778, -94.679653 31.402458))",true,null
552,"Lumberton, NC",3999,NC: Lumberton,"POLYGON ((-79.049761 34.579828, -78.948138 34.631823, -78.958145 34.642478, -78.936792 34.6729, -78.972934 34.724368, -79.045219 34.724368, -79.081362 34.6729, -79.059217 34.64135, -79.074481 34.631823, -79.049761 34.579828))",true,null
507,"Luray, VA",3950,VA: Luray,"POLYGON ((-78.5748101 38.6852284, -78.5631372 38.5953938, -78.2819558 38.6251723, -78.3173181 38.7144338, -78.5813333 38.6996986, -78.5748101 38.6852284))",true,null
493,"Lynchburg, VA",3936,VA: Lynchburg,"POLYGON ((-79.085988 37.26802, -78.966528 37.491789, -79.153296 37.5702, -79.35442 37.428109, -79.406331 37.428109, -79.442474 37.378381, -79.432298 37.364374, -79.403014 37.33737, -79.410731 37.334679, -79.406331 37.328619, -79.334046 37.328619, -79.32414 37.342262, -79.252982 37.237786, -79.085988 37.26802))",true,null
1161,"Madison, GA",4846,GA: Madison,"POLYGON ((-83.513854 33.510241, -83.441569 33.510241, -83.405427 33.562421, -83.441569 33.614569, -83.513854 33.614569, -83.549997 33.562421, -83.513854 33.510241))",false,null
203,"Madison, WI",4137,WI: Madison,"POLYGON ((-89.3965596 43.264856, -89.51954476167548 43.18885108823616, -89.5805806 43.0765618, -89.5998066 42.9419977, -89.4047993 42.8554805, -89.1576069 42.8917118, -89.1081684 43.188807, -89.3965596 43.264856))",true,null
610,"Magnolia, AR",4061,AR: Magnolia,"POLYGON ((-93.2905463 33.3219856, -93.2658271 33.2301359, -93.2054023 33.2347307, -93.1504706 33.2783691, -93.2054023 33.3219856, -93.2905463 33.3219856))",false,null
446,"Manchester, NH",3882,NH: Manchester,"POLYGON ((-71.35467797930566 42.96317459693925, -71.34000958218483 42.96317459693925, -71.30939690080568 42.92436076524939, -71.3214627305655 42.926869489667325, -71.38407273250833 42.87148519513952, -71.41229449781515 42.87148519513952, -71.41267030024252 42.8719622324422, -71.42496289218484 42.856356310048554, -71.49724780781516 42.856356310048554, -71.53339026563029 42.90222931, -71.51018543115619 42.931663544922046, -71.5290708 42.9553628, -71.5730161 43.0136304, -71.5016049 43.0798678, -71.30110449999998 43.0598034, -71.35467797930566 42.96317459693925))",true,null
1043,"Manchester, TN",4620,TN: Manchester,"POLYGON ((-86.0991371 35.5021962, -86.1106384 35.4450188, -86.0694397 35.4429211, -86.0436905 35.4959073, -86.0991371 35.5021962))",true,null
907,"Mannington, WV",4476,WV: Mannington,"POLYGON ((-80.3452565 39.5559351, -80.371349 39.533167, -80.3177907 39.5082722, -80.2985646 39.5262821, -80.3452565 39.5559351))",true,null
524,"Mansfield, OH",4906,OH: Ashland,"POLYGON ((-82.21493 40.810483, -82.178788 40.857847, -82.21493 40.905177, -82.287215 40.905177, -82.323357 40.857847, -82.287215 40.810483, -82.21493 40.810483))",false,null
524,"Mansfield, OH",3965,OH: Mansfield,"POLYGON ((-82.50319050675009 40.68951256047205, -82.47151543436968 40.64789963, -82.50765789218485 40.60038598468055, -82.57994280781514 40.60038598468055, -82.6160852656303 40.64789963, -82.61058391130291 40.65512886351925, -82.6270593 40.654824, -82.6806176 40.8135161, -82.3585809 40.8109177, -82.50319050675009 40.68951256047205))",true,null
1037,"Manteo, NC",4614,NC: Manteo,"POLYGON ((-75.6643634 35.9107332, -75.6636767 35.9187968, -75.6698565 35.9257474, -75.7000689 35.9385351, -75.719295 35.9388131, -75.7265048 35.9335315, -75.7220416 35.9238013, -75.7014422 35.9162944, -75.6949191 35.9085086, -75.6966357 35.9021126, -75.6808429 35.8898753, -75.6804995 35.8840342, -75.6708865 35.8818088, -75.656467 35.8589956, -75.6616168 35.8484215, -75.6454806 35.8269905, -75.6276278 35.8205879, -75.6187014 35.8294957, -75.6176715 35.8417423, -75.6276278 35.8528739, -75.6396441 35.8567696, -75.6423907 35.8762453, -75.6149249 35.8506477, -75.6245379 35.8762453, -75.6478839 35.9065621, -75.6557803 35.9007221, -75.6588702 35.895438, -75.6684832 35.8996097, -75.6643634 35.9107332))",true,null
926,"Marana, AZ",4502,AZ: Marana,"POLYGON ((-111.375947 32.4739162, -111.375947 32.3672658, -111.3196421 32.3788644, -111.323762 32.2871954, -111.2125254 32.2906782, -111.2125254 32.360306, -111.1081553 32.3649459, -111.1232615 32.471599, -111.375947 32.4739162))",true,null
976,"Marble Falls, TX",4553,TX: Marble Falls,"POLYGON ((-98.2644125 30.6284767, -98.3131643 30.6113405, -98.334107 30.5300501, -98.2743688 30.5055018, -98.2228704 30.6107496, -98.2644125 30.6284767))",true,null
983,"Marco Island, FL",4559,FL: Marco Island,"POLYGON ((-81.7280078 25.9703354, -81.7343593 25.9721873, -81.7486072 25.9606124, -81.7486072 25.9525864, -81.7322993 25.9360698, -81.7293811 25.909978, -81.6952205 25.9084339, -81.6850925 25.9376135, -81.7280078 25.9703354))",true,null
632,"Marion, IN",4094,IN: Marion,"POLYGON ((-85.7079179 40.5980688, -85.7161577 40.5239939, -85.6419999 40.4999803, -85.6131609 40.5511295, -85.6323869 40.5907692, -85.7079179 40.5980688))",true,null
595,"Marion, NC",4048,NC: Marion,"POLYGON ((-82.0502093 35.7082558, -82.038193 35.6598732, -81.9751932 35.6724248, -81.983433 35.7242839, -82.0498659 35.7206604, -82.0502093 35.7082558))",true,null
1122,"Marion, NY",4702,NY: Marion,"POLYGON ((-77.2298541 43.1711693, -77.2298541 43.1210708, -77.1474567 43.1180636, -77.1419635 43.1711693, -77.2298541 43.1711693))",false,null
882,"Marion, OH",4451,OH: Marion,"POLYGON ((-83.1774587 40.6043587, -83.1719655 40.5584671, -83.0675954 40.5574237, -83.0566091 40.6314616, -83.1115407 40.6595953, -83.1774587 40.6043587))",true,null
540,"Marquette, MI",3982,MI: Marquette,"POLYGON ((-87.4086509 46.5858619, -87.4762855 46.5691065, -87.426847 46.4982522, -87.3674521 46.5022697, -87.3969779 46.5282585, -87.3935447 46.5417205, -87.3774085 46.5464432, -87.3973212 46.5731189, -87.3897681 46.5820865, -87.4086509 46.5858619))",true,null
674,"Marshall, TX",4162,TX: Marshall,"POLYGON ((-94.3805554 32.5955198, -94.4245007 32.5121778, -94.3819287 32.4809046, -94.2803052 32.5330205, -94.3256238 32.5943628, -94.3805554 32.5955198))",true,null
1071,"Marshall, VA",4651,VA: Marshall,"POLYGON ((-77.9238826 38.9326583, -77.9650813 38.8813632, -77.7604609 38.8289612, -77.7247554 38.8770869, -77.9238826 38.9326583))",true,null
1003,"Marshville, NC",4579,NC: Marshville,"POLYGON ((-80.3787723 34.9971635, -80.3849521 34.9878819, -80.3731075 34.977896, -80.3598895 34.9797245, -80.3562846 34.9928041, -80.3787723 34.9971635))",true,null
512,"Martinsville, VA",3955,VA: Martinsville,"POLYGON ((-80.0906258 36.7611308, -79.8963052 36.5815895, -79.6559792 36.7044498, -79.9031716 36.8545904, -80.0638467 36.8040264, -80.0906258 36.7611308))",true,null
837,"Maysville, KY",4401,KY: Maysville,"POLYGON ((-83.7815232 38.665705, -83.7904496 38.6957224, -83.8124222 38.7042964, -83.8240952 38.6941146, -83.8062424 38.6716023, -83.8268418 38.6528366, -83.8316483 38.6346024, -83.8337082 38.6034863, -83.8124222 38.6029497, -83.7616104 38.59973, -83.7478775 38.6297749, -83.7224717 38.6405022, -83.7705368 38.6458653, -83.7815232 38.665705))",true,null
605,"McAlester, OK",4056,OK: McAlester,"POLYGON ((-95.8922874 35.036142, -95.8703147 34.8425102, -95.5681907 34.9506402, -95.8922874 35.036142))",true,null
176,"McAllen, TX",3264,TX: Edinburg,"POLYGON ((-98.1447083 26.1945978, -98.1344181 26.2486697, -98.0864648 26.2445703, -98.07323 26.3121428, -98.1815652 26.349835, -98.2268839 26.312911, -98.2761506 26.3224508, -98.2852132 26.2273249, -98.2146076 26.2069741, -98.1447083 26.1945978))",true,null
176,"McAllen, TX",3269,TX: La Feria,"POLYGON ((-97.7856022 26.2628331, -97.8710479 26.2654036, -97.9256778 26.2286531, -97.9346042 26.1232786, -97.919846131388454 26.07845670897099, -97.791017255154486 26.0663784473005, -97.788750519327962 26.120182929552406, -97.758744480720893 26.149567222168837, -97.788111365035576 26.165098241126227, -97.7856022 26.2628331))",true,null
176,"McAllen, TX",3263,TX: McAllen,"POLYGON ((-98.2872731 26.2097689, -98.2885102 26.1925183, -98.2953412 26.151692, -98.2674435 26.1233333, -98.2725103 26.0949737, -98.1847913 26.0829484, -98.1550174 26.1405394, -98.1447083 26.1945978, -98.2146076 26.2069741, -98.2852132 26.2273249, -98.2872731 26.2097689))",true,null
176,"McAllen, TX",3265,TX: Mission,"POLYGON ((-98.2885102 26.1925183, -98.2852132 26.2273249, -98.2808554 26.272579, -98.2761506 26.3224508, -98.3798341 26.3415282, -98.4038667 26.225785, -98.370716363305689 26.209930114051286, -98.353168033386311 26.19350502130429, -98.3223743267622 26.184229383020746, -98.2885102 26.1925183))",true,null
176,"McAllen, TX",3268,TX: Weslaco,"POLYGON ((-98.1344181 26.2486697, -98.1550174 26.1405394, -98.0252414 26.1220456, -97.9346042 26.1232786, -97.9256778 26.2286531, -97.907654665908282 26.271672082837942, -97.947301091316675 26.274904127333429, -97.949239100254331 26.319894162175547, -98.070949554567662 26.326604076496714, -98.0864648 26.2445703, -98.1344181 26.2486697))",true,null
748,"McMinnville, OR",4255,OR: McMinnville,"POLYGON ((-123.2005731 45.2375462, -123.3021966 45.2085279, -123.2390252 45.1756227, -123.1071893 45.194981, -123.15963822694391 45.236406028931647, -123.2005731 45.2375462))",true,null
282,"Memphis, TN",4894,TN: Arlington,"POLYGON ((-89.705934 35.321206, -89.742077 35.270113, -89.738088 35.264472, -89.729483 35.266871, -89.718329 35.247829, -89.722838 35.242903, -89.705934 35.218987, -89.63365 35.218987, -89.597507 35.270113, -89.63365 35.321206, -89.705934 35.321206))",false,null
282,"Memphis, TN",3325,TN: Bartlett,"POLYGON ((-89.7985848 35.2472929, -89.9215369 35.2460273, -89.9230819 35.1911233, -89.9194789 35.1912235, -89.88173185304782 35.15553433560269, -89.86775188489871 35.16205959614093, -89.83638523383868 35.17624859412436, -89.74645975774149 35.21708891116903, -89.71832930536213 35.24782923073358, -89.72948328810763 35.2668705280484, -89.77128019684022 35.25521962742278, -89.7985848 35.2472929))",true,null
282,"Memphis, TN",3319,TN: Berclair,"POLYGON ((-89.9194789 35.1912235, -89.9230819 35.1911233, -90.0150066 35.1909128, -90.0157748 35.179645, -90.01751 35.1413767, -89.8656341 35.1393173, -89.8818406 35.1552758, -89.9194789 35.1912235))",true,null
282,"Memphis, TN",3324,TN: Collierville,"POLYGON ((-89.7124108 35.0951405, -89.7458603 35.1018113, -89.7462036 35.0612136, -89.7779831 35.0207003, -89.7771248 35.0055162, -89.6761902 35.0046386, -89.6025475 35.0310688, -89.6025475 35.0673261, -89.6495827 35.0774415, -89.7124108 35.0951405))",true,null
282,"Memphis, TN",3315,TN: Downtown Memphis,"POLYGON ((-90.0569735 35.1817496, -90.0602351 35.1413321, -90.0764158 35.1236424, -90.0802336 35.1143759, -90.0193797 35.1131121, -90.01751 35.1413767, -90.0157748 35.179645, -90.0569735 35.1817496))",true,null
282,"Memphis, TN",3316,TN: Frayser,"POLYGON ((-90.0365501 35.1998908, -90.0384374 35.1876641, -90.0569735 35.1817496, -90.0157748 35.179645, -90.0150066 35.1909128, -89.9230819 35.1911233, -89.9215369 35.2460273, -90.0041061 35.2472189, -90.040155 35.2273094, -90.0491672 35.2114624, -90.0365501 35.1998908))",true,null
282,"Memphis, TN",3320,TN: Germantown,"POLYGON ((-89.7779831 35.0207003, -89.7462036 35.0612136, -89.7458603 35.1018113, -89.765258 35.1013899, -89.7961571 35.112765, -89.8450806 35.1218919, -89.8656341 35.1393173, -89.867694 35.0873613, -89.8774787 35.0804782, -89.8753151 35.0351789, -89.8111138 35.0347572, -89.8104271 35.0207003, -89.7779831 35.0207003))",true,null
282,"Memphis, TN",3318,TN: Lennox,"POLYGON ((-90.01751 35.1413767, -90.0193797 35.1131121, -90.0188141 35.0932599, -89.9867993 35.0924172, -89.9858422 35.0765016, -89.9748107 35.0765447, -89.9519798 35.0820234, -89.9094077 35.07809, -89.8774787 35.0804782, -89.867694 35.0873613, -89.8656341 35.1393173, -90.01751 35.1413767))",true,null
282,"Memphis, TN",3326,TN: Lenow,"POLYGON ((-89.7191056 35.2154634, -89.7489747 35.2163049, -89.8372086 35.1746417, -89.8784073 35.1580827, -89.8818406 35.1552758, -89.8656341 35.1393173, -89.8450806 35.1218919, -89.7961571 35.112765, -89.765258 35.1013899, -89.7458603 35.1018113, -89.7469147 35.151767, -89.7079476 35.1519073, -89.7079476 35.1740805, -89.7300919 35.1745014, -89.7304352 35.1803945, -89.7187623 35.1931613, -89.7191056 35.2154634))",true,null
282,"Memphis, TN",3322,TN: Oakhaven,"POLYGON ((-89.875024 35.0199792, -89.8753151 35.0351789, -89.8766548 35.0594733, -89.8774787 35.0804782, -89.9094077 35.07809, -89.9519798 35.0820234, -89.9748107 35.0765447, -89.9858422 35.0765016, -89.9852543 35.0643911, -89.9901467 35.0567331, -89.9898034 35.0339658, -89.9891045 35.0207362, -89.9361821 35.0204521, -89.875024 35.0199792))",true,null
282,"Memphis, TN",3323,TN: Olive Branch,"POLYGON ((-89.8753151 35.0351789, -89.875024 35.0199792, -89.9361821 35.0204521, -89.9349805 34.9589948, -89.8893914 34.959384, -89.8258767 34.920686, -89.7841629 34.920686, -89.7862229 34.9730294, -89.8095688 34.9727481, -89.8109421 34.9900479, -89.7771248 35.0055162, -89.7779831 35.0207003, -89.8104271 35.0207003, -89.8111138 35.0347572, -89.8753151 35.0351789))",true,null
282,"Memphis, TN",3317,TN: South Memphis,"POLYGON ((-90.076149 35.0764034, -90.0890236 35.0665689, -90.1013833 35.0568736, -90.100525 35.0349497, -89.9898034 35.0339658, -89.9901467 35.0567331, -89.9852543 35.0643911, -89.9858422 35.0765016, -89.9867993 35.0924172, -90.0188141 35.0932599, -90.0193797 35.1131121, -90.0802336 35.1143759, -90.076149 35.0764034))",true,null
282,"Memphis, TN",3321,TN: Southhaven,"POLYGON ((-90.0984021 34.9578693, -89.9349805 34.9589948, -89.9361821 35.0204521, -89.9891045 35.0207362, -89.9898034 35.0339658, -90.100525 35.0349497, -90.0984021 34.9578693))",true,null
1058,"Menomonie, WI",4638,WI: Menomonie,"POLYGON ((-91.9566423 44.9015622, -91.9559557 44.8828341, -91.9624788 44.8801582, -91.9580156 44.8706697, -91.9425661 44.8709131, -91.945656 44.8626399, -91.9521791 44.8582594, -91.9411928 44.8499844, -91.92437 44.8465767, -91.92437 44.8565559, -91.892441 44.8558257, -91.892441 44.8645866, -91.8838579 44.8636132, -91.8838579 44.8743193, -91.8769914 44.8748059, -91.8787081 44.8855099, -91.8632585 44.8855099, -91.8636019 44.8898883, -91.8546755 44.8898883, -91.8536455 44.9263615, -91.8642885 44.9263615, -91.8646318 44.9134769, -91.8793947 44.9103161, -91.8900377 44.9081278, -91.8896944 44.8957256, -91.8996508 44.8908612, -91.9236833 44.8762657, -91.9291765 44.8791851, -91.9288332 44.8908612, -91.9178469 44.897428, -91.9017107 44.9037508, -91.8945009 44.9132338, -91.8993074 44.9173669, -91.9195635 44.9151788, -91.9212801 44.9207704, -91.9278032 44.9217428, -91.9356996 44.915422, -91.936043 44.9105593, -91.9418795 44.9112887, -91.9411928 44.9005895, -91.9566423 44.9015622))",true,null
725,"Merced, CA",4229,CA: Merced,"POLYGON ((-120.50471695781516 37.38396357645528, -120.43243204218486 37.38396357645528, -120.3962895843697 37.33420563, -120.41161443054023 37.31309769144954, -120.3656554 37.297637, -120.43981309999997 37.2440879, -120.7748961 37.3817087, -120.713098 37.4144384, -120.52781169521288 37.352172457143006, -120.50471695781516 37.38396357645528))",true,null
222,"Miami, FL",3383,FL: Aventura,"POLYGON ((-80.2589905 25.9719965, -80.2584441 25.9272695, -80.1311571 25.9294309, -80.1204598 25.9292407, -80.1144517 26.0022404, -80.2461129 25.9998399, -80.2454293 25.9723052, -80.2589905 25.9719965))",true,null
222,"Miami, FL",3380,FL: Downtown Miami,"POLYGON ((-80.2725389 25.8428105, -80.2724223876818 25.807903342081353, -80.26456986691244 25.807693282164063, -80.2627543 25.7840882, -80.2876522 25.7843024, -80.2855922 25.734211, -80.2646496 25.734211, -80.26364815827282 25.697611975745396, -80.2308252 25.7349245, -80.1894548 25.757499, -80.1879099 25.7707171, -80.1844767 25.7719538, -80.1857641 25.7779052, -80.1861932 25.8438147, -80.2725389 25.8428105))",true,null
222,"Miami, FL",3381,FL: Hialeah,"POLYGON ((-80.3923166 25.8986866, -80.3902199 25.7951218, -80.3198387 25.7963582, -80.312643430264785 25.797044243757878, -80.30886905711337 25.806732880952328, -80.272544248248607 25.807781602181368, -80.2725389 25.8428105, -80.2738702 25.895907, -80.2918947 25.8957526, -80.2928388 25.9263247, -80.3503453 25.9253212, -80.3495589 25.8988024, -80.3923166 25.8986866))",true,null
222,"Miami, FL",3377,FL: Homestead/Cutler Bay,"POLYGON ((-80.3191698 25.5681709, -80.33324609999998 25.5681709, -80.33324609999998 25.5371967, -80.3617418 25.5371967, -80.3613985 25.5182985, -80.3953875 25.5179887, -80.3953875 25.4966084, -80.411867 25.4962985, -80.41221029999998 25.4612761, -80.41633633804082 25.4612761, -80.40478875436968 25.44321632, -80.44093121218484 25.386674022120335, -80.51321612781513 25.386674022120335, -80.54935858563029 25.44321632, -80.51749832296257 25.493037425495356, -80.5176104 25.5049751, -80.4930628 25.5049751, -80.4935778 25.5503618, -80.4611338 25.5508264, -80.46198965040627 25.593287490538618, -80.3191698 25.59468086805549, -80.3191698 25.5681709))",true,null
222,"Miami, FL",3378,FL: Kendall,"POLYGON ((-80.4620862 25.6107314, -80.4619921 25.593409, -80.3191698 25.5948024, -80.3196073 25.6136725, -80.3093076 25.6142917, -80.3096509 25.6291507, -80.3003812 25.6294602, -80.3010679 25.6449364, -80.2835584 25.6455554, -80.2637855666556 25.697199821848738, -80.2848458 25.6972309, -80.4308439 25.694756, -80.4504991 25.6944466, -80.46852361972655 25.693905223007008, -80.4620862 25.6107314))",true,null
222,"Miami, FL",4970,FL: Key Biscayne,"POLYGON ((-80.18472837136542 25.791264438344438, -80.18266843501715 25.77194269514116, -80.18919156678665 25.75246319368491, -80.20807431664568 25.743495364995802, -80.16344236243339 25.661516632928752, -80.14558958074849 25.66337337959794, -80.13855146489193 25.722310047747328, -80.13134168767303 25.761894145090352, -80.18472837136542 25.791264438344438))",true,null
222,"Miami, FL",3382,FL: North Miami,"POLYGON ((-80.258187 25.89608, -80.273735 25.895909, -80.272407 25.842933, -80.186059 25.843938, -80.18601 25.836407, -80.185719 25.791753, -80.145619 25.791753, -80.145614 25.791794, -80.14561 25.79183, -80.145591 25.791985, -80.134545 25.796958, -80.12934279253044 25.79980250433135, -80.12416606470126 25.800734006849666, -80.12070310954374 25.80927626320513, -80.12040590295759 25.813867292547236, -80.12018666000463 25.820431678512588, -80.11896959575488 25.850003704849296, -80.12114613189493 25.891826103870542, -80.12078139902782 25.90805295428195, -80.12090239900274 25.913774032789508, -80.1204409299246 25.92921454460659, -80.13098563036158 25.929414207103946, -80.13128266107371 25.929390722052446, -80.25840509559843 25.92724486822037, -80.2584609501398 25.92724486822037, -80.258187 25.89608))",true,null
222,"Miami, FL",3810,FL: South Beach,"POLYGON ((-80.145465105194461 25.791906611616266, -80.1460659200138 25.786883288570774, -80.142203539032352 25.773512484314583, -80.1368820363468 25.766246791221747, -80.130187242645633 25.763927859372675, -80.130530565399539 25.771657456024304, -80.127612321991336 25.78015943087691, -80.126925676483523 25.789433617634149, -80.124865739960086 25.795306894120493, -80.124179094452273 25.800716233464755, -80.129328935760867 25.799788935680994, -80.134478777069461 25.796852444836976, -80.145465105194461 25.791906611616266))",true,null
222,"Miami, FL",3379,FL: West Miami,"POLYGON ((-80.46616596172333 25.758476799064116, -80.46716599088487 25.694755999814163, -80.2848458 25.6972309, -80.2643062 25.697402, -80.2643062 25.7113227, -80.2646496 25.734211, -80.2855922 25.734211, -80.2876522 25.7843024, -80.3199245 25.7839932, -80.3199245 25.7963582, -80.3903057 25.7951218, -80.3899624 25.7824475, -80.4181148 25.7827566, -80.4174282 25.7611145, -80.4634754329982 25.759688383976957, -80.46616596172333 25.758476799064116))",true,null
185,"Midland, TX",4854,TX: Greenwood,"POLYGON ((-101.972523 31.96533, -101.900238 31.96533, -101.864096 32.018423, -101.900238 32.071485, -101.972523 32.071485, -102.008666 32.018423, -101.972523 31.96533))",false,null
185,"Midland, TX",3251,TX: Midland,"POLYGON ((-102.1477227 31.9582284, -102.12987 31.953859, -102.0375161 31.9786162, -102.0134836 32.0010376, -102.0223241 32.0290566, -102.03210878925782 32.06354087697736, -102.0640378 32.0564123, -102.1651464 32.0331314, -102.1684079 32.0222164, -102.1477227 31.9582284))",true,null
185,"Midland, TX",3250,TX: Odessa,"POLYGON ((-102.4395264 31.800748, -102.40374714002984 31.778587719806488, -102.35465114154061 31.775292126085375, -102.30866238535302 31.785958232140192, -102.28664378258205 31.800395775360016, -102.29533784753151 31.864909554814304, -102.2105605447862 31.909420351036314, -102.24714610638371 31.977057740248643, -102.3094383516896 31.943332489884597, -102.3506058 31.9272959, -102.35183089237405 31.952232418801643, -102.35927041729599 31.976409095259417, -102.41143635795105 31.963755948769265, -102.44229552232217 31.94658123910282, -102.4323166 31.9098112, -102.42591144699227 31.88324501632437, -102.58918040384876 31.90105279767987, -102.53895820744295 31.75282387086666, -102.4395264 31.800748))",true,null
893,"Millersburg, OH",4462,OH: Millersburg,"POLYGON ((-81.9405983 40.570516, -81.9557045 40.5319079, -81.8980263 40.5120735, -81.8623207 40.5538233, -81.9405983 40.570516))",true,null
458,"Millville, NJ",3895,NJ: Millville,"POLYGON ((-75.2663107 39.5135476, -75.3178091 39.3342685, -74.9168081 39.2625341, -74.866683 39.4812266, -75.2663107 39.5135476))",true,null
149,"Milwaukee, WI",3368,WI: Glendale,"POLYGON ((-87.8991269 43.1290195, -87.8789226 43.1631988, -88.0046959 43.165681, -88.0047287 43.0890169, -87.9756742 43.0893816, -87.873364 43.0893816, -87.8750943 43.1009501, -87.8991269 43.1290195))",true,null
149,"Milwaukee, WI",3361,WI: Grafton,"POLYGON ((-87.8789226 43.1631988, -87.8802959 43.1982479, -87.8967754 43.2632857, -87.8802959 43.3352465, -87.9668132 43.338243, -88.0066621 43.3224199, -88.005952 43.2210191, -88.0046959 43.165681, -87.8789226 43.1631988))",true,null
149,"Milwaukee, WI",3357,WI: Kenosha,"POLYGON ((-87.805173 42.578633, -87.805682 42.654187, -87.956237 42.655339, -87.959325 42.508819, -87.873832 42.508542, -87.894599 42.48202, -87.858457 42.435836, -87.786172 42.435836, -87.750029 42.48202, -87.786172 42.528171, -87.803694 42.528171, -87.805173 42.578633))",true,null
149,"Milwaukee, WI",3362,WI: Menomonee Falls,"POLYGON ((-88.16325627069426 43.192839773584744, -88.1859705256303 43.22151566, -88.14982806781515 43.26711635185315, -88.07754315218486 43.26711635185315, -88.04140069436968 43.22151566, -88.04181592772532 43.22099156458586, -88.00608674832034 43.221018996543684, -88.00608674160829 43.22101803727715, -88.00483064764072 43.165680202195546, -88.00486340451592 43.08911696076955, -88.06380717843368 43.08983550509606, -88.16387984474922 43.09865474582231, -88.16325627069426 43.192839773584744))",true,null
149,"Milwaukee, WI",3367,WI: Milwaukee,"POLYGON ((-87.873364 43.0893816, -87.9756742 43.0893816, -87.9702896 42.986666, -87.8654208 42.9815078, -87.8678709 42.9885073, -87.8884702 43.0118586, -87.8915601 43.035452, -87.8596311 43.0693203, -87.873364 43.0893816))",true,null
149,"Milwaukee, WI",3370,WI: New Berlin,"POLYGON ((-88.2184311 42.9099346, -88.0659212 42.906343, -88.0469757 42.9593299, -88.084804 42.9789961, -88.2746615 42.9807341, -88.2184311 42.9099346))",true,null
149,"Milwaukee, WI",3366,WI: Oak Creek,"POLYGON ((-87.8373132 42.8709052, -87.8403582 42.9068051, -88.0659212 42.906343, -87.9526247 42.8051272, -87.7795901 42.803112, -87.8373132 42.8709052))",true,null
149,"Milwaukee, WI",3358,WI: Racine,"POLYGON ((-87.8056825 42.6542863, -87.7569308 42.7219492, -87.7569308 42.7733815, -87.7562441 42.7827053, -87.7795901 42.803112, -87.9526247 42.8051272, -87.9562347 42.6554381, -87.8056825 42.6542863))",true,null
149,"Milwaukee, WI",3360,WI: Waukesha,"POLYGON ((-88.084804 42.9789961, -88.0847786 43.0577153, -88.0638164 43.0897372, -88.1638805 43.0985557, -88.247539 43.0821226, -88.2717641 43.0467372, -88.2746615 42.9807341, -88.084804 42.9789961))",true,null
149,"Milwaukee, WI",3359,WI: West Alice,"POLYGON ((-88.0659212 42.906343, -87.8403582 42.9068051, -87.8406735 42.9559367, -87.8532162 42.9772637, -87.8654208 42.9815078, -87.9702896 42.986666, -88.0469757 42.9593299, -88.0659212 42.906343))",true,null
149,"Milwaukee, WI",3369,WI: West Allis,"POLYGON ((-88.0469757 42.9593299, -87.9702896 42.986666, -87.9756742 43.0893816, -88.0047287 43.0890169, -88.0638164 43.0897372, -88.0847786 43.0577153, -88.084804 42.9789961, -88.0469757 42.9593299))",true,null
167,"Minneapolis, MN",3330,MN: Blaine,"POLYGON ((-93.20163 45.0764522, -93.1020664 45.1849628, -93.2098694 45.2009705, -93.268568 45.2072221, -93.2948735 45.0730026, -93.20163 45.0764522))",true,null
167,"Minneapolis, MN",3332,MN: Bloomington,"POLYGON ((-93.1760839 44.9601491, -93.3415654 44.9601492, -93.3832349 44.8426771, -93.3964572 44.8053157, -93.3729481 44.7959634, -93.3242023 44.797557, -93.2747578 44.8100921, -93.1676411 44.9059785, -93.1760839 44.9601491))",true,null
167,"Minneapolis, MN",3375,MN: Burnsville,"POLYGON ((-93.24832530000002 44.8046117, -93.1693577 44.8575685, -93.09966650000001 44.83627, -93.09988805731999 44.83608296164185, -93.09988805731997 44.83608296164184, -93.1645545 44.7814657, -93.19923009999998 44.7817094, -93.2071265 44.765623699999985, -93.1979630853395 44.75992157776491, -93.18220318218485 44.75992157776491, -93.14606072436969 44.7154541, -93.18220318218485 44.67095242567028, -93.2410916665368 44.67095242567028, -93.24207104218486 44.6697460590313, -93.31435595781515 44.6697460590313, -93.35049841563033 44.71424866000001, -93.34016846510315 44.72696175670779, -93.3870277 44.7268533, -93.3870277 44.7439253, -93.4093437 44.7439253, -93.41037359999999 44.7863393, -93.3259162 44.785121, -93.24832530000002 44.8046117))",true,null
167,"Minneapolis, MN",4633,MN: Chaska,"POLYGON ((-93.4654005529758 44.774861056594595, -93.56453369999998 44.7779271, -93.6105389 44.7798767, -93.63374503412504 44.81427484444355, -93.66830847563031 44.856727599999985, -93.63216601781514 44.90108634106634, -93.55988110218486 44.90108634106634, -93.5237386443697 44.856727599999985, -93.53509626211844 44.842780987452095, -93.51384512988602 44.84296284363029, -93.51384369900725 44.84286925156859, -93.38340751663203 44.8425819376992, -93.39661298099574 44.805268062851205, -93.39658802601807 44.80525813615325, -93.4654005529758 44.774861056594595))",true,null
167,"Minneapolis, MN",3329,MN: Coon Rapids,"POLYGON ((-93.42067 45.1370305, -93.38908419999999 45.180123, -93.38909169840169 45.18098951748256, -93.43397723781513 45.18098951748256, -93.4701196956303 45.22509766, -93.43397723781513 45.26917160532122, -93.36169232218484 45.26917160532122, -93.3492244967059 45.253971570504206, -93.34123431781515 45.26371319194865, -93.26894940218486 45.26371319194865, -93.2328069443697 45.21963501, -93.24496149367091 45.2048040277054, -93.26868279024964 45.20733033872765, -93.29500376605631 45.07303203821624, -93.46653489999998 45.1117824, -93.42067 45.1370305))",true,null
167,"Minneapolis, MN",3327,MN: Crystal,"POLYGON ((-93.4981171879974 44.991574463516116, -93.49823022193989 44.99157616780932, -93.49872735295479 44.98985499219335, -93.54501544781515 44.98985499219335, -93.5811579056303 45.03411102, -93.54501544781515 45.078332849579056, -93.4800062003249 45.078332849579056, -93.46657176858531 45.111690881187315, -93.29503896000132 45.0729400788418, -93.31253551202664 45.029708587439, -93.32913484272409 44.98902653974636, -93.4981171879974 44.99157446351611, -93.4981171879974 44.991574463516116))",true,null
167,"Minneapolis, MN",4631,MN: Forest Lake,"POLYGON ((-93.102066 45.184963, -92.8925641 45.2952435, -93.0003674 45.3502815, -93.1267102 45.3266314, -93.1974347 45.1985566, -93.102066 45.184963))",true,null
167,"Minneapolis, MN",3371,MN: Minneapolis,"POLYGON ((-93.312406 45.0296823, -93.3290341 44.9889297, -93.3415654 44.9601492, -93.1760839 44.9601491, -93.1685308 44.9900224, -93.2756475 45.0337112, -93.312406 45.0296823))",true,null
167,"Minneapolis, MN",3333,MN: Minnetonka,"POLYGON ((-93.3832349 44.8426771, -93.3415654 44.9601492, -93.3290341 44.9889297, -93.4981207 44.9914792, -93.5150837 44.9327203, -93.5137104 44.8429645, -93.3832349 44.8426771))",true,null
167,"Minneapolis, MN",3354,MN: North St. Paul,"POLYGON ((-93.0820583 45.0786438, -93.0787205 45.0502625, -93.063271 44.9839811, -93.039925 44.9832526, -92.9447292 44.9830455, -92.9454159 45.055123, -92.9687618 45.055123, -92.9907345 45.0691881, -93.0065273 45.0674908, -93.0182003 45.0764618, -93.0082439 45.0822801, -93.0219769 45.0987621, -93.0260967 45.1077282, -93.0820583 45.0786438))",true,null
167,"Minneapolis, MN",3328,MN: Roseville,"POLYGON ((-93.1685308 44.9900224, -93.063271 44.9839811, -93.0787205 45.0502625, -93.20163 45.0764522, -93.2948735 45.0730026, -93.312406 45.0296823, -93.2756475 45.0337112, -93.1685308 44.9900224))",true,null
167,"Minneapolis, MN",3331,MN: St. Paul,"POLYGON ((-93.039925 44.9178923, -93.0323719 44.8928462, -93.03019237178155 44.88505408400998, -93.00890645533936 44.88505408400998, -93.00561637490583 44.86626902734472, -92.97077451558414 44.86640620059632, -92.94982507436968 44.84068298, -92.98596753218484 44.79627767826709, -93.05825244781514 44.79627767826709, -93.08767283577559 44.83242670756527, -93.09966868199555 44.83611959764704, -93.09944681195883 44.83630689988069, -93.16935405278198 44.857671398723454, -93.16764673224067 44.905819731250354, -93.16750109398119 44.90594999220538, -93.17594783111736 44.96014586858538, -93.16841970702576 44.98992041357884, -93.06327942171777 44.98388596265076, -93.0400595146275 44.98316139613801, -93.0399642198407 44.94582926782863, -93.039925 44.94581005014378, -93.039925 44.9178923))",true,null
167,"Minneapolis, MN",4632,MN: Stillwater,"POLYGON ((-92.945416 45.055123, -92.944729 44.983046, -92.914517 44.968959, -92.874691 44.968959, -92.7711148 44.9610194, -92.7752347 45.0265733, -92.8006405 45.0527738, -92.945416 45.055123))",true,null
167,"Minneapolis, MN",3376,MN: Woodbury,"POLYGON ((-93.0054974 44.866365, -92.9436993 44.8666083, -92.9443859 44.905528, -92.9344295 44.9196299, -92.8740047 44.919873, -92.8746914 44.9689592, -92.9145168 44.9689592, -92.9447292 44.9830455, -93.039925 44.9832526, -93.0398296 44.9458793, -93.0175137 44.9349435, -93.0054974 44.866365))",true,null
334,"Missoula, MT",4265,MT: Missoula,"POLYGON ((-114.1155645 47.0146748, -114.2803595 46.9659637, -114.0716192 46.8608967, -114.1430304 46.7631501, -114.1210577 46.5709001, -113.8793585 46.5973278, -113.9727423 46.7706753, -113.8518927 46.9021976, -114.1155645 47.0146748))",true,null
172,"Mobile, AL",3351,AL: Malibar Heigthts,"POLYGON ((-88.116581 30.626406, -88.122738 30.648186, -88.123178 30.649741, -88.127363 30.664542, -88.127371 30.664542, -88.127527 30.664496, -88.127528 30.664538, -88.245501 30.661588, -88.246186 30.612077, -88.231999 30.59965, -88.233372 30.597604, -88.197229 30.543705, -88.145611 30.543705, -88.161601 30.567554, -88.130793 30.613488, -88.1304 30.613845, -88.126607 30.617293, -88.121917 30.621556, -88.115857 30.621556, -88.116699 30.6263, -88.116581 30.626406))",true,null
172,"Mobile, AL",3350,AL: Mobile,"POLYGON ((-88.038003 30.674587, -88.03708 30.682466, -88.037229 30.691221, -88.127236 30.664582, -88.116433 30.626373, -88.116555 30.626261, -88.1157 30.62144, -88.121859 30.62144, -88.126509 30.617213, -88.130302 30.613765, -88.130685 30.613418, -88.161445 30.567554, -88.125303 30.513638, -88.053018 30.513638, -88.016875 30.567554, -88.053018 30.62144, -88.057857 30.62144, -88.052552 30.633496, -88.058045 30.642063, -88.05135 30.646641, -88.034527 30.648266, -88.032639 30.657772, -88.032639 30.667352, -88.034173 30.669834, -88.036823 30.671357, -88.038003 30.674587))",true,null
172,"Mobile, AL",3352,AL: North Mobile,"POLYGON ((-88.0372307 30.6913426, -88.0454848 30.736503, -88.050634448757549 30.827939098418049, -88.1057379 30.8101012, -88.1295988 30.7592227, -88.1273959 30.6646572, -88.0372307 30.6913426))",true,null
172,"Mobile, AL",3353,AL: Wheelerville,"POLYGON ((-88.1294272 30.7416671, -88.2626364 30.7189433, -88.291146379277166 30.664343590023424, -88.2454989 30.661704, -88.1273959 30.6646572, -88.1294272 30.7416671))",true,null
1018,"Mocksville, NC",4594,NC: Mocksville,"POLYGON ((-80.5939007 35.9400476, -80.6187916 35.9086313, -80.55500927575447 35.86394977885362, -80.49175900063915 35.918259574088076, -80.56256809133964 35.949506240450354, -80.5939007 35.9400476))",true,null
724,"Modesto, CA",4228,CA: Modesto,"POLYGON ((-121.0470103 37.7340754, -121.1508447 37.6821506, -121.0530777 37.5570952, -120.807522 37.453563, -120.7141382 37.6343142, -120.9367673 37.7516634, -121.0470103 37.7340754))",true,null
473,"Monaca, PA",3916,PA: Monaca,"POLYGON ((-80.2832392 40.6920332, -80.3409174 40.6748502, -80.3381708 40.6342181, -80.2379206 40.6383866, -80.2619532 40.6868267, -80.2708796 40.6928142, -80.2832392 40.6920332))",true,null
641,"Monroe, LA",4802,LA: Black Bayou,"POLYGON ((-92.129549839930846 32.675587406330393, -92.1348409206609 32.650841124549757, -92.144052293550743 32.589229467701827, -91.963741945131943 32.489545971449182, -91.938720214475424 32.490028751570769, -91.937707562640981 32.52811312291503, -91.9327931161701 32.65645587789394, -92.084821544121766 32.695758038382934, -92.129549839930846 32.675587406330393))",true,null
641,"Monroe, LA",4113,LA: Monroe,"POLYGON ((-92.135523296122443 32.514605712049125, -92.151889137232217 32.484507747766166, -92.1505729433694 32.404822320634722, -92.0625159829678 32.404428878166286, -91.9639472 32.4895567, -92.114982693433689 32.572550743040537, -92.135523296122443 32.514605712049125))",true,null
641,"Monroe, LA",4803,LA: West Monroe,"POLYGON ((-92.114901093238387 32.573029912414725, -92.14403884915049 32.5891289819692, -92.14965265945726 32.59230964197662, -92.249783756876823 32.565255322400489, -92.251119607961485 32.48699299425801, -92.19787466647864 32.450994013369453, -92.151566193739129 32.450800900530012, -92.151940614983985 32.484475346551051, -92.135450627680967 32.51516368572657, -92.115604843862883 32.571053041353984, -92.114901093238387 32.573029912414725))",true,null
861,"Monroe, MI",4428,MI: Monroe,"POLYGON ((-83.4329993 41.9519486, -83.4501654 41.8860391, -83.3835608 41.8691676, -83.3361823 41.8906396, -83.3293158 41.9146593, -83.3602149 41.9432667, -83.4329993 41.9519486))",true,null
468,"Monroe, NY",3908,NY: Monroe,"POLYGON ((-74.3158656 41.3637497, -74.1843729 41.2856277, -74.107812 41.3387506, -74.2369013 41.4013592, -74.3158656 41.3637497))",false,null
866,"Monroeville, OH",4433,OH: Monroeville,"POLYGON ((-82.7221645 41.2564297, -82.7207912 41.2352622, -82.6754726 41.232164, -82.6686062 41.2553973, -82.7221645 41.2564297))",true,null
580,"Montegomery, AL",4030,AL: Montegomery,"POLYGON ((-86.3008849 32.4230246, -86.4409606 32.3975183, -86.4354674 32.2768457, -86.1251037 32.2768457, -86.0646789 32.353445, -86.1882751 32.4207061, -86.3008849 32.4230246))",true,null
1073,"Montross, VA",4653,VA: Montross,"POLYGON ((-76.8608275 38.1164056, -76.8676939 38.0812826, -76.7681303 38.0774991, -76.7791166 38.1099227, -76.8608275 38.1164056))",true,null
838,"Morehead, KY",4402,KY: Morehead,"POLYGON ((-83.4756484 38.2265605, -83.4955612 38.2001247, -83.4179702 38.1736792, -83.4035507 38.2006643, -83.4756484 38.2265605))",true,null
529,"Morgantown, WV",3970,WV: Morgantown,"POLYGON ((-79.9130212 39.7028732, -80.157467 39.6331047, -79.8937951 39.5611483, -79.7344934 39.6859661, -79.9130212 39.7028732))",true,null
652,"Morristown, TN",4130,TN: Morristown,"POLYGON ((-83.3518868 36.2346092, -83.3752327 36.1681188, -83.1404 36.2412551, -83.1706124 36.2777976, -83.270714744531986 36.272560047849311, -83.3518868 36.2346092))",true,null
652,"Morristown, TN",4856,TN: White Pine,"POLYGON ((-83.242745 36.093038, -83.206602 36.143607, -83.242745 36.194143, -83.291696 36.194143, -83.32172 36.184791, -83.351172 36.143607, -83.315029 36.093038, -83.242745 36.093038))",false,null
1134,"Morrisville, NY",4714,NY: Morrisville,"POLYGON ((-75.6746067 42.9525293, -75.6800999 42.8700529, -75.6059422 42.8720658, -75.600449 42.9706191, -75.6746067 42.9525293))",false,null
1024,"Mount Airy, NC",4601,NC: Mount Airy,"POLYGON ((-80.6513263 36.525219, -80.6348468 36.4683643, -80.5256702 36.4904487, -80.5709888 36.5456324, -80.6513263 36.525219))",true,null
847,"Mount Pleasant, MI",4414,MI: Mount Pleasant,"POLYGON ((-84.8529202 43.9170739, -84.8336941 43.593707, -84.7705227 43.5539098, -84.6771389 43.593707, -84.5865017 43.593707, -84.6277004 43.940811, -84.8529202 43.9170739))",true,null
836,"Mount Sterling, KY",4400,KY: Mount Sterling,"POLYGON ((-83.9904853 38.0985268, -83.9726325 38.0358186, -83.9025947 38.0412266, -83.9245674 38.1168966, -83.9904853 38.0985268))",true,null
889,"Mount Vernon, OH",4458,OH: Mount Vernon,"POLYGON ((-82.5246368 40.4232695, -82.5205169 40.3783, -82.3790679 40.3552808, -82.3639617 40.3939904, -82.4477325 40.4044487, -82.4449859 40.4305872, -82.5246368 40.4232695))",true,null
671,"Mt. Pleasant, TX",4158,TX: Mt. Pleasant,"POLYGON ((-94.9837672 33.2200869, -95.0345789 33.1672235, -94.9741541 33.113178, -94.912356 33.1603259, -94.9837672 33.2200869))",true,null
734,"Mt. Vernon, WA",4238,WA: Mt. Vernon,"POLYGON ((-122.4273898 48.5227986, -122.4301364 48.3496872, -122.1747043 48.3515125, -122.2021701 48.5482599, -122.4273898 48.5227986))",true,null
656,"Murphy, TN",4134,TN: Murphy,"POLYGON ((-83.97368 35.160692, -84.045965 35.160692, -84.082107 35.109498, -84.045965 35.058271, -83.97368 35.058271, -83.937538 35.109498, -83.97368 35.160692))",true,null
545,"Muskegon, MI",4896,MI: Grand Haven,"POLYGON ((-86.146781 43.065529, -86.182923 43.111246, -86.184745 43.111246, -86.251367 43.100437, -86.256899 43.109108, -86.291351 43.065529, -86.255208 43.019777, -86.182923 43.019777, -86.146781 43.065529))",false,null
545,"Muskegon, MI",3987,MI: Muskegon,"POLYGON ((-86.0948117 43.2506598, -86.14032279821087 43.1743703423318, -86.11865796218484 43.1743703423318, -86.08251550436968 43.12870026, -86.11865796218484 43.08299605234953, -86.1604309643419 43.08299605234953, -86.18284520332747 43.111344369237656, -86.18413730927466 43.111344369237656, -86.18475979159086 43.111344369237656, -86.25129056039196 43.10055018957745, -86.25688620400668 43.109320922864576, -86.25696818936878 43.10921725516036, -86.3447507 43.2466586, -86.22664769999999 43.2826595, -86.0948117 43.2506598))",true,null
51,"Myrtle Beach, SC",4022,SC: Myrtle Beach,"POLYGON ((-78.7349600118888 33.951507818971692, -78.9789281 33.8039829, -79.2288671 33.4930334, -79.1107641 33.4426273, -79.0055194 33.5680554, -78.8697155 33.6910781, -78.6745165 33.8115686, -78.5864012 33.831759, -78.5463414 33.8507565, -78.625878398435646 33.920380113078494, -78.7349600118888 33.951507818971692))",true,null
337,"Nacogdoches, TX",4738,TX: Nacogdoches,"POLYGON ((-94.697314469963217 31.710368704614453, -94.714765677720251 31.564493304302804, -94.596732054345409 31.548541207138765, -94.575473310350489 31.620709439186282, -94.5894342765561 31.689581945201041, -94.6528932138544 31.715767100830064, -94.697314469963217 31.710368704614453))",true,null
1036,"Nags Head, NC",4613,NC: Nags Head,"POLYGON ((-75.7466734 36.1123655, -75.7370603 36.0446611, -75.6986082 36.0590948, -75.5619657 35.8061233, -75.5468595 35.8105781, -75.5987013 35.9185314, -75.6725156 36.0438283, -75.7189887 36.1201625, -75.7466734 36.1123655))",true,null
719,"Napa, CA",4223,CA: Napa,"POLYGON ((-122.3657365 38.3331331, -122.2888322 38.2371958, -122.2078081 38.2867972, -122.3039384 38.3643661, -122.3657365 38.3331331))",true,null
449,"Nashua, NH",3885,NH: Nashua,"POLYGON ((-71.44626818781515 42.81746995803169, -71.38808687223863 42.81746995803169, -71.3874585286824 42.81295289636512, -71.36579582645263 42.80706694541481, -71.3378408143697 42.77153397, -71.37398327218484 42.72556388713185, -71.4238453646883 42.72556388713185, -71.42944382275498 42.6993691077831, -71.42973010854377 42.699375548607016, -71.4296397709849 42.69928129784529, -71.5381886 42.70629789999999, -71.5505483 42.8071308, -71.49287 42.8081383, -71.46472902451575 42.79401104424566, -71.44626818781515 42.81746995803169))",true,null
234,"Nashville, TN",4815,TN: Franklin,"POLYGON ((-86.74613171571748 35.98987120379503, -86.72314261203653 35.95293919216697, -86.83056763042893 35.821919615721, -86.85103063131332 35.82138231201718, -86.87240915950946 35.820752210091165, -86.88755273088533 35.821846283519235, -86.91279524466131 35.822850545225606, -86.89179453826752 35.888139224586574, -86.90557620453163 35.90625458760366, -86.95160176922502 35.907518295428375, -86.95238186354185 35.94036761436783, -86.9105168018716 35.98267257687754, -86.84111338264968 36.00235853758683, -86.80034744022586 35.99772482664925, -86.77997250171313 35.99542523181827, -86.772034462405 35.99454699577706, -86.76578677981456 35.99394660063392, -86.75952919335616 35.993351542790556, -86.75339647641584 35.990710275544565, -86.74613171571748 35.98987120379503))",true,null
234,"Nashville, TN",3633,TN: Gallatin,"POLYGON ((-86.66972096834047 36.374124694445925, -86.41428884968421 36.43160095211102, -86.38407644855283 36.38960325344009, -86.46372732426285 36.336521083939964, -86.5928166745515 36.271224661079046, -86.66972096834047 36.374124694445925))",true,null
234,"Nashville, TN",3306,TN: Hendersonville,"POLYGON ((-86.6215309 36.139115, -86.6211875 36.1646191, -86.4917549 36.1596298, -86.49958775550179 36.25083763178448, -86.6462730953792 36.251458857446885, -86.62754620413612 36.320484162760394, -86.6723426 36.3705644, -86.7310508 36.3437448, -86.7331108 36.2947821, -86.7533668 36.2953355, -86.7632955 36.24221, -86.6990941 36.2347334, -86.6874211 36.2031576, -86.6863912 36.18113, -86.6640752 36.1805758, -86.6651052 36.1406609, -86.6215309 36.139115))",true,null
234,"Nashville, TN",3304,TN: La Vergne,"POLYGON ((-86.74635442343818 36.031480942114925, -86.74610733332321 35.98988440728366, -86.72309836484214 35.952998223254305, -86.67224475175549 35.93905827597028, -86.5358408 35.9023711, -86.454645 35.96075, -86.5133532 36.0188081, -86.5167864 36.0293595, -86.5159281 36.041714, -86.5404757 36.0500417, -86.5571269 36.0535114, -86.5588435 36.048515, -86.5591868 36.0382438, -86.5643366 36.0361616, -86.575838 36.043796, -86.5857943 36.0561482, -86.5785845 36.0694698, -86.5857943 36.0752972, -86.5940341 36.0772396, -86.5996989 36.087922, -86.607252 36.0883381, -86.6035738 36.0978708, -86.6028334 36.1049546, -86.6073824 36.1049546, -86.6093565 36.1002389, -86.6149355 36.0979503, -86.6191412 36.0880323, -86.6211153 36.0878936, -86.6211153 36.0901131, -86.624806 36.0902519, -86.6225744 36.094552, -86.622317 36.0979503, -86.6685979 36.1072263, -86.6763227 36.0875301, -86.7460172 36.0586705, -86.74635173201801 36.031669861430295, -86.74635442343818 36.031480942114925))",true,null
234,"Nashville, TN",3632,TN: Lebanon,"POLYGON ((-86.4908227732483 36.161792473283384, -86.23970671189655 36.166562670891636, -86.25004678501101 36.2392722062055, -86.37708196898896 36.264287726457816, -86.4996856930607 36.25237657278359, -86.4908227732483 36.161792473283384))",true,null
234,"Nashville, TN",3305,TN: Murfreesboro,"POLYGON ((-86.33957229999999 35.9046877, -86.33444259683695 35.838179426584055, -86.33247937218485 35.838179426584055, -86.29633691436968 35.78741455, -86.33247937218485 35.736617228263604, -86.40476428781514 35.736617228263604, -86.4392245468602 35.78505098140972, -86.47690139999999 35.7950447, -86.51544638103856 35.86010570927867, -86.53577241045453 35.90227432289142, -86.4545240297608 35.960691085353524, -86.33957229999999 35.9046877))",true,null
234,"Nashville, TN",3302,TN: Nashville,"POLYGON ((-86.7632955 36.24221, -86.7950528 36.2366718, -86.7952245 36.2016338, -86.8151372 36.2013568, -86.8285268 36.1893045, -86.84015572860385 36.16525116757042, -86.86243419932484 36.169584434004136, -86.88584519708046 36.16187669415489, -86.89194944100531 36.140019737361314, -86.822862 36.1391359, -86.8125623 36.1247169, -86.7988294 36.1159811, -86.777715 36.1154264, -86.7299932 36.1261035, -86.6975492 36.143572, -86.6651052 36.1406609, -86.6640752 36.1805758, -86.6863912 36.18113, -86.6874211 36.2031576, -86.6990941 36.2347334, -86.7632955 36.24221))",true,null
234,"Nashville, TN",3303,TN: South Nashville,"POLYGON ((-86.8898108 36.1398318, -86.9660871 36.0961305, -86.9664304 36.0780964, -86.9018857 36.0531194, -86.87167163877795 36.03659978340875, -86.8411130944746 36.002360059550945, -86.79584874214207 35.997227446290424, -86.7713132184899 35.99447531702058, -86.75953014894341 35.99336065429417, -86.7533962694064 35.99071177456757, -86.74613144155222 35.98989296999812, -86.7463605 36.0314662, -86.7460172 36.0586705, -86.6763227 36.0875301, -86.6685979 36.1072263, -86.697952 36.1202619, -86.6975492 36.143572, -86.7299932 36.1261035, -86.777715 36.1154264, -86.7988294 36.1159811, -86.8125623 36.1247169, -86.822862 36.1391359, -86.8432897 36.1391359, -86.8898108 36.1398318))",true,null
969,"Navasota, TX",4546,TX: Navasota,"POLYGON ((-96.1094877 30.4122328, -96.1057111 30.3615894, -96.0401365 30.3692912, -96.0634824 30.4181542, -96.1094877 30.4122328))",true,null
913,"Nephi, UT",4483,UT: Nephi,"POLYGON ((-111.8659974 39.8200319, -111.8903619 39.7634122, -111.8888087 39.678058, -111.8433381 39.6811898, -111.8000795 39.6986264, -111.827202 39.7609394, -111.8397136 39.8247722, -111.8615215 39.8279398, -111.8659974 39.8200319))",true,null
428,"New Bedford, MA",3864,MA: New Bedford,"POLYGON ((-71.0737415 41.6867945, -71.0517688 41.5810749, -70.8045764 41.6334432, -70.6851001 41.7482988, -70.6521411 41.7851731, -70.79771 41.8609038, -71.0737415 41.6867945))",true,null
1008,"New Bern, NC",4584,NC: New Bern,"POLYGON ((-77.0021884776157 35.0522311696063, -77.0589425021472 35.0632194235563, -77.13270184270219 35.0740410193401, -77.12951168236238 35.09659012755155, -77.14283190781514 35.09659012755155, -77.1789743656303 35.14779282, -77.14283190781514 35.19896331669321, -77.07054699218484 35.19896331669321, -77.03440453436967 35.14779282, -77.05025094038857 35.1253473224533, -77.0344191 35.1089672, -77.0021884776157 35.0522311696063))",true,null
322,"New Braunfels, TX",4147,TX: New Braunfels,"POLYGON ((-98.2030756 29.7112631, -98.1069452 29.6110222, -97.9915888 29.7100704, -98.01231691224365 29.739922297762288, -98.07424375495606 29.793603564282, -98.2030756 29.7112631))",true,null
322,"New Braunfels, TX",4148,TX: San Marcos,"POLYGON ((-97.975022 29.773089, -97.950993 29.773089, -97.941786 29.786931, -97.929642 29.768675, -97.857358 29.768675, -97.821215 29.823, -97.856628 29.876199, -97.851513 29.880651, -97.95039 29.930649, -97.99448 29.881705, -98.023277 29.881705, -98.05942 29.827412, -98.052707 29.817325, -98.074159 29.793695, -98.045475 29.768834, -98.012604 29.740337, -97.975022 29.773089))",true,null
322,"New Braunfels, TX",4963,TX: Sattler,"POLYGON ((-98.082948 29.793409, -98.046805 29.84772, -98.082948 29.902002, -98.155232 29.902002, -98.191375 29.84772, -98.155232 29.793409, -98.082948 29.793409))",true,null
966,"New Caney, TX",4543,TX: New Caney,"POLYGON ((-95.2757731 30.2296253, -95.3018656 30.1972867, -95.2476207 30.1950612, -95.2436724 30.2220608, -95.2757731 30.2296253))",true,null
966,"New Caney, TX",4965,TX: Roman Forest,"POLYGON ((-95.247621 30.195061, -95.268489 30.195917, -95.270754 30.192526, -95.240985 30.14795, -95.201191 30.148086, -95.201142 30.138721, -95.162114 30.138721, -95.126184 30.192526, -95.162327 30.246619, -95.234611 30.246619, -95.250023 30.223557, -95.243672 30.222061, -95.247621 30.195061))",true,null
476,"New Castle, PA",3919,PA: New Castle,"POLYGON ((-80.54164324781514 41.183402671529514, -80.57778570563032 41.23049927, -80.54164324781514 41.27756196583715, -80.50739086012672 41.27756196583715, -80.5113489 41.3682231, -80.4674036 41.4444446, -80.077389 41.3970742, -80.0306971 40.8778745, -80.3417727 40.8126528, -80.4893763 40.863336, -80.50328591497593 41.183402671529514, -80.54164324781514 41.183402671529514))",true,null
531,"New Creek, WV",3972,WV: New Creek,"POLYGON ((-78.8103224 39.5711312, -78.9421584 39.4418642, -78.9888503 39.4482272, -79.0877272 39.4609515, -79.1756179 39.3229812, -78.7361647 39.2677167, -78.5658766 39.4418642, -78.8103224 39.5711312))",true,null
212,"New Haven, CT",3845,CT: New Haven,"POLYGON ((-72.8041334 41.3999631, -73.1679639 41.3596775, -73.196418 41.3025657, -73.6088819 41.1088199, -73.5539503 41.028062, -72.7382154 41.2514564, -72.8041334 41.3999631))",true,null
412,"New London, CT",3848,CT: New London,"POLYGON ((-72.196332 41.4092562, -72.2402773 41.3345402, -72.1867189 41.3195867, -72.1990786 41.3675289, -72.1908388 41.3685595, -72.184659 41.3476861, -72.1760759 41.3551601, -72.1668062 41.3059193, -72.1492968 41.3182974, -72.1376238 41.3015348, -72.1084413 41.300761, -72.0916185 41.3110771, -72.0881853 41.3231965, -72.0967684 41.3389225, -72.0947084 41.3533561, -72.0888719 41.3605717, -72.1008882 41.4200701, -72.1949587 41.4308821, -72.196332 41.4092562))",true,null
903,"New Martinsville, WV",4472,WV: New Martinsville,"POLYGON ((-80.8415654 39.6954337, -80.8604481 39.6925278, -80.864568 39.6785248, -80.8625081 39.6616117, -80.8728077 39.6309462, -80.8484318 39.6256577, -80.8415654 39.6954337))",true,null
323,"New Orleans, LA",4791,LA: Central City / Garden District,"POLYGON ((-90.094037272452553 29.957445638860179, -90.097753347631311 29.952493897551644, -90.097962955202689 29.951535731346066, -90.0993507018822 29.951310279132283, -90.104406389442062 29.948401971157519, -90.099692067100591 29.912300751320736, -90.068309824963563 29.922484375204586, -90.062206309475 29.928567601561365, -90.0605721586519 29.938125948392383, -90.065369156965943 29.9381715023411, -90.084035808086227 29.948780044407798, -90.085859837632682 29.951501452333602, -90.094037272452553 29.957445638860179))",true,null
323,"New Orleans, LA",4107,LA: East New Orleans,"POLYGON ((-90.0343469 30.0329699, -90.019127751030553 29.987230290068958, -90.012056125170048 29.995709380167753, -89.993974285514341 29.997795546724706, -89.949974171960122 30.001811866493881, -89.909345132823162 30.011885917208854, -89.866805422394592 30.02774889187144, -89.882628094703264 30.058889869279813, -89.924005899430924 30.082788118078824, -89.937619399796674 30.069224952902577, -89.945232197659223 30.078086498589069, -90.0099858543115 30.040413204263995, -90.0136877706158 30.0489413371918, -90.031242028145428 30.05726201964967, -90.0343469 30.0329699))",true,null
323,"New Orleans, LA",4105,LA: Elmwood,"POLYGON ((-90.2541567 29.9731453, -90.23114695875806 29.962352193692354, -90.222896610932239 29.95341636700666, -90.218090106497371 29.939140012360657, -90.215683290468746 29.932198966691566, -90.210898 29.9258464, -90.205112848563815 29.924231324219775, -90.1981951 29.926739, -90.1690127 29.9442926, -90.1910094 29.9737569, -90.25519449499923 29.973455299957823, -90.2541567 29.9731453))",true,null
323,"New Orleans, LA",4101,LA: French Quarter,"POLYGON ((-90.110037269761875 29.97114032281215, -90.106042225875967 29.966228360509984, -90.085845136409844 29.951509096591852, -90.084027951489674 29.948798844348545, -90.065367135257375 29.938176145032489, -90.060577944464043 29.938131057743618, -90.061028801191952 29.954724191402317, -90.057647606453259 29.958404833097593, -90.0526018153417 29.960547052169463, -90.040210975698173 29.95951049598159, -90.028374998540485 29.957127881156119, -90.028319529133356 29.961171988559236, -90.025406496831977 29.970212031267593, -90.021716647112527 29.9807892483582, -90.040375710975553 29.98535052855183, -90.0548177956105 29.992026111394161, -90.0658353220585 29.991152074954041, -90.077660860952349 29.993440756761494, -90.084444044531054 29.993596924565988, -90.108816566929718 29.972774576960759, -90.110037269761875 29.97114032281215))",true,null
323,"New Orleans, LA",4106,LA: Gentilly,"POLYGON ((-90.0825194 30.0260864, -90.080069709792653 29.99726081144026, -90.084351404168814 29.993619979329885, -90.077668672814184 29.993462766795698, -90.065798983583562 29.991157627665711, -90.0548017660345 29.992057256087637, -90.040448461342876 29.985401303714092, -90.022362851755261 29.981023249916731, -90.0192253308902 29.987282094562708, -90.029022774586181 30.016795230210519, -90.034416414993984 30.032901066283916, -90.045678964027346 30.036303170022098, -90.0622383056954 30.035036599537516, -90.082613670365177 30.031429096170093, -90.0825194 30.0260864))",true,null
323,"New Orleans, LA",4103,LA: Jefferson,"POLYGON ((-90.1910094 29.9737569, -90.1690127 29.9442926, -90.154370095763 29.957314042327646, -90.142098944440107 29.955403545978196, -90.135720955337234 29.921378449017173, -90.1333071 29.9145389, -90.1226882 29.9603728, -90.1099852 29.9719725, -90.1910094 29.9737569))",true,null
323,"New Orleans, LA",4104,LA: Kenner,"POLYGON ((-90.2816225 30.0468747, -90.2785326 29.9734427, -90.1910094 29.9737569, -90.1958159 30.0243029, -90.2816225 30.0468747))",true,null
323,"New Orleans, LA",4790,LA: Marlyville / Fontainebleau,"POLYGON ((-90.110400133511817 29.971574608423378, -90.110605929285271 29.971389476109533, -90.122679746012935 29.960368828657746, -90.123146296104153 29.958377702138961, -90.116468450604145 29.95295599242591, -90.112605223920937 29.943837697775532, -90.112335512022369 29.943378768976846, -90.10695900543449 29.940226861422218, -90.103375289947749 29.940403564979928, -90.104417194004739 29.948407060168364, -90.099334659969628 29.951330271139092, -90.0979901064922 29.951556448505119, -90.097783929546267 29.952483995467425, -90.094048225002 29.957459816945516, -90.106052471941084 29.966216578915141, -90.110400133511817 29.971574608423378))",true,null
323,"New Orleans, LA",4102,LA: Metairie,"POLYGON ((-90.1958159 30.0243029, -90.1910094 29.9737569, -90.1099852 29.9719725, -90.0801161 29.9972491, -90.0825194 30.0260864, -90.1958159 30.0243029))",true,null
323,"New Orleans, LA",4108,LA: South New Orleans,"POLYGON ((-90.0169448 29.980597, -90.027759446104582 29.956357200676173, -90.054001662748334 29.958783890256228, -90.056628459513547 29.952599111040634, -90.062345158796646 29.924695050450502, -90.0883559 29.9115799, -90.111530175058945 29.910389489607674, -90.1336745 29.912175, -90.139462542477446 29.922415889829843, -90.140444095724689 29.934440877274859, -90.1441238163029 29.953727169896325, -90.153221872527752 29.954396426489328, -90.172791285714055 29.93721643012379, -90.19958818617647 29.922753700770279, -90.2115041066637 29.921187211487858, -90.226986339437047 29.953282510234221, -90.2334004887173 29.960794406991972, -90.250893615890448 29.966732097315457, -90.2697818364919 29.966828103285916, -90.293182252425822 29.958469949547244, -90.3168152 29.9372165, -90.313382 29.9199591, -90.2639435 29.9384065, -90.2337311 29.9247201, -90.2515839 29.911627, -90.2131317 29.908651, -90.222744800293768 29.881047576729387, -90.203429709459542 29.885955290253815, -90.1808594 29.8991274, -90.1444672 29.8866262, -90.151809585792677 29.869331760551841, -90.136227415261786 29.866162365993336, -90.1170014 29.8717418, -90.1279877 29.8485178, -90.1087616 29.7972866, -90.0675629 29.8181397, -90.0716827 29.7966908, -90.0236176 29.7841768, -89.9631928 29.8771005, -89.9041412 29.852091, -89.8629425 29.8640011, -89.8615692 29.8818634, -89.8821686 29.9282906, -89.94534 29.9580403, -90.0169448 29.980597))",true,null
323,"New Orleans, LA",4792,LA: Uptown / Carrollton,"POLYGON ((-90.123146488133813 29.958371304656723, -90.123175585938355 29.958259716974812, -90.133289852688733 29.914495720194353, -90.129513623239 29.913759132262935, -90.119076611496567 29.911571863756034, -90.10697448439393 29.91142306823496, -90.099713208132343 29.912241440849918, -90.103368508791576 29.9403961642009, -90.106955087722326 29.940217295715797, -90.112348197618175 29.943368982055933, -90.1126155640112 29.943816541046235, -90.116473463409562 29.952948585545506, -90.123146488133813 29.958371304656723))",true,null
1085,"New Providence, PA",4665,PA: New Providence,"POLYGON ((-76.2131187 39.9373739, -76.1712333 39.8804901, -76.1293479 39.8889203, -76.1822196 39.9426385, -76.2131187 39.9373739))",true,null
251,"New York City, NY",3711,"Bethpage, NY","POLYGON ((-73.452951104436 40.8398086106473, -73.520995461051015 40.8121570714579, -73.606050906819831 40.794034294644781, -73.589039817666077 40.768749526557464, -73.577699091563559 40.720061190695269, -73.476262596980021 40.722926197074045, -73.4000277159576 40.745364480416804, -73.397507554601489 40.803573215080881, -73.452951104436 40.8398086106473))",true,null
251,"New York City, NY",3701,"Bronx, NY","POLYGON ((-73.869589465142809 40.810651978805964, -73.861349718833949 40.806494217723788, -73.855169909102315 40.804155362633182, -73.846243517267709 40.805454736748494, -73.846243517267709 40.811171680623929, -73.839377062010328 40.818187256756374, -73.842123644113286 40.811951225718531, -73.839377062010328 40.805714608518734, -73.831823961227229 40.804415239491455, -73.829764024650018 40.809612562958478, -73.815687791372383 40.813770128655115, -73.806074754012059 40.810132272917485, -73.79749168494034 40.816888131962422, -73.805044785723439 40.818966719420644, -73.806418076774918 40.825461885431842, -73.8132845320323 40.82805977373777, -73.815001145846665 40.84052822090716, -73.812597886506566 40.854033059078667, -73.818777696238215 40.861563407977563, -73.832510606752948 40.85637015551842, -73.8496767448964 40.858447505360594, -73.870962756194288 40.857408838582536, -73.875082629348711 40.850137715131218, -73.87645592040019 40.843125518912906, -73.879545825266 40.836891832710435, -73.885725634997627 40.823123698942048, -73.879889148028866 40.817147958956575, -73.871306078957147 40.815069314508889, -73.869589465142809 40.810651978805964))",true,null
251,"New York City, NY",3703,"Brooklyn, NY","POLYGON ((-74.013323 40.700737, -74.004169 40.688715, -74.010695 40.669818, -73.97499 40.641949, -73.894995 40.623189, -73.867873 40.640125, -73.89235 40.670276, -73.892142 40.670549, -73.899521 40.679515, -73.899677 40.679439, -73.941385 40.701489, -73.96821 40.7073, -73.96821 40.717259, -73.960573 40.725073, -73.961734 40.732696, -73.894713 40.72457, -73.88796 40.725953, -73.88818 40.726241, -73.894317 40.724984, -73.96174 40.733402, -73.957885 40.747423, -73.956992 40.748444, -73.966583 40.748444, -73.97366 40.740093, -73.981538 40.742992, -73.981671 40.742818, -73.973593 40.739845, -73.969792 40.728325, -73.973623 40.718561, -73.97359 40.718552, -73.973528 40.718535, -73.978076 40.710578, -73.998368 40.70771, -74.004879 40.703554, -74.013323 40.700737))",true,null
251,"New York City, NY",3693,"Bushwick, NY","POLYGON ((-73.96807556261804 40.7073766051292, -73.941326241267575 40.701582829309338, -73.89967372659325 40.679561884853378, -73.82745055894695 40.714907760191089, -73.8362396216764 40.725623704525105, -73.8507606818381 40.721279610688512, -73.88056706848576 40.727361262670186, -73.89470599548531 40.724465307225181, -73.961579298861523 40.732573664907385, -73.960432899375064 40.725044508395442, -73.96807556261804 40.71722486730151, -73.96807556261804 40.7073766051292))",true,null
251,"New York City, NY",3702,"Eastchester, NY","POLYGON ((-73.818777696238215 40.862531892414523, -73.817747727949609 40.869801655515538, -73.813971177558045 40.884598350116214, -73.79405845731165 40.881483531372915, -73.784102097188466 40.892903816740009, -73.850363390422146 40.915219592525247, -73.86478294646264 40.89186569042262, -73.871306078957147 40.876032245835496, -73.87164940172 40.857598384385192, -73.850363390422146 40.859156373986941, -73.832510606752948 40.857079046374885, -73.818777696238215 40.862531892414523))",true,null
251,"New York City, NY",3691,"Flushing, NY","POLYGON ((-73.7448037621122 40.753857397726087, -73.769095141515166 40.7806174370826, -73.770861787289959 40.788643347535405, -73.7774867089453 40.797336989321849, -73.7920615365871 40.794996505438633, -73.81370294732794 40.80168338332998, -73.825627806307565 40.797671337426429, -73.833136050850328 40.789312129625571, -73.849477524266874 40.789980904980126, -73.849035862823172 40.778610807922952, -73.845502571273656 40.76958022657432, -73.845944232717329 40.760882951107156, -73.835786019512454 40.747834903884225, -73.788528245037583 40.740807971658207, -73.7448037621122 40.753857397726087))",true,null
251,"New York City, NY",3708,"Garden City, NY","POLYGON ((-73.6372720641493 40.7615974242361, -73.63640993013551 40.76272845871352, -73.590843891793 40.76857160960404, -73.6012774676998 40.78471701651757, -73.59993289870224 40.78471701651757, -73.58916901741158 40.7687167829064, -73.57781138695589 40.71995582216432, -73.52325970530968 40.72149661592512, -73.52410083479619 40.720392453284454, -73.57794599477435 40.7195762609693, -73.57173795033485 40.693954413717464, -73.57092615254983 40.689850903114426, -73.57280386536262 40.689850903114426, -73.57345027174476 40.69322053265345, -73.62088667813462 40.6914800660557, -73.6216478834209 40.692479745750106, -73.637985776133 40.6919035704278, -73.68826886182714 40.688499379240824, -73.72188125935773 40.686223878150244, -73.72789656123817 40.70837531693494, -73.72789671809302 40.70837529535707, -73.7288726748125 40.7119685771573, -73.72138199634989 40.73732512358999, -73.68442798260108 40.7554850676174, -73.6372720641493 40.7615974242361))",true,null
251,"New York City, NY",3709,"Great Neck, NY","POLYGON ((-73.75583911727783 40.766380156736808, -73.743354653173512 40.753519483203611, -73.722880132042434 40.738386093541145, -73.685426739729465 40.756545747888389, -73.591044191100778 40.768649429062485, -73.6255013120287 40.821955018832476, -73.646974590288139 40.819309651760683, -73.648972104544853 40.806081233894837, -73.65546402587907 40.815530372929892, -73.653965890186569 40.824600280400446, -73.675439168446019 40.857502445108956, -73.729871431940865 40.842392744825517, -73.718885103529075 40.836725718942311, -73.702904989475513 40.834458772930226, -73.706400639424743 40.817076278251683, -73.713391939323174 40.808383322414024, -73.71838572496489 40.820855469012, -73.73037081050505 40.8287910687609, -73.754340981585329 40.838236973217725, -73.760333524355417 40.829924648353078, -73.756338495842016 40.8212333762459, -73.767324824253819 40.812163008377674, -73.763829174304618 40.803469408790086, -73.752842845892829 40.797421015619257, -73.75583911727783 40.766380156736808))",true,null
251,"New York City, NY",3695,"Greenwich Village, NY","POLYGON ((-74.01216055567433 40.729368480652354, -73.97370840623303 40.7187006561774, -73.96993185584147 40.72832779256065, -73.97370840623303 40.73977446641319, -74.00975729633427 40.75303973769105, -74.01216055567433 40.729368480652354))",true,null
251,"New York City, NY",3698,"Harlem, NY","POLYGON ((-73.955704077455579 40.792674982860724, -73.938429025272 40.786709049526934, -73.927016510482858 40.799662044086354, -73.933539642977365 40.809797173674312, -73.9331963202145 40.816812895146171, -73.935260830421413 40.83481802742638, -73.928893050820676 40.845949153369062, -73.94534625976 40.8500543705882, -73.945907795089667 40.841647446581739, -73.950080391408378 40.837075528788631, -73.952307095883 40.828086162360414, -73.964345320725272 40.816167980600568, -73.974437658155125 40.799337622717069, -73.955704077455579 40.792674982860724))",true,null
251,"New York City, NY",3696,"Hell's Kitchen, NY","POLYGON ((-73.97370840623303 40.7402246347587, -74.00975729633427 40.753489816251204, -73.99224783542795 40.775332582102116, -73.95585562256385 40.76129162813838, -73.97370840623303 40.7402246347587))",true,null
251,"New York City, NY",3706,"Jamaica, NY","POLYGON ((-73.899474660292924 40.6796513233728, -73.8671434652525 40.640361942091616, -73.85647103193817 40.643220131906482, -73.856784927035633 40.651555819805914, -73.852076500573446 40.646078199333836, -73.822884256507777 40.648936144371774, -73.824139836897686 40.660842931269222, -73.786158530102611 40.661557270909945, -73.753827335062127 40.645840031722784, -73.727460146873824 40.664890754749891, -73.723379510606577 40.684888159037861, -73.7290296223612 40.711542033926342, -73.822570361410285 40.708924714916492, -73.827592682969978 40.714397173697336, -73.899474660292924 40.6796513233728))",true,null
251,"New York City, NY",3694,"Lower Manhattan, NY","POLYGON ((-74.0135338467258 40.7007786930743, -74.004950777654088 40.703641730635653, -73.998427645159609 40.70780592921939, -73.978171602150326 40.710668664708045, -73.97370840623303 40.718475499605965, -74.011817232911469 40.728883188789482, -74.017997042643117 40.7145721965838, -74.019027010931737 40.705203335616915, -74.0135338467258 40.7007786930743))",true,null
251,"New York City, NY",3697,"Manhattan, NY","POLYGON ((-73.955512299800986 40.761741609411885, -73.941436066523352 40.7757824683067, -73.943496003100549 40.78124200108951, -73.939032792941092 40.786181191676022, -73.974395032013078 40.798917409295385, -73.9925911581908 40.775522479363055, -73.955512299800986 40.761741609411885))",true,null
251,"New York City, NY",3712,"Massapequa, NY","POLYGON ((-73.559245401804759 40.63146793704977, -73.512553506054587 40.640847163826464, -73.487834267128008 40.649704112542238, -73.437022498223428 40.65230887377011, -73.388270665896059 40.658559885863347, -73.345011997774577 40.672622521609064, -73.361491490392268 40.711669839399896, -73.39994363983358 40.743931676956393, -73.474788002138979 40.721037790557872, -73.577784830999676 40.719476556907672, -73.571605021268027 40.693971224092053, -73.559245401804759 40.63146793704977))",true,null
251,"New York City, NY",3699,"Mott Haven, NY","POLYGON ((-73.928084901649513 40.84572591876649, -73.934246975149875 40.83468473613862, -73.93230105720238 40.816278678190692, -73.9326253768603 40.809405773679792, -73.926463303359967 40.800568136044951, -73.911868918753854 40.796394398080849, -73.903436607648132 40.80351414601882, -73.8953286162003 40.8069509923867, -73.888517903384141 40.805478080022851, -73.883977428173367 40.801550153898518, -73.871328961514735 40.801550153898518, -73.868085764935628 40.806705509262947, -73.871977600830576 40.813578693469807, -73.8804099119363 40.816769572697979, -73.886571985436646 40.822660023446808, -73.881058551252124 40.836893119797821, -73.890788140989528 40.843272481569322, -73.914463476017175 40.84572591876649, -73.928084901649513 40.84572591876649))",true,null
251,"New York City, NY",3778,NY: Staten Island,"POLYGON ((-74.261143609967689 40.501847952716275, -74.24812277715688 40.4937467706071, -74.221489255498341 40.500047774563747, -74.19485573383983 40.508598190536325, -74.175916340660436 40.5189472357087, -74.146323538817626 40.532443589710375, -74.13389456204365 40.528844827710081, -74.106669184348277 40.549085349924439, -74.0498510048101 40.59988458850696, -74.0687903979895 40.625494347585885, -74.068198541952654 40.6349270475949, -74.071157822136925 40.650645253200878, -74.109628464532548 40.647950966549956, -74.129751569785668 40.641663874665007, -74.158160659554753 40.647052846826135, -74.186569749323837 40.646154715015612, -74.202549862318932 40.629087914225373, -74.20432543042952 40.607074283724181, -74.198998726097813 40.598087043865434, -74.206692854576957 40.587300761019236, -74.214386983056059 40.557179846469552, -74.2315508081249 40.558978490592217, -74.249898345267425 40.543238716095679, -74.24812277715688 40.524346103434112, -74.261143609967689 40.501847952716275))",true,null
251,"New York City, NY",3704,NY:Coney Island,"POLYGON ((-74.0038286654245 40.663298405523292, -74.023398062908043 40.643502930729653, -74.035757682371326 40.645065944895542, -74.042967460391566 40.6296947159535, -74.041594169340087 40.614580566757937, -74.032324454742621 40.6046763388771, -74.013441702784846 40.601287713407388, -74.005545279238873 40.596856174736672, -73.996962210167126 40.592685046458186, -73.991469045961225 40.585906408017983, -73.992155691486985 40.58121310197528, -74.0038286654245 40.582777573913752, -74.011381766207634 40.58121310197528, -74.012755057259113 40.575476391817993, -74.002112051610183 40.57026077388975, -73.930357594170587 40.5757371620426, -73.932417530747784 40.582777573913752, -73.920744556810249 40.58329905642865, -73.9080416145841 40.58747077018311, -73.9080416145841 40.597377547474807, -73.898085254460909 40.605458304973467, -73.894995349595078 40.622659244373054, -73.9753328761064 40.641158340850694, -74.0038286654245 40.663298405523292))",true,null
251,"New York City, NY",3692,NY:Woodside,"POLYGON ((-73.961579298861523 40.733485868189675, -73.894323862323162 40.7250880231589, -73.8801849353236 40.727983951507156, -73.8507606818381 40.721902356428124, -73.836621754838546 40.725956814895056, -73.8362396216764 40.747383420731246, -73.854199880297429 40.760120293050967, -73.863371076189026 40.774012279920157, -73.889738264377357 40.774301665432333, -73.913812653592785 40.787033380069424, -73.930244379565224 40.776327328724179, -73.939797708618968 40.767934892997296, -73.957757967240028 40.747383420731246, -73.961579298861523 40.733485868189675))",true,null
251,"New York City, NY",3707,"Oceanside, NY","POLYGON ((-73.573566 40.693114, -73.635489 40.690842, -73.671635 40.688465, -73.672401 40.689471, -73.721989 40.686114, -73.728002 40.708257, -73.728191 40.708231, -73.723243 40.684888, -73.727334 40.664841, -73.753811 40.645711, -73.786196 40.661454, -73.795509 40.661279, -73.76191 40.617119, -73.722806 40.617119, -73.707399 40.612415, -73.702412 40.617119, -73.689625 40.617119, -73.681019 40.628434, -73.659459 40.629473, -73.651968 40.618481, -73.629496 40.613932, -73.612517 40.625303, -73.561581 40.63061, -73.573566 40.693114))",true,null
251,"New York City, NY",3710,"Oyster Bay, NY","POLYGON ((-73.626212197668721 40.823662664146667, -73.606050906819831 40.7951062755464, -73.520365420712 40.813228759687114, -73.453581144775015 40.840403206822707, -73.476262596980021 40.871322262879346, -73.48886340376059 40.88085006912636, -73.489493444099608 40.894662952357749, -73.503984371897275 40.896567951351834, -73.509654734948526 40.887995023885722, -73.506504533253391 40.874657151049448, -73.524145662746164 40.877991871237967, -73.543046872917031 40.8770391111824, -73.54808719562925 40.900377784767862, -73.535486388848682 40.9037112090034, -73.536746469526719 40.91228209985956, -73.549347276307287 40.9099014082794, -73.56635836546107 40.916091028087415, -73.594080140378281 40.908472952185569, -73.63251260105902 40.897044192528917, -73.655194053264054 40.877515492924317, -73.654564012925 40.8660813849418, -73.6501537305518 40.854645302404521, -73.654564012925 40.8427306168734, -73.647003528856672 40.820801998256464, -73.626212197668721 40.823662664146667))",true,null
251,"New York City, NY",3690,"Queens, NY","POLYGON ((-73.835552833050784 40.747122496991437, -73.836351838753473 40.72653826429115, -73.822768741807963 40.709581761133869, -73.729285074594785 40.712004383159993, -73.7220940232707 40.7368311767793, -73.743667177242955 40.753175470931986, -73.788411496592857 40.739858200957222, -73.835552833050784 40.747122496991437))",true,null
251,"New York City, NY",3700,"West Bronx, NY","POLYGON ((-73.9279543348305 40.846607039291783, -73.914221424315755 40.846607039291783, -73.890188830914937 40.843750155968294, -73.879889148028866 40.8372567813132, -73.87714256500233 40.844009877737193, -73.875769274089549 40.850502590855825, -73.872336047245739 40.856475324986796, -73.87164940172 40.877245858838286, -73.865469591988386 40.892040889540105, -73.915251392604375 40.902161899495262, -73.9258943982533 40.877765038712994, -73.931730885222066 40.872053836137376, -73.945120472973969 40.850502590802563, -73.9279543348305 40.846607039291783))",true,null
271,"Newark, NJ",3788,NJ: Bayonne,"POLYGON ((-74.149212351458928 40.646461708054666, -74.130329600751821 40.642033165465271, -74.110416881824321 40.648285140184043, -74.083981030834352 40.650108522491713, -74.087414258235654 40.664433364118565, -74.070248121229156 40.658703796573839, -74.061665052725928 40.669902037664009, -74.07402467137058 40.674589115204746, -74.0637249891667 40.694115058383581, -74.057201857104246 40.689169027141517, -74.051708693262185 40.690730971407376, -74.04896211134114 40.6967180852546, -74.104237072501959 40.717798854518918, -74.110073559084185 40.711553396356216, -74.1080136226434 40.7029649347936, -74.1207165640282 40.678234392170765, -74.13616608733399 40.662610373284096, -74.149212351458928 40.646461708054666))",true,null
271,"Newark, NJ",3796,NJ: Bloomfield,"POLYGON ((-74.251374774105 40.802808165164492, -74.2232223094144 40.770314885374695, -74.192666585542881 40.754712464210677, -74.1579909887898 40.811903434355855, -74.152497824947758 40.832687939831843, -74.178590353197592 40.8474929262172, -74.202622945006638 40.871900943284054, -74.251374774105 40.802808165164492))",true,null
271,"Newark, NJ",3797,NJ: Caldwell,"POLYGON ((-74.349565 40.844312, -74.336519 40.830546, -74.311456 40.816257, -74.252061 40.803264, -74.22506 40.841559, -74.224191 40.841559, -74.202642 40.872091, -74.178494 40.847566, -74.176807 40.846609, -74.176292 40.847284, -74.178002 40.848276, -74.229574 40.903158, -74.190472 40.936208, -74.191294 40.936208, -74.230021 40.903233, -74.27684 40.898289, -74.279736 40.901146, -74.282942 40.896949, -74.307336 40.894419, -74.327249 40.885595, -74.333772 40.868462, -74.340982 40.859115, -74.349565 40.844312))",true,null
271,"Newark, NJ",3806,NJ: East Brunswick,"POLYGON ((-74.452306532710111 40.455293219961732, -74.495565197966442 40.430732306248942, -74.441320205026 40.387336862802918, -74.340383319427985 40.377922110875723, -74.3314569281846 40.491856666710405, -74.360296038355443 40.47305509506225, -74.398061539769685 40.491334471942061, -74.4111078038946 40.483501062790872, -74.452306532710111 40.455293219961732))",true,null
271,"Newark, NJ",3782,NJ: Elizabeth,"POLYGON ((-74.290691823944485 40.618487129744253, -74.24674651320791 40.599952788977205, -74.214577396851752 40.60235164029627, -74.205960669256342 40.591883293684774, -74.2007906326991 40.59820811576553, -74.2050989964968 40.60627684767136, -74.203088426724534 40.630041234325233, -74.187291092799626 40.646823824825709, -74.167759843583369 40.649874751617389, -74.155409200696639 40.660987662504375, -74.214290172598567 40.686904012978758, -74.238991458372055 40.671220755952888, -74.290691823944485 40.618487129744253))",true,null
271,"Newark, NJ",3799,NJ: Englewood,"POLYGON ((-73.966760222537758 40.8352682085494, -73.9413543397682 40.887458502932105, -73.98289639132382 40.903548702173588, -74.011392178754562 40.84929352162645, -73.966760222537758 40.8352682085494))",true,null
271,"Newark, NJ",3793,NJ: Fairview,"POLYGON ((-74.036561 40.855685, -74.029933 40.852826, -74.031643 40.83751, -74.02877 40.832727, -74.035336 40.828839, -74.034485 40.823475, -74.038519 40.819332, -74.048411 40.81591, -74.046412 40.807699, -74.063285 40.8064, -74.072978 40.797551, -74.083749 40.800131, -74.077629 40.792106, -74.062765 40.805858, -74.036335 40.808197, -74.032186 40.812645, -73.989381 40.798535, -73.99735 40.786992, -74.00558 40.779203, -74.007299 40.773996, -74.013203 40.769788, -74.013076 40.769746, -74.016617 40.763953, -74.018471 40.76092, -74.00396 40.76092, -73.992401 40.775338, -73.992781 40.775479, -73.974449 40.79905, -73.966343 40.79613, -73.965967 40.795995, -73.957226 40.792847, -73.957072 40.793049, -73.9626 40.795015, -73.974615 40.799288, -73.964462 40.816221, -73.957051 40.823558, -73.966371 40.835773, -73.966682 40.835133, -74.011566 40.849238, -74.008182 40.855685, -74.008939 40.855685, -74.011944 40.849989, -74.011944 40.84109, -74.019318 40.840293, -74.025569 40.843183, -74.029723 40.848944, -74.029723 40.853843, -74.034277 40.855685, -74.036561 40.855685))",true,null
271,"Newark, NJ",3786,NJ: Irvington,"POLYGON ((-74.280704960928446 40.7047468032745, -74.214100349343354 40.68782734983737, -74.212040412902581 40.708130178317461, -74.19315766219546 40.753658879178815, -74.223370063326854 40.7690015331728, -74.280704960928446 40.7047468032745))",true,null
271,"Newark, NJ",3789,NJ: Jersey City,"POLYGON ((-74.10320710428158 40.718515569641994, -74.048618788601 40.6974350272913, -74.040379042837912 40.704983148843212, -74.033169265295186 40.704722883028573, -74.02904939241364 40.728142732794957, -74.020809646650548 40.745832266054812, -74.076427930551489 40.750774088985146, -74.075054639590974 40.744531725298316, -74.080891126173171 40.7411502003092, -74.094280713038231 40.736467804968505, -74.10320710428158 40.718515569641994))",true,null
271,"Newark, NJ",3792,NJ: Kearny,"POLYGON ((-74.1155667229262 40.7965449540077, -74.12657176668252 40.780183535835356, -74.11877306389984 40.780183535835356, -74.09524609846876 40.74931968934798, -74.095078320068 40.7485062165189, -74.09467756688913 40.74857368391135, -74.09241845436969 40.74560928, -74.11969623192941 40.70980499307382, -74.12195290940676 40.71938373661561, -74.11713303870015 40.73921160509406, -74.1261906662386 40.74290688599975, -74.14104783110447 40.74028905092682, -74.14721626895081 40.73457653587951, -74.15978108791137 40.73457653587951, -74.16384714097941 40.73945462925744, -74.16591781263347 40.74834456599215, -74.19316184784762 40.75330834538731, -74.19299888652965 40.753701132222574, -74.22026647668379 40.76754848052, -74.21964411075675 40.768364891828696, -74.19261033288448 40.75456063507054, -74.16929558592452 40.79301950128487, -74.16885761047129 40.79301950128487, -74.1577954199622 40.81135800933319, -74.1155667229262 40.7965449540077))",true,null
271,"Newark, NJ",3808,NJ: Middletown Township,"POLYGON ((-74.201681 40.43998, -74.194128 40.413322, -74.206487 40.404434, -74.091131 40.275161, -74.060477 40.284698, -74.060751 40.284336, -74.035606 40.251103, -73.98197 40.260255, -73.988107 40.236564, -73.952324 40.236564, -73.916182 40.284336, -73.952324 40.332073, -73.968511 40.332073, -73.969595 40.401819, -74.057485 40.424823, -74.13439 40.461403, -74.148809 40.450431, -74.164602 40.450953, -74.183828 40.461925, -74.201681 40.43998))",true,null
271,"Newark, NJ",3787,NJ: Milburn,"POLYGON ((-74.309544071099339 40.717342375899136, -74.281391606408718 40.704590521742283, -74.223713386066976 40.76988545669797, -74.251522528017475 40.801859175868934, -74.311604007540112 40.815631723606813, -74.370998841582491 40.752982559229928, -74.364819032260172 40.741278035371785, -74.309544071099339 40.717342375899136))",true,null
271,"Newark, NJ",3794,NJ: Moonachie,"POLYGON ((-74.046571336359179 40.807788852346555, -74.048562386036565 40.815969411522474, -74.038607137649663 40.819413555741271, -74.034625038294877 40.823503244745126, -74.035478345299452 40.828884030295718, -74.02893632493091 40.832757925554994, -74.031780681612886 40.837492379060095, -74.0300740676037 40.852769445338659, -74.064490783455625 40.867612797329564, -74.109431619030886 40.812094535535174, -74.100898548984972 40.804344104635476, -74.073023853501567 40.797669397120494, -74.063353040782857 40.806497092908891, -74.046571336359179 40.807788852346555))",true,null
271,"Newark, NJ",3804,NJ: Morristown,"POLYGON ((-74.458398386403047 40.820425353909741, -74.496850533297533 40.786900926115656, -74.4017501342817 40.721622703097985, -74.312142899107926 40.8160083748356, -74.336518813657136 40.829518208254306, -74.349908400522168 40.843804460453313, -74.40621332990338 40.810811552330982, -74.447068735978775 40.813669855082182, -74.458398386403047 40.820425353909741))",true,null
271,"Newark, NJ",3805,NJ: New Brunswick,"POLYGON ((-74.452993178190411 40.4557851133381, -74.409734512934108 40.485037249329196, -74.397374894289456 40.491826101367529, -74.358922747394956 40.473546858382448, -74.303991108974245 40.512188536870859, -74.382955339204017 40.540372473298305, -74.424154068019533 40.553416578230028, -74.472219251637654 40.550286224744283, -74.535390635821457 40.521584499197807, -74.529210826499138 40.477725409909212, -74.452993178190411 40.4557851133381))",true,null
271,"Newark, NJ",3785,NJ: Newark,"POLYGON ((-74.189724434794186 40.677013395030706, -74.172214975047581 40.708222556815464, -74.155735483521354 40.708454343925496, -74.126209727870247 40.693878651680265, -74.118656627587413 40.704810719880335, -74.1220898549887 40.719384019942659, -74.117283336626883 40.739156967942179, -74.126209727870247 40.7427987122453, -74.1409726056958 40.740197486659852, -74.147152415018127 40.734474432296885, -74.159855356402929 40.734474432296885, -74.163975229284446 40.7394170991475, -74.166035165725233 40.748260954849258, -74.19315766219546 40.753202597295704, -74.2110104446822 40.708454343925524, -74.2134137038631 40.6878912826779, -74.189724434794186 40.677013395030706))",true,null
271,"Newark, NJ",3807,NJ: Old Bridge,"POLYGON ((-74.339696673947728 40.378655354338555, -74.284078390046773 40.341506962420361, -74.1955011230934 40.414737697905458, -74.20648745077753 40.449233148359795, -74.261419089198228 40.468041389792333, -74.26897218948109 40.485277651967984, -74.27652528976391 40.495199553166216, -74.290944844849349 40.497810335978976, -74.295751363211153 40.5087745143712, -74.308797627336077 40.506686237611966, -74.330770282704364 40.49154428655352, -74.339696673947728 40.378655354338555))",true,null
271,"Newark, NJ",3803,NJ: Parsippany,"POLYGON ((-74.3344588772163 40.868622640870313, -74.328279067893959 40.886015215511989, -74.3694777967095 40.893022871649123, -74.395976624470734 40.910993970650722, -74.41385892847363 40.912389591745161, -74.428069483902007 40.909372926086192, -74.428994518635022 40.902019779823938, -74.4335714776848 40.889119070710656, -74.437037206026019 40.874074536607161, -74.457711740922747 40.820314827161106, -74.447412058718854 40.813819157109243, -74.406556652643459 40.811480560188713, -74.350251723262247 40.844213415603022, -74.341668654759 40.859015827681439, -74.3344588772163 40.868622640870313))",true,null
271,"Newark, NJ",3795,NJ: Passaic,"POLYGON ((-74.1068359005106 40.8953258194598, -74.06838375361609 40.8758589530577, -74.06793974851445 40.87502269457025, -74.06773731921622 40.87502269457025, -74.06660037060236 40.87259988453798, -74.0661967334217 40.871739722130144, -74.0644067735571 40.86792513166769, -74.0643734231378 40.86785405637339, -74.0520548272507 40.862873263075244, -74.05147872784443 40.86211861972344, -74.05522739858621 40.86373529173892, -74.0574004410758 40.864672431725644, -74.06411634138058 40.86756862754465, -74.0645374870926 40.86775024014323, -74.1095969944865 40.812085429448345, -74.1009768062141 40.804255864920016, -74.08393904851476 40.80017617990126, -74.077720000653 40.792021298538025, -74.07836120757936 40.79142796951286, -74.05799746216307 40.784657087553654, -74.05813792000505 40.7844728828897, -74.07853369914183 40.791137472312734, -74.08890182896863 40.7802855692372, -74.12635193099379 40.7802855692372, -74.11538319042407 40.79659299631103, -74.15725336916385 40.81128029325411, -74.15782144867161 40.812025002142484, -74.15234904004701 40.83273095033383, -74.16180334423558 40.838095732173834, -74.16138520731336 40.838643656994876, -74.15138013693579 40.83284348994113, -74.14307031890019 40.8626389638902, -74.14220230746254 40.86377597603841, -74.1332717515005 40.89454725475199, -74.1068359005106 40.8953258194598))",true,null
271,"Newark, NJ",3798,NJ: Paterson,"POLYGON ((-74.229402118736743 40.903150426256445, -74.17790370771732 40.84834710777524, -74.151467856727351 40.8330227856398, -74.134301719720867 40.894558338204696, -74.126748619438018 40.919467859820166, -74.142198142743837 40.942812014044229, -74.183396871559367 40.942034008455032, -74.229402118736743 40.903150426256445))",true,null
271,"Newark, NJ",3780,NJ: Plainfield,"POLYGON ((-74.305584609382734 40.606006938879389, -74.291165054064621 40.617995841634844, -74.39519184975849 40.665669521584419, -74.505741731721841 40.616692804289777, -74.472782789027747 40.552030260241487, -74.425404250889883 40.555160532197092, -74.381802243958518 40.541594962821726, -74.305584609382734 40.606006938879389))",true,null
271,"Newark, NJ",3801,NJ: Sadlebrook,"POLYGON ((-74.141511497263608 40.943369879084919, -74.125718651217653 40.918988221367314, -74.1332717515005 40.895116610640592, -74.1064925777704 40.8956356503302, -74.068727076356183 40.876428469751517, -74.036454738784016 40.924176561617209, -74.083833276921865 40.943110547097419, -74.141511497263608 40.943369879084919))",true,null
271,"Newark, NJ",3781,NJ: Somerville,"POLYGON ((-74.474359621987034 40.5515263192469, -74.507186239645677 40.616666613969763, -74.575660500010116 40.652511293862361, -74.652469638090992 40.64776774246954, -74.656494403834941 40.608628035038507, -74.6692014816383 40.493570585156689, -74.621549939875763 40.481490167248793, -74.541071780454587 40.520139850040785, -74.474359621987034 40.5515263192469))",true,null
271,"Newark, NJ",3784,NJ: Summit,"POLYGON ((-74.28173492914884 40.703975867114856, -74.3655056777404 40.740663719450488, -74.371685487062734 40.752108270868121, -74.4097943112171 40.7120437249191, -74.412884215878265 40.679766429441145, -74.393658142431022 40.666746967102149, -74.3593258684181 40.674038179219174, -74.3363232448294 40.688357881896323, -74.28173492914884 40.703975867114856))",true,null
271,"Newark, NJ",3800,NJ: Teaneck,"POLYGON ((-74.0642638807345 40.867925315133292, -74.02958828398144 40.853903945901514, -74.02958828398144 40.848969795274542, -74.02546841109988 40.843256109189824, -74.019288601777561 40.840399081414851, -74.012078824234834 40.841178283021591, -74.012078824234834 40.850008594362961, -73.983583036804092 40.9040037036019, -74.035768093303759 40.9239811070283, -74.068040430875911 40.875973278578911, -74.0642638807345 40.867925315133292))",true,null
271,"Newark, NJ",3791,NJ: Union City,"POLYGON ((-74.078144544252126 40.791467353287338, -74.013256546367685 40.769889903939443, -74.007420059785488 40.774049957609506, -74.005703446084851 40.779249658416887, -73.997463700321731 40.787048446521574, -73.989567277298761 40.798485012555737, -74.032139297074821 40.81251810563618, -74.036259169956367 40.808100600076116, -74.062695020946336 40.805761801599715, -74.078144544252126 40.791467353287338))",true,null
271,"Newark, NJ",3802,NJ: Wayne,"POLYGON ((-74.276780656874564 40.89839793482097, -74.230088764216973 40.903328402867196, -74.184083517039625 40.942499580663878, -74.2290587959966 40.974390069393245, -74.238671832720186 40.97516769370953, -74.240045123680744 40.968946442525485, -74.251374774105 40.964539368006548, -74.262704424529261 40.978796485985818, -74.302186539644126 40.974130859250884, -74.302529862384262 40.914744917746184, -74.28914027551923 40.91059368585509, -74.276780656874564 40.89839793482097))",true,null
271,"Newark, NJ",3790,NJ: Weehawken,"POLYGON ((-74.076427930551489 40.7517505320192, -74.020466323910412 40.746548679358462, -74.021839614870942 40.755651654467506, -74.013256546367685 40.769693799932625, -74.078487866992276 40.791011384654894, -74.09016084015667 40.77879360589349, -74.088444226456033 40.765013414411037, -74.096683972219125 40.756951977749878, -74.094967358518474 40.74862946925365, -74.076427930551489 40.7517505320192))",true,null
271,"Newark, NJ",3779,NJ: Woodbridge Township,"POLYGON ((-74.26706217033625 40.496707160273246, -74.28836898766306 40.499857597211935, -74.29310383595792 40.50885803040171, -74.38129038544947 40.540799813640035, -74.2905014082808 40.61783270252827, -74.24693906508315 40.5987959256372, -74.21497883909294 40.60149219588257, -74.20728471061379 40.59115590269771, -74.21557069512977 40.55968778689506, -74.23214266416176 40.56103672398195, -74.25108205734114 40.54484768495892, -74.24989834526743 40.52415599498227, -74.26706217033625 40.496707160273246))",true,null
1123,"Newark, NY",4703,NY: Newark,"POLYGON ((-77.1277109 43.0594945, -77.1194712 43.0188438, -77.0913187 43.0138234, -77.0624796 43.0283816, -77.0494333 43.0524704, -77.0734659 43.0630063, -77.1029917 43.0705308, -77.1277109 43.0594945))",false,null
996,"Newberry, SC",4572,SC: Newberry,"POLYGON ((-81.6352149 34.30769, -81.6372748 34.2937928, -81.6462012 34.2770564, -81.6249152 34.2606004, -81.5596839 34.2679776, -81.5284415 34.3020179, -81.6352149 34.30769))",true,null
898,"Newbury, OH",4467,OH: Newbury,"POLYGON ((-81.3409965 41.4919874, -81.3368766 41.4317827, -81.2057273 41.4312679, -81.1899344 41.4621493, -81.1913077 41.5326067, -81.3375632 41.5233539, -81.3409965 41.4919874))",true,null
420,"Newburyport, MA",3856,MA: Newburyport,"POLYGON ((-70.9082891 42.8320792, -70.9237386 42.8373663, -70.9530927 42.8085337, -70.87842 42.7761598, -70.8645155 42.8094153, -70.9082891 42.8320792))",true,null
796,"Newcastle, CA",4356,CA: Newcastle,"POLYGON ((-121.13297 38.8815515, -121.1403515 38.873266, -121.1269619 38.868321, -121.1235287 38.8782107, -121.13297 38.8815515))",true,null
1166,"North East, MD",4887,MD: North East,"POLYGON ((-75.900305 39.59887, -75.885031 39.619252, -75.911469 39.654516, -75.983754 39.654516, -76.019897 39.606303, -75.983754 39.558056, -75.911469 39.558056, -75.890601 39.585918, -75.900305 39.59887))",false,null
1055,"Northfield, MN",4635,MN: Northfield,"POLYGON ((-93.1803566 44.4860966, -93.2229286 44.430225, -93.135038 44.4272829, -93.1130653 44.4596378, -93.1803566 44.4860966))",true,null
308,"Norwich, CT",3601,CT: Norwich,"POLYGON ((-72.05176093038855 41.51689640742517, -72.0269201043697 41.48467255, -72.06306256218484 41.43775942820294, -72.13534747781515 41.43775942820294, -72.17148993563028 41.48467255, -72.15603314409422 41.50472519476787, -72.1430489473062 41.5494395868907, -72.0482918672281 41.5324795112608, -72.05176093038855 41.51689640742517))",true,null
308,"Norwich, CT",3600,CT: Norwichtown,"POLYGON ((-72.06864731476958 41.61909182949673, -72.03644618137582 41.59712747221929, -72.04811915500864 41.53445067418215, -72.1449361716102 41.55141023290412, -72.09966752890047 41.62350882087257, -72.06864731476958 41.61909182949673))",true,null
1143,"Norwood, NY",4723,NY: Norwood,"POLYGON ((-75.0001456 44.8124073, -75.0166251 44.7441703, -75.0028922 44.728562, -74.9767997 44.7456334, -74.9788596 44.7748869, -74.9596336 44.8163041, -75.0001456 44.8124073))",false,null
780,"Oak Harbor, WA",4340,WA: Oak Harbor,"POLYGON ((-122.69444374340034 48.30058671096812, -122.70020214176735 48.28254751350846, -122.68129282743818 48.27654105063241, -122.66725430049742 48.274142755397115, -122.6578604 48.2825633, -122.64850275168556 48.286707033627145, -122.6386343 48.290559, -122.6290213 48.2878177, -122.6216398 48.2955842, -122.62972882920381 48.317373098545964, -122.68694088766638 48.311043123841486, -122.69444374340034 48.30058671096812))",true,null
1105,"Oakfield, NY",4685,NY: Oakfield,"POLYGON ((-78.2847287 43.0770491, -78.2819822 43.0572347, -78.2579496 43.0562312, -78.2582929 43.0740397, -78.2847287 43.0770491))",false,null
519,"Oakland, VA",3962,VA: Oakland,"POLYGON ((-79.3733718 39.5895129, -79.4667555 39.4114906, -79.4255568 39.1776772, -79.1756179 39.4199782, -79.3733718 39.5895129))",true,null
392,"Ocala, FL",3812,FL:Ocala,"POLYGON ((-82.208258208794177 29.227568681087075, -82.24084205045456 29.15720407843498, -82.288693551347151 29.040617424837169, -82.207594965759043 29.058918858748871, -82.021075240252244 29.025832132704149, -81.952878335501282 29.086729060367734, -81.992145941102336 29.150271571229144, -82.05580837436122 29.261684293602194, -82.1685064369906 29.277289504460782, -82.208258208794177 29.227568681087075))",true,null
436,"Ocean Pines, MD",3872,MD: Ocean Pines,"POLYGON ((-75.068251 38.36955, -75.05057 38.432106, -75.172449 38.435064, -75.194422 38.425113, -75.190248 38.392608, -75.227136 38.392608, -75.263279 38.343526, -75.227136 38.294412, -75.154851 38.294412, -75.128668 38.329996, -75.084558 38.32445, -75.08061 38.338185, -75.07546 38.34734, -75.068251 38.36955))",true,null
902,"Oceana, WV",4471,WV: Oceana,"POLYGON ((-81.6620832 37.7036815, -81.6651731 37.6776003, -81.6126447 37.6765133, -81.6085248 37.7061261, -81.6620832 37.7036815))",true,null
1060,"Oconomowoc, WI",4640,WI: Oconomowoc,"POLYGON ((-88.49688159781515 43.15551693338236, -88.42459668218486 43.15551693338236, -88.38845422436971 43.10983276, -88.42459668218486 43.06411446277655, -88.44497834567878 43.06411446277655, -88.4467838 43.060487, -88.4573907259453 43.06411446277655, -88.46464532068417 43.06411446277655, -88.47321959999998 43.0547173, -88.48248929999998 43.0584802, -88.48222642340828 43.06411446277655, -88.49688159781515 43.06411446277655, -88.51053008331873 43.081383084701905, -88.5394809 43.0810527, -88.5418842 43.1076274, -88.53091813905864 43.10716982312627, -88.53302405563032 43.10983276, -88.52958352017579 43.114183076603965, -88.5295245 43.1156476, -88.5487506 43.1226645, -88.5484073 43.1351927, -88.54737729999998 43.1472173, -88.5092685 43.1509745, -88.50172639220236 43.14939507962536, -88.49688159781515 43.15551693338236))",true,null
947,"Odem, TX",4524,TX: Odem,"POLYGON ((-97.5849739 27.959281, -97.6102939 27.9435108, -97.5841156 27.9251599, -97.5613704 27.9469986, -97.5849739 27.959281))",true,null
365,"Ogden, UT",2919,UT: Ogden,"POLYGON ((-111.9436054560186 41.2073343741248, -111.90417274218485 41.2073343741248, -111.8680302843697 41.1602211, -111.90417274218485 41.11307393435089, -111.91187797907823 41.11307393435089, -111.90933544181803 41.03340384359474, -111.98761535661998 41.03340384359474, -111.98898309999998 41.058418299999985, -112.0851134 41.0591949, -112.0854567 41.0889589, -112.11257919999998 41.089994, -112.11360919999998 41.1383633, -112.1215056 41.1386219, -112.121333938091 41.206911586695995, -112.03550330040999 41.206717949223794, -112.03516 41.263389, -111.9448661 41.263131, -111.9436054560186 41.2073343741248))",true,null
1141,"Ogdensburg, NY",4721,NY: Ogdensburg,"POLYGON ((-75.5121242 44.6881302, -75.5028545 44.6781219, -75.4760753 44.6883742, -75.4580509 44.7028953, -75.4494678 44.7102155, -75.4439746 44.7179007, -75.4298984 44.7246092, -75.4340183 44.7311949, -75.4410564 44.7310729, -75.4463779 44.7336339, -75.4510128 44.7319266, -75.4532444 44.7261947, -75.4566776 44.7248531, -75.4558193 44.7191205, -75.4577076 44.7183886, -75.4578792 44.715644, -75.4604541 44.7125334, -75.4698955 44.7077146, -75.4803669 44.7066775, -75.4841434 44.706586, -75.4860317 44.7072876, -75.4880487 44.704695, -75.492469 44.7018277, -75.4945718 44.7012787, -75.4971468 44.6985028, -75.5121242 44.6881302))",false,null
987,"Okeechobee, FL",4563,FL: Okeechobee,"POLYGON ((-80.873650054141635 27.296795835600037, -80.915846 27.2799855, -80.8653776 27.1966518, -80.807356 27.2070337, -80.7874433 27.2067284, -80.7606642 27.1942088, -80.7380049 27.2851727, -80.84278370951354 27.304698872508954, -80.873650054141635 27.296795835600037))",true,null
254,"Oklahoma City, OK",3308,OK: Bethany/Yukon,"POLYGON ((-97.777861 35.4791075, -97.7608665 35.4791075, -97.7606949 35.4644283, -97.7248176 35.4641487, -97.7248176 35.4788279, -97.6099762 35.4788279, -97.609149 35.5800709, -97.6686843 35.5800412, -97.6686844 35.5227096, -97.7426704 35.5231288, -97.7426704 35.5101345, -97.7776893 35.5101345, -97.777861 35.4791075))",true,null
254,"Oklahoma City, OK",3313,OK: Edmond,"POLYGON ((-97.51450149999998 35.6741601, -97.5145873 35.6894283, -97.4789676 35.6892191, -97.4789676 35.68242845458369, -97.44300280781515 35.73301054843767, -97.37071789218484 35.73301054843767, -97.33457543436968 35.6821785, -97.37071789218484 35.631314046334595, -97.4117700338323 35.631314046334595, -97.41167640000002 35.6094297, -97.4606916 35.6094016, -97.4604342 35.5945751, -97.47799353966722 35.59465330206011, -97.47799354284349 35.594653570520094, -97.47805381682603 35.59465357050959, -97.4781278 35.5946539, -97.51385171217555 35.59463487179423, -97.5138517360266 35.59463564161929, -97.51349691718696 35.6239858141464, -97.5890011149985 35.623773235483526, -97.58831589999998 35.6742995, -97.51450149999998 35.6741601))",true,null
254,"Oklahoma City, OK",3310,OK: Moore,"POLYGON ((-97.4062754 35.4205489, -97.5838712 35.4203994, -97.5837632 35.4111926, -97.5834294 35.3339099, -97.5480672 35.3339099, -97.5475522 35.3053365, -97.5300428 35.3053365, -97.5300428 35.290906, -97.5120183 35.2906258, -97.5116641 35.2763483, -97.4586255 35.2763483, -97.4593183 35.3199046, -97.4412938 35.3199046, -97.4412938 35.363313, -97.4054166 35.363313, -97.4062754 35.4205489))",true,null
254,"Oklahoma City, OK",3309,OK: Mustang,"POLYGON ((-97.7732773 35.4644794, -97.7736207 35.3773281, -97.6290818 35.3773281, -97.6290818 35.4109128, -97.5837632 35.4111926, -97.5838712 35.4203994, -97.5841065 35.4788789, -97.6099762 35.4788279, -97.7248176 35.4788279, -97.7248176 35.4641487, -97.7606949 35.4644283, -97.7732773 35.4644794))",true,null
254,"Oklahoma City, OK",3311,OK: Norman,"POLYGON ((-97.4586255 35.2551862, -97.4586255 35.2763483, -97.5116641 35.2763483, -97.5118358 35.2037296, -97.4900367 35.2037296, -97.4902084 35.1822679, -97.459312 35.1821277, -97.459312 35.1725873, -97.4412354 35.1719446, -97.4412354 35.1537026, -97.4146303 35.1535623, -97.4144587 35.1325086, -97.3878535 35.1322278, -97.3881968 35.2549648, -97.4586255 35.2551862))",true,null
254,"Oklahoma City, OK",3312,OK: Northwest Oklahoma City,"POLYGON ((-97.7449332 35.6091892, -97.7452765 35.5800155, -97.6686843 35.5800412, -97.609149 35.5800709, -97.5135336 35.5800155, -97.5139865 35.5946348, -97.513633 35.6238759, -97.5890026 35.6236637, -97.7097426 35.6234233, -97.7097426 35.6093288, -97.7449332 35.6091892))",true,null
254,"Oklahoma City, OK",3307,OK: Oklahoma City,"POLYGON ((-97.476926 35.49297, -97.478127 35.594544, -97.478128 35.594544, -97.513848 35.594525, -97.513395 35.579906, -97.609015 35.579961, -97.609433 35.528854, -97.609444 35.527452, -97.609474 35.523866, -97.609841 35.478938, -97.583972 35.478989, -97.583737 35.420509, -97.406142 35.420659, -97.406141 35.420549, -97.335135 35.4204, -97.335821 35.492131, -97.476926 35.49297))",true,null
1095,"Olean, NY",4675,NY: Olean,"POLYGON ((-78.5223201 42.1166273, -78.5250666 42.0748476, -78.3300593 42.0248796, -78.3025935 42.0646532, -78.3547786 42.1115336, -78.4152034 42.1156086, -78.5223201 42.1166273))",false,null
735,"Olympia, WA",4239,WA: Olympia,"POLYGON ((-122.931982 47.0810924, -122.9992733 47.0483518, -122.9209957 46.9490717, -122.7067623 46.9959249, -122.7369747 47.1035315, -122.931982 47.0810924))",true,null
247,"Omaha, NE",3343,NE: Central Omaha,"POLYGON ((-96.0015239 41.3419775, -96.0817509 41.3312381, -96.193792 41.3197721, -96.2192312 41.2639573, -96.2178784 41.1942012, -96.090849 41.15854, -95.9912243 41.131823, -95.9658184 41.1933386, -96.0028972 41.2707969, -96.0015239 41.3419775))",true,null
247,"Omaha, NE",4807,NE: Lincoln,"POLYGON ((-96.792562179867247 40.681280458587473, -96.524705031550653 40.69820570599969, -96.5860889613732 40.922059227149639, -96.828834502035122 40.898864268565639, -96.792562179867247 40.681280458587473))",true,null
247,"Omaha, NE",3342,NE: Omaha,"POLYGON ((-96.0028972 41.2707969, -95.9658184 41.1933386, -95.9912243 41.131823, -95.938083880915329 41.10976039264704, -95.8339824 41.1618126, -95.815511163399009 41.217102198106289, -95.8051433 41.2723451, -95.848765 41.2818156, -95.8941111 41.2837869, -95.9041395 41.3050108, -96.0015239 41.3419775, -96.0028972 41.2707969))",true,null
1136,"Oneonta, NY",4716,NY: Oneonta,"POLYGON ((-75.099861 42.495234, -75.1218336 42.436984, -75.0648421 42.4374907, -75.02433 42.4496516, -75.0291365 42.4658625, -75.045616 42.4638364, -75.0463026 42.4790308, -75.0723952 42.4780179, -75.0799483 42.4967529, -75.099861 42.495234))",false,null
509,"Orange, VA",3952,VA: Orange,"POLYGON ((-78.1513353 38.2663221, -78.1231828 38.2118512, -78.031859 38.2247985, -78.0641313 38.2927338, -78.1647249 38.2787206, -78.1513353 38.2663221))",true,null
568,"Orangeburg, SC",4017,SC: Orangeburg,"POLYGON ((-80.843765 33.424567, -80.775101 33.519646, -80.776958 33.520369, -80.753924 33.553622, -80.790067 33.605776, -80.862351 33.605776, -80.898494 33.553622, -80.87935 33.525984, -80.927536 33.469256, -80.843765 33.424567))",true,null
169,"Orlando, FL",3406,FL: Altamonte Springs,"POLYGON ((-81.411323 28.7037664, -81.4107222 28.613915, -81.3091327 28.6126182, -81.311536 28.7060089, -81.411323 28.7037664))",true,null
169,"Orlando, FL",3405,FL: Apopka,"POLYGON ((-81.551761324334336 28.7063891932191, -81.550148652482122 28.680338633034559, -81.5087751 28.6647137, -81.508713 28.586741, -81.4281966 28.5870904, -81.411014 28.6038444, -81.4107222 28.613915, -81.411323 28.7037664, -81.4109282 28.7114352, -81.5088631 28.708947, -81.5461169728515 28.713461268031317, -81.551761324334336 28.7063891932191))",true,null
169,"Orlando, FL",3836,FL: Clermont,"POLYGON ((-81.70120304323744 28.482227181610803, -81.8749103445905 28.54800105536019, -81.76626420690746 28.63979622856103, -81.65146828784614 28.557004125496434, -81.70120304323744 28.482227181610803))",true,null
169,"Orlando, FL",3823,FL: Davenport,"POLYGON ((-81.617533 28.348814, -81.618185 28.349487, -81.653946 28.348039, -81.650078 28.375442, -81.64395 28.418839, -81.648476 28.425732, -81.72076 28.425732, -81.756903 28.370665, -81.72076 28.315569, -81.67623 28.315569, -81.671752 28.256411, -81.718444 28.195911, -81.714324 28.194701, -81.739043 28.182597, -81.729084 28.160569, -81.729034 28.160569, -81.728993 28.160569, -81.701907 28.100633, -81.671132 28.032496, -81.664748 28.018195, -81.663597 28.015619, -81.663579 28.015569, -81.663512 28.01542, -81.622126 27.902757, -81.622192 27.902656, -81.620873 27.899057, -81.624531 27.899075, -81.627285 27.894859, -81.591143 27.839518, -81.518858 27.839518, -81.483825 27.893161, -81.436318 27.890322, -81.445287 27.956983, -81.487216 28.013904, -81.457175 28.083897, -81.374907 28.085116, -81.408357 28.124457, -81.428681 28.136358, -81.429094 28.153113, -81.410514 28.18284, -81.419013 28.203299, -81.415428 28.227155, -81.414091 28.242527, -81.431589 28.241935, -81.43175 28.242207, -81.431887 28.242203, -81.438629 28.253677, -81.457324 28.274716, -81.462463 28.281333, -81.47122 28.292606, -81.503272 28.292601, -81.519293 28.292599, -81.537292 28.29183, -81.569124 28.290471, -81.59078 28.304772, -81.596179 28.308449, -81.60772 28.316311, -81.614358 28.325502, -81.614415 28.32558, -81.614682 28.32858, -81.615346 28.336043, -81.615899 28.344326, -81.616099 28.347335, -81.617533 28.348814))",true,null
169,"Orlando, FL",3833,FL: Deland,"POLYGON ((-81.347769185982557 28.998418897753094, -81.246962733760228 28.985192752616104, -81.246962733760228 29.084347575746587, -81.370450637732546 29.095358895923109, -81.347769185982557 28.998418897753094))",true,null
169,"Orlando, FL",3409,FL: Downtown Orlando,"POLYGON ((-81.4107222 28.613915, -81.411014 28.6038444, -81.4281966 28.5870904, -81.4271667 28.5334153, -81.3413334 28.5328543, -81.2823921 28.5327158, -81.2827354 28.6124652, -81.3091327 28.6126182, -81.4107222 28.613915))",true,null
169,"Orlando, FL",4768,FL: Horizon West / Disney,"POLYGON ((-81.64217318385441 28.49535370831633, -81.64249174879241 28.428201838874475, -81.65379226633655 28.348163766968096, -81.61812564073537 28.349607764868303, -81.61596537386822 28.34737894886389, -81.604407405898 28.348009252059907, -81.56166683937309 28.358970621426206, -81.51900648098166 28.390326940042257, -81.49794799857715 28.40574323255806, -81.47696998244308 28.421161999915476, -81.51628701791417 28.465679802620148, -81.53417705614028 28.485748679057856, -81.56879255732012 28.490738358284144, -81.5958971528949 28.49167160661908, -81.64217318385441 28.49535370831633))",true,null
169,"Orlando, FL",3415,FL: Kissimmee Orlando,"POLYGON ((-81.4769238 28.421168, -81.5616648 28.3589604, -81.60440838706528 28.348007930432264, -81.6159672124344 28.347375947332328, -81.61521159918803 28.336051128478154, -81.61428285613688 28.32561897675098, -81.60761854187744 28.316392084604562, -81.59069883965752 28.304866317561235, -81.56908204439084 28.290591736678824, -81.51929579474873 28.29271776269299, -81.47114874475182 28.292724187829723, -81.4335325 28.4193511, -81.4769238 28.421168))",true,null
169,"Orlando, FL",3407,FL: Lake Mary/Sanford,"POLYGON ((-81.281495 28.815568, -81.310335 28.827599, -81.361146 28.826547, -81.362005 28.792102, -81.383977 28.792553, -81.385179 28.720318, -81.410791 28.711483, -81.411182 28.703888, -81.311536 28.706127, -81.311498 28.706126, -81.304498 28.727844, -81.266046 28.731457, -81.257405 28.744356, -81.249592 28.732492, -81.177308 28.732492, -81.141165 28.78737, -81.177308 28.84222, -81.249592 28.84222, -81.26786 28.8145, -81.281495 28.815568))",true,null
169,"Orlando, FL",4811,FL: Lakeland,"POLYGON ((-81.823335 27.95152, -81.824672 27.97854, -81.833736 28.160341, -82.045068 28.167687, -82.057949 27.924948, -81.992788 27.89281, -81.914859 27.896147, -81.878756 27.840868, -81.806472 27.840868, -81.770329 27.896208, -81.772691 27.899824, -81.820764 27.900067, -81.823326 27.95152, -81.823335 27.95152))",true,null
169,"Orlando, FL",3835,FL: Mt Dora,"POLYGON ((-81.5666205228926 28.9097418242039, -81.58584659722759 28.762975392433496, -81.68285557180451 28.772252048952346, -81.71249188218485 28.727248160084145, -81.78477679781514 28.727248160084145, -81.8209192556303 28.78212929, -81.80331248340488 28.808854139848773, -81.78750448881112 28.815779646986183, -81.76551142723567 28.808553240563306, -81.75442041950402 28.81705642941474, -81.7536867576608 28.83698155681791, -81.7268385574725 28.83698155681791, -81.71493595347668 28.90733748683521, -81.5666205228926 28.9097418242039))",true,null
169,"Orlando, FL",3416,FL: North Kissimee,"POLYGON ((-81.4335325 28.4193511, -81.47114760533056 28.29272262038607, -81.45721520015964 28.27478613260093, -81.4385147 28.2537415, -81.43180694660795 28.242324486466067, -81.42616452575716 28.242495213965192, -81.41378745156617 28.262620198222425, -81.4091369353427 28.285584127929866, -81.39878451683178 28.291074296439877, -81.39162934521161 28.28769890949025, -81.39218658196283 28.25147765775246, -81.37162724355828 28.245539781350143, -81.35733229873046 28.26722082765193, -81.34402194892579 28.273912414647207, -81.339802353125 28.27621609625297, -81.3298554526367 28.280863663254248, -81.32128413710937 28.28550829697805, -81.30198939380729 28.34905515665048, -81.29646509085977 28.402654105319893, -81.4335325 28.4193511))",true,null
169,"Orlando, FL",3414,FL: Oak Ridge/Sky Lake,"POLYGON ((-81.5161715 28.465791, -81.4769238 28.421168, -81.4335325 28.4193511, -81.3465452 28.4114641, -81.3501501 28.448449, -81.3710308 28.4731158, -81.4803791 28.472814, -81.5161715 28.465791))",true,null
169,"Orlando, FL",4769,FL: Okahumpka,"POLYGON ((-81.922709858075521 28.756660285676166, -81.939133863365512 28.747514925373515, -81.898295796157925 28.700608053240739, -81.86300637938615 28.696130363937272, -81.838148425433673 28.7239668027575, -81.863228325403554 28.761719077059571, -81.880762060780754 28.7621082047045, -81.895854389966146 28.756076563204175, -81.899849418279956 28.758216862980014, -81.917827045691979 28.763470140038244, -81.922709858075521 28.756660285676166))",true,null
169,"Orlando, FL",3834,FL: Orange City,"POLYGON ((-81.340208702065866 28.969036196667954, -81.340208702065866 28.8609425560909, -81.141115958926818 28.845491416675763, -81.13859579762125 28.955806294588278, -81.340208702065866 28.969036196667954))",true,null
169,"Orlando, FL",3413,FL: Southeast Orlando,"POLYGON ((-81.3413334 28.5328543, -81.3427066 28.4951446, -81.3710308 28.4731158, -81.3501501 28.448449, -81.3116121 28.4485245, -81.3108319 28.4142236, -81.3002754 28.4155011, -81.3015236 28.4484281, -81.2771645 28.4445918, -81.276172669747382 28.378262727376203, -81.23797410137378 28.355346481777406, -81.224494 28.4268635, -81.219854270574658 28.529981846783127, -81.2823921 28.5327158, -81.3413334 28.5328543))",true,null
169,"Orlando, FL",3412,FL: Southwest Orlando,"POLYGON ((-81.4796924 28.5331559, -81.516753937328886 28.519844896503308, -81.513498687369633 28.467553224263813, -81.4803791 28.472814, -81.3710308 28.4731158, -81.3427066 28.4951446, -81.3413334 28.5328543, -81.4271667 28.5334153, -81.4796924 28.5331559))",true,null
169,"Orlando, FL",3605,FL: St Cloud,"POLYGON ((-81.35755549654233 28.2671295491266, -81.32147812398684 28.28504380174859, -81.3082369606553 28.266284462805856, -81.29710670742007 28.260706725006134, -81.28117893123866 28.258678384339895, -81.26659446148217 28.261382829984058, -81.25834272201467 28.26746758177829, -81.24085915719382 28.267557284670083, -81.24030288744463 28.25016327190723, -81.1684050033125 28.24852478283238, -81.1296399570227 28.18290322789728, -81.29426105311768 28.19526779221685, -81.3226308103272 28.224189465165203, -81.33375620531135 28.247713182935417, -81.35755549654233 28.2671295491266))",true,null
169,"Orlando, FL",3410,FL: Union Park,"POLYGON ((-81.18819564156068 28.591490243397928, -81.18650256781514 28.59406509640036, -81.11421765218485 28.59406509640036, -81.07807519436967 28.53908539, -81.09150694437837 28.518645767982413, -81.09535841776939 28.518569929900213, -81.09468180680756 28.513813875890943, -81.0961642497732 28.51155763792116, -81.10100099799973 28.512102518613297, -81.10130158327178 28.503738382302508, -81.10130158327178 28.5037383823025, -81.10130158327178 28.503738382302487, -81.11421765218485 28.484076977151975, -81.18650256781514 28.484076977151975, -81.20455579233692 28.511557367174706, -81.2179180689526 28.5123238494583, -81.21653322782605 28.52978531848082, -81.2179013037317 28.53186713465747, -81.27851316063129 28.532664755368195, -81.28225783652562 28.532828458410243, -81.28260013955519 28.612346262262257, -81.18828289415607 28.611897103484356, -81.18819564156068 28.591490243397928))",true,null
169,"Orlando, FL",3411,FL: West Orlando,"POLYGON ((-81.593972 28.5707, -81.603806 28.56885, -81.648095 28.560407, -81.646722 28.541408, -81.613419 28.541408, -81.59591 28.491934, -81.568444 28.491029, -81.532052 28.515166, -81.487904 28.530335, -81.479719 28.533274, -81.427304 28.533533, -81.428329 28.586972, -81.508848 28.586622, -81.508901 28.653745, -81.576302 28.653745, -81.612445 28.598797, -81.593972 28.5707))",true,null
169,"Orlando, FL",4812,FL: Winter Haven / Auburndale,"POLYGON ((-81.833524095078687 28.160689245040292, -81.833619462444716 28.160706060749607, -81.820635078937286 27.900185519339203, -81.621058337160477 27.899176622969414, -81.663724327300812 28.015578352781969, -81.67125767908108 28.032451836274038, -81.729084443681842 28.160450674281591, -81.833524095078687 28.160689245040292))",true,null
169,"Orlando, FL",3408,FL: Winter Springs/Oviedo,"POLYGON ((-81.311536 28.7060089, -81.3091327 28.6126182, -81.2827354 28.6124652, -81.1882834 28.6120154, -81.1882834 28.6498338, -81.1724907 28.6502857, -81.1735207 28.6799582, -81.2013297 28.6793558, -81.202703 28.698631, -81.2476782 28.6981793, -81.2567761 28.7048044, -81.311536 28.7060089))",true,null
1167,"Osage Beach, MO",4889,MO: Osage Beach,"POLYGON ((-92.640933 38.110092, -92.568649 38.110092, -92.532506 38.159331, -92.568649 38.208537, -92.640933 38.208537, -92.677076 38.159331, -92.640933 38.110092))",false,null
911,"Oscoda, MI",4480,MI: Oscoda,"POLYGON ((-83.2846882 44.6659069, -83.3063175 44.6683487, -83.3207371 44.6434383, -83.2994511 44.6385526, -83.2846882 44.6659069))",true,null
1131,"Oswego, NY",4711,NY: Oswego,"POLYGON ((-76.4828213 43.4782854, -76.5504558 43.4516229, -76.5089138 43.4290627, -76.4797314 43.4275667, -76.4677151 43.4310573, -76.4766414 43.4447685, -76.4656551 43.4480088, -76.4656551 43.4599717, -76.4677151 43.4709357, -76.4828213 43.4782854))",false,null
851,"Owosso, MI",4418,MI: Owosso,"POLYGON ((-84.2105029 43.0588924, -84.2091296 42.978568, -84.0690539 42.9544502, -84.078667 43.0568855, -84.2105029 43.0588924))",true,null
1027,"Oxford, NC",4604,NC: Oxford,"POLYGON ((-78.6103997 36.3295107, -78.6076531 36.2940993, -78.5678276 36.296313, -78.5678276 36.3261916, -78.6103997 36.3295107))",true,null
533,"Paintsville, KY",3974,KY: Paintsville,"POLYGON ((-82.8587896 37.8689797, -82.856043 37.5843989, -82.6143438 37.6735837, -82.8587896 37.8689797))",true,null
991,"Palatka, FL",4567,FL: Palatka,"POLYGON ((-81.6624998 29.6683514, -81.6947722 29.6420963, -81.6746878 29.6200128, -81.6504835 29.6191174, -81.636579 29.6377695, -81.6261076 29.6511968, -81.6624998 29.6683514))",true,null
677,"Palestine, TX",4165,TX: Palestine,"POLYGON ((-95.6179391 31.8112626, -95.7168161 31.7680732, -95.6275522 31.7073405, -95.5753671 31.7750782, -95.6179391 31.8112626))",true,null
342,"Palm Bay, FL",3824,FL: Palm Bay,"POLYGON ((-80.729674008705175 28.103023090045856, -80.6884752779874 27.877469714964864, -80.456389094943731 27.881111413873327, -80.555266048666454 28.10665717694873, -80.729674008705175 28.103023090045856))",true,null
342,"Palm Bay, FL",3825,FL: Palm Shores,"POLYGON ((-80.731948521963517 28.110990090248343, -80.574020054211928 28.113412648596103, -80.597366001618681 28.40855325603205, -80.812972692375226 28.419423942225684, -80.835975396987649 28.3496509894464, -80.795806611094008 28.253222462208655, -80.731948521963517 28.110990090248343))",true,null
342,"Palm Bay, FL",3826,FL: Port St John,"POLYGON ((-80.821212438518785 28.422184673430596, -80.747054723226725 28.41735352106906, -80.810226110327363 28.66948552380855, -80.900863317906541 28.682738894032024, -80.8843838710652 28.547717186325023, -80.821212438518785 28.422184673430596))",true,null
703,"Palm Springs, CA",4203,CA: Palm Springs,"POLYGON ((-116.6734095 33.8233766, -116.2861415 33.5605741, -116.0609217 33.7069286, -116.604745 33.973839, -116.6734095 33.8233766))",true,null
47,"Panama City, FL",3648,FL:Panama City,"POLYGON ((-85.732308300408334 30.190213065759679, -85.734267503469539 30.171578567159244, -85.61798598295826 30.1306576593949, -85.560129056524588 30.109522781411346, -85.5245885908585 30.156233445866235, -85.556778032899373 30.249498834411931, -85.652783846964752 30.2649435337713, -85.68390394906308 30.223904817455956, -85.732308300408334 30.190213065759679))",true,null
47,"Panama City, FL",3647,FL:Panama City Beach,"POLYGON ((-85.866972 30.235072, -85.897638 30.251129, -86.11679 30.352109, -86.170072 30.329762, -85.88533 30.207597, -85.890899 30.19926, -85.854756 30.145141, -85.782471 30.145141, -85.775647 30.155361, -85.74433 30.134632, -85.749822 30.187264, -85.754169 30.187524, -85.746329 30.19926, -85.782471 30.25335, -85.854756 30.25335, -85.866972 30.235072))",true,null
35,"Paris, TX",4156,TX: Paris,"POLYGON ((-95.5922535 33.7167889, -95.6114796 33.6299309, -95.4961231 33.6070589, -95.4082325 33.6505104, -95.4329517 33.6985103, -95.5922535 33.7167889))",true,null
922,"Payson, AZ",4498,AZ: Payson,"POLYGON ((-111.327055 34.270506, -111.3723736 34.270506, -111.3813 34.229073, -111.3174419 34.2154468, -111.2425976 34.2387236, -111.2432842 34.265399, -111.327055 34.270506))",true,null
793,"Penn Valley, CA",4353,CA: Penn Valley,"POLYGON ((-121.2201798 39.2456725, -121.2085068 39.1855572, -121.181041 39.1770412, -121.1673081 39.1956687, -121.1872208 39.261092, -121.2201798 39.2456725))",true,null
904,"Pennsboro, WV",4473,WV: Pennsboro,"POLYGON ((-81.0187277 39.2963306, -81.0036215 39.259124, -80.9033713 39.2655037, -80.9267172 39.3090826, -81.0187277 39.2963306))",true,null
53,"Pensacola, FL",3631,FL: Milton,"POLYGON ((-87.016922 30.572969, -87.010381 30.65881, -87.119757 30.659643, -87.144195 30.696047, -87.21648 30.696047, -87.252622 30.642202, -87.21648 30.588328, -87.192092 30.588328, -87.126478 30.529316, -87.077423 30.530724, -87.016922 30.572969))",true,null
53,"Pensacola, FL",3630,FL: Pensacola,"POLYGON ((-87.25659 30.388077, -87.250497 30.391855, -87.233016 30.397668, -87.203825 30.400819, -87.175589 30.419623, -87.147603 30.490641, -87.150183 30.493624, -87.150107 30.493737, -87.159651 30.507979, -87.160114 30.514993, -87.165284 30.518916, -87.167911 30.520305, -87.18625 30.547664, -87.204352 30.547664, -87.273644 30.60945, -87.321064 30.606635, -87.350489 30.465984, -87.354487 30.462575, -87.356311 30.460923, -87.35814 30.459598, -87.358559 30.457289, -87.360206 30.454218, -87.356521 30.452817, -87.354596 30.45118, -87.426503 30.397565, -87.411218 30.342171, -87.401799 30.318387, -87.360734 30.338764, -87.326258 30.335016, -87.331258 30.36275, -87.322046 30.366951, -87.315939 30.370225, -87.295495 30.375282, -87.288682 30.37256, -87.281235 30.372702, -87.2761 30.373862, -87.272486 30.372398, -87.270764 30.373003, -87.269238 30.374667, -87.268489 30.379019, -87.25659 30.388077))",true,null
53,"Pensacola, FL",3644,FL:Navarre,"POLYGON ((-87.148668 30.368265, -87.176187 30.368988, -87.162264 30.350967, -87.120838 30.366068, -86.994307 30.385026, -86.969959 30.348641, -86.897674 30.348641, -86.863985 30.398983, -86.833294 30.400702, -86.853911 30.43813, -86.884057 30.436292, -86.897674 30.456626, -86.969959 30.456626, -87.001175 30.410008, -87.007991 30.406317, -87.048906 30.39694, -87.08286 30.402574, -87.130848 30.383919, -87.148668 30.368265))",true,null
623,"Peoria, IL",4082,IL: Peoria,"POLYGON ((-89.7305286 40.8862177, -89.7470081 40.4967838, -89.3981922 40.4758944, -89.3624866 40.7927116, -89.7305286 40.8862177))",true,null
546,"Perry, MI",3988,MI: Perry,"POLYGON ((-84.2398245 42.8475266, -84.2844565 42.8228538, -84.2569907 42.7976674, -84.2075522 42.8011941, -84.1945059 42.8294006, -84.2048056 42.8540708, -84.2398245 42.8475266))",true,null
1063,"Peru, IL",4643,IL: Peru,"POLYGON ((-89.1783129 41.3811388, -89.1810595 41.3151585, -89.0711962 41.3151585, -88.980559 41.3460951, -88.9915454 41.3914422, -89.1783129 41.3811388))",true,null
910,"Petersburg, WV",4479,WV: Petersburg,"POLYGON ((-79.1567191 39.0455765, -79.1677054 38.9719455, -79.0523489 38.9548607, -79.0262564 39.0199744, -79.1567191 39.0455765))",true,null
1170,"Petoskey, MI",4898,MI: Petoskey,"POLYGON ((-84.997925 45.329774, -84.92564 45.329774, -84.889497 45.373766, -84.92564 45.417725, -84.997925 45.417725, -85.034067 45.373766, -84.997925 45.329774))",false,null
811,"Phelan, CA",4372,CA: Phelan,"POLYGON ((-117.5906844 34.4622958, -117.5899978 34.4191166, -117.5208182 34.4195414, -117.5218482 34.462862, -117.5906844 34.4622958))",true,null
1124,"Phelps, NY",4704,NY: Phelps,"POLYGON ((-77.0961252 42.9834269, -77.0974985 42.9507677, -77.0398203 42.9437311, -77.0363871 42.9733798, -77.0961252 42.9834269))",false,null
204,"Philadelphia, PA",3533,DE: Wilmington,"POLYGON ((-75.754101 39.557799, -75.734755 39.583628, -75.596373 39.585275, -75.616286 39.603794, -75.610792 39.623365, -75.599119 39.642403, -75.561354 39.660906, -75.525648 39.69737, -75.511915 39.721669, -75.498869 39.750711, -75.47621 39.781851, -75.421554 39.806592, -75.495268 39.837665, -75.62754 39.837769, -75.730939 39.782261, -75.730957 39.782267, -75.731642 39.722725, -75.78932 39.721141, -75.787407 39.65426, -75.826386 39.65426, -75.831763 39.647089, -75.864162 39.647089, -75.900305 39.59887, -75.864162 39.550618, -75.791878 39.550618, -75.786501 39.557799, -75.754101 39.557799))",true,null
204,"Philadelphia, PA",3540,NJ: Camden,"POLYGON ((-74.8517857000001 39.8750393000001, -74.88286575270736 39.87534766309754, -74.88286575270736 39.875451941510654, -74.93697474718257 39.87564070803518, -74.95780831960278 39.875753304372886, -74.9578382700103 39.875713493109494, -75.00139911051782 39.87586546043756, -75.03411624148045 39.875979597935164, -75.03425290016175 39.87587971530673, -75.03425290016175 39.87587971530673, -75.04668436125179 39.86679306124121, -75.04668436125203 39.86679306124105, -75.0629138361112 39.85492847497584, -75.13084211187075 39.89231629610924, -75.12848162797101 39.899027910924175, -75.13655786727257 39.899027910924175, -75.13219925129927 39.911373079311986, -75.14181780133141 39.928497979411524, -75.13941879767893 39.95241015333769, -75.13360826053231 39.96315177998846, -75.10620022493814 39.974967306422116, -75.08066014706932 39.97931180054394, -75.07673040909528 39.98216859212269, -75.07178982159816 39.97561125663356, -75.06469884780483 39.97969269754773, -74.91921048328989 39.95868927201938, -74.91886683229558 39.93551041081403, -74.8528139345546 39.935246671391745, -74.8517857000001 39.8750393000001))",true,null
204,"Philadelphia, PA",3538,NJ: Deptford,"POLYGON ((-75.1308796 39.8922097, -75.1349994 39.8795646, -75.1789448 39.875349, -75.2194568 39.8537403, -75.2688953 39.8416153, -75.269582 39.7751536, -75.1144001 39.7772645, -75.0615284 39.8115573, -75.0629017 39.8547945, -75.1308796 39.8922097))",true,null
204,"Philadelphia, PA",3537,NJ: Trenton,"POLYGON ((-74.691977 40.311524, -74.690408 40.309451, -74.718382 40.288653, -74.816229 40.288129, -74.843695 40.256433, -74.835798 40.247786, -74.809362 40.238614, -74.772283 40.220528, -74.761297 40.203224, -74.752714 40.185916, -74.737264 40.181194, -74.732768 40.176934, -74.720098 40.16493, -74.718725 40.147349, -74.741384 40.131864, -74.674093 40.131339, -74.668665 40.17442, -74.60111 40.17442, -74.564968 40.222235, -74.596385 40.263772, -74.58355 40.263772, -74.547407 40.311524, -74.578127 40.352086, -74.577995 40.35226, -74.614138 40.39995, -74.686422 40.39995, -74.722565 40.35226, -74.691845 40.311699, -74.691977 40.311524))",true,null
204,"Philadelphia, PA",4930,NJ: Twin Rivers,"POLYGON ((-74.57846 40.270498, -74.58355 40.263772, -74.596385 40.263772, -74.564968 40.222235, -74.56554 40.221479, -74.506368 40.221479, -74.4904 40.242593, -74.485064 40.242593, -74.448921 40.29036, -74.485064 40.338093, -74.557348 40.338093, -74.562438 40.331373, -74.55156 40.317009, -74.547407 40.311524, -74.57846 40.270498))",true,null
204,"Philadelphia, PA",3539,NJ: Voorhees,"POLYGON ((-75.034063 39.875876, -75.042719 39.869549, -75.046591 39.866718, -75.062802 39.854867, -75.062769 39.854849, -75.061392 39.81151, -75.11435 39.777162, -75.114399 39.777161, -75.17656 39.776315, -75.206935 39.73587, -75.186038 39.708031, -75.186918 39.706859, -75.150775 39.658682, -75.078491 39.658682, -75.042348 39.706859, -75.049542 39.716445, -75.024793 39.706779, -74.883 39.706515, -74.883 39.805419, -74.821321 39.805419, -74.785178 39.853493, -74.821321 39.901534, -74.852103 39.901534, -74.851649 39.874935, -74.883 39.875246, -74.883 39.875349, -74.921443 39.875483, -75.034063 39.875876))",true,null
204,"Philadelphia, PA",3541,NJ: Willingboro,"POLYGON ((-74.8283469 40.1159153, -74.8331534 40.0922814, -74.8482596 40.0815121, -74.8685156 40.079935999999996, -74.9076544 40.0660119, -74.9248206 40.0686393, -74.9625861 40.0494569, -75.007218 40.0176494, -75.0326239 40.0108129, -75.0470435 39.9942444, -75.0645529 39.9797767, -74.919077 39.9587751, -74.9187336 39.9356132, -74.8528157 39.93535, -74.8537528 39.955306, -74.7960745 39.9542533, -74.7819983 39.9700421, -74.7325598 39.9700421, -74.7332465 40.0092351, -74.7847449 40.0505081, -74.7844016 40.1185408, -74.8221671 40.1248416, -74.8283469 40.1159153))",true,null
204,"Philadelphia, PA",3529,PA: Bala Cynwyd/ Wayne,"POLYGON ((-75.3972693 40.0748071, -75.3972693 40.0656115, -75.4106589 40.0656115, -75.4106589 40.0577287, -75.4264518 40.0577287, -75.4264518 40.0456398, -75.4259289 40.0368231, -75.3783866 40.0367031, -75.3522398 39.9952018, -75.3414252 39.9781363, -75.3400519 39.9473484, -75.3234549 39.9475357, -75.3237983 39.9543787, -75.30714711872194 39.97200921275281, -75.2843162 39.9664837, -75.2233229 39.9788796, -75.1944856 39.9784197, -75.1943119 39.9871663, -75.1936789 40.0080761, -75.2335044 40.0230637, -75.2815696 40.0690577, -75.3073188 40.0690577, -75.3189917 40.0748376, -75.3972693 40.0748071))",true,null
204,"Philadelphia, PA",3592,PA: Conshohocken,"POLYGON ((-75.2335044 40.0230637, -75.1936789 40.0080761, -75.1311942 40.0313449, -75.1056167 40.0540802, -75.105445 40.1127889, -75.0840956 40.1126873, -75.0840243 40.162988, -75.1541968 40.1638388, -75.1538535 40.1465202, -75.3207084 40.1110822, -75.3189917 40.0748376, -75.3073188 40.0690577, -75.2815696 40.0690577, -75.2335044 40.0230637))",true,null
204,"Philadelphia, PA",3525,PA: Downtown Philadelphia,"POLYGON ((-75.1958568 39.8852893, -75.1731973 39.8881871, -75.1457313 39.888714, -75.1368049 39.8987236, -75.1323416 39.9113653, -75.1419547 39.9284805, -75.1395515 39.9524345, -75.1337149 39.9632243, -75.1062489 39.9750648, -75.1060773 39.985588, -75.1943119 39.9871663, -75.1944856 39.9784197, -75.2233229 39.9788796, -75.2243099 39.9432224, -75.2047833 39.9429592, -75.2106198 39.9316397, -75.2116498 39.9232147, -75.20444 39.9192651, -75.2089032 39.8884507, -75.1958568 39.8852893))",true,null
204,"Philadelphia, PA",3532,PA: Exton,"POLYGON ((-75.7062028 40.2022827, -75.7058595 40.0665796, -75.7875703 40.0655286, -75.7875703 39.9771881, -75.6832002 39.9777143, -75.6832002 39.999284, -75.6001161 39.99981, -75.6008027 40.0171659, -75.5685304 40.0176917, -75.5694438 40.0454814, -75.5683348 40.1761099, -75.5680773 40.2037791, -75.7062028 40.2022827))",true,null
204,"Philadelphia, PA",4932,PA: Glenmoore,"POLYGON ((-75.705993 40.119474, -75.706006 40.124434, -75.74027 40.169798, -75.812554 40.169798, -75.848697 40.121946, -75.812554 40.07406, -75.74027 40.07406, -75.705993 40.119474))",true,null
204,"Philadelphia, PA",3530,PA: Horsham/ Lansdale,"POLYGON ((-75.117788 40.1635, -75.084156 40.163093, -75.083944 40.169313, -75.083754 40.174893, -75.083086 40.204404, -75.082249 40.235722, -75.056394 40.2699, -75.076625 40.296632, -75.057511 40.321878, -75.093654 40.369589, -75.165938 40.369589, -75.202081 40.321878, -75.181849 40.295156, -75.197157 40.27493, -75.203935 40.27493, -75.203935 40.289597, -75.351564 40.288549, -75.350082 40.202191, -75.348818 40.132286, -75.320819 40.111166, -75.196735 40.137521, -75.15399 40.146598, -75.154334 40.163943, -75.117788 40.1635))",true,null
204,"Philadelphia, PA",3531,PA: King Of Prussia,"POLYGON ((-75.445549 40.040984, -75.426585 40.045607, -75.426587 40.045637, -75.426587 40.057832, -75.410794 40.057832, -75.410794 40.065715, -75.397404 40.065715, -75.397404 40.07491, -75.319131 40.074941, -75.320841 40.111038, -75.348952 40.132242, -75.34917 40.144302, -75.350082 40.175439, -75.393928 40.164302, -75.379303 40.183658, -75.415445 40.231467, -75.48773 40.231467, -75.488437 40.230532, -75.472266 40.209145, -75.507702 40.162257, -75.490678 40.139719, -75.491873 40.139416, -75.508151 40.162048, -75.551896 40.185378, -75.568199 40.176186, -75.5682 40.176109, -75.569309 40.045482, -75.569309 40.045469, -75.482633 40.037232, -75.445549 40.040984))",true,null
204,"Philadelphia, PA",3534,PA: Levittown,"POLYGON ((-74.8845725 40.2567124, -74.8505835 40.2567124, -74.835134 40.2430866, -74.82473592471177 40.23894839414014, -74.82180810754411 40.24281936503, -74.8094264762881 40.23852338364555, -74.77238763564236 40.22045695058593, -74.76142087608481 40.203183241872445, -74.75281903237203 40.18583722740358, -74.73734676654938 40.181108416548184, -74.72950641518011 40.17368051636079, -74.74012555218485 40.15962519683021, -74.79668150085755 40.15962519683021, -74.80183169999998 40.1523525, -74.8224311 40.1292562, -74.83251155213675 40.119623229812824, -74.8860817668254 40.12029017502021, -74.88678375344881 40.12900943787415, -74.92764082486796 40.12916760113624, -74.92747255235942 40.14131069912185, -74.95888399393135 40.141896740075694, -74.95902379321615 40.15854807005761, -74.94507669953677 40.15864646733886, -74.94520539532702 40.18766606191088, -74.93112392168061 40.18766606191088, -74.93146722168059 40.1939603714637, -74.88478223362017 40.1939603714637, -74.8841256310381 40.25091417470057, -74.88438040334484 40.25091800640489, -74.88463970286524 40.2444530548903, -74.8845725 40.2567124))",true,null
204,"Philadelphia, PA",3536,PA: Media,"POLYGON ((-75.4214194 39.8066536, -75.3378745 39.8508723, -75.3613872 39.8961754, -75.363452 39.9471409, -75.3400519 39.9473484, -75.3414252 39.9781363, -75.3522398 39.9952018, -75.40082 39.9905001, -75.497637 39.9652439, -75.4952337 39.8377683, -75.4214194 39.8066536))",true,null
204,"Philadelphia, PA",3535,PA: Newton,"POLYGON ((-74.88518503573431 40.22749253704083, -74.94343701753876 40.244476356138954, -74.98436748792811 40.22668827546408, -75.04038972291632 40.227221388770566, -75.08182342016332 40.22766977917128, -75.0840243 40.162988, -75.0840956 40.1126873, -74.9951682 40.1131386, -74.9695379934235 40.13786617437254, -74.9590179 40.1417962, -74.9591594 40.1586501, -74.9452119 40.1587485, -74.9453406 40.187769, -74.9312644 40.187769, -74.9316077 40.1940633, -74.8849158 40.1940633, -74.88426629096969 40.25040197782289, -74.88518503573431 40.22749253704083))",true,null
204,"Philadelphia, PA",3526,PA: North Philadelphia,"POLYGON ((-75.1936789 40.0080761, -75.1943119 39.9871663, -75.1060773 39.985588, -75.1062489 39.9750648, -75.0807258 39.9794064, -75.0673362 39.9891397, -75.0572081 40.0061038, -75.0469085 40.0145185, -75.0280257 40.0213547, -75.017211 40.022275, -75.0168677 40.0313449, -75.1311942 40.0313449, -75.1936789 40.0080761))",true,null
204,"Philadelphia, PA",3527,PA: Northeast Philadelphia,"POLYGON ((-75.1056167 40.0540802, -75.1311942 40.0313449, -75.0168677 40.0313449, -75.0053664 40.0312135, -74.9779006 40.0509266, -74.9713775 40.058022, -74.9610778 40.061438, -74.9274321 40.0743122, -74.8978961 40.0754971, -74.8625249 40.0871279, -74.8475868 40.0997814, -74.8380634 40.1055876, -74.832618 40.1195215, -74.8862086 40.1201887, -74.8869105 40.1289069, -74.927777 40.1290651, -74.9276087 40.1412102, -74.9590179 40.1417962, -74.96978982897119 40.13786617437189, -74.9951682 40.1131386, -75.0840956 40.1126873, -75.105445 40.1127889, -75.1056167 40.0540802))",true,null
204,"Philadelphia, PA",3528,PA: Springfield,"POLYGON ((-75.2843162 39.9664837, -75.30714711872191 39.971482994166855, -75.3237983 39.9543787, -75.3234549 39.9475357, -75.3400519 39.9473484, -75.363452 39.9471409, -75.3613872 39.8961754, -75.3378745 39.8508723, -75.3145286 39.8614144, -75.2503272 39.8769611, -75.2089032 39.8884507, -75.20444 39.9192651, -75.2116498 39.9232147, -75.2106198 39.9316397, -75.2047833 39.9429592, -75.2243099 39.9432224, -75.2233229 39.9788796, -75.2843162 39.9664837))",true,null
204,"Philadelphia, PA",3591,PA: West Chester,"POLYGON ((-75.6838868 39.8990062, -75.7147859 39.8990062, -75.7154961 39.8461677, -75.7752341 39.8449756, -75.7779572 39.7972626, -75.7309553 39.7823784, -75.6275819 39.8378727, -75.4952337 39.8377683, -75.497637 39.9652439, -75.4981243 39.9794003, -75.6832002 39.9777143, -75.6838868 39.8990062))",true,null
204,"Philadelphia, PA",4931,PA: West Grove,"POLYGON ((-75.775234 39.844976, -75.763202 39.845216, -75.785228 39.8745, -75.857512 39.8745, -75.893655 39.82644, -75.857512 39.778347, -75.785228 39.778347, -75.772349 39.795487, -75.777957 39.797263, -75.775234 39.844976))",true,null
194,"Phoenix, AZ",2897,AZ: Chandler,"POLYGON ((-111.9885133 33.3645291, -111.9986413 33.3420172, -112.0141767 33.3422323, -112.0147776 33.321651, -112.0552038 33.3214358, -112.0559763 33.2906624, -111.9835351 33.2915233, -111.9824193 33.254495, -111.959245 33.2547821, -111.9595025 33.2872185, -111.8966743 33.2877925, -111.89435929381008 33.20239107707938, -111.80729506008042 33.20497724162456, -111.8091268 33.3362807, -111.825263 33.3359939, -111.8256063 33.3646725, -111.8431012 33.364832, -111.9885133 33.3645291))",true,null
194,"Phoenix, AZ",2893,AZ: Downtown Phoenix,"POLYGON ((-112.1351093 33.5533416, -112.1350645 33.5324471, -112.1357364 33.4522933, -112.1350498 33.4160499, -111.9886226 33.4167663, -111.9879386 33.4576179, -112.0131066 33.4581186, -112.0127633 33.5322723, -112.0381692 33.552303, -112.1351093 33.5533416))",true,null
194,"Phoenix, AZ",2896,AZ: Gilbert/Queen Creek,"POLYGON ((-111.8256063 33.3646725, -111.825263 33.3359939, -111.8091268 33.3362807, -111.80712793448001 33.20506381407395, -111.62016907065907 33.205225231128765, -111.6199441 33.2851038, -111.6721766 33.2851429, -111.6792627 33.2894809, -111.6809793 33.3478631, -111.721663 33.3480065, -111.7223497 33.3652124, -111.8256063 33.3646725))",true,null
194,"Phoenix, AZ",2889,AZ: Glendale/Peoria,"POLYGON ((-112.4279188 33.6728495, -112.44966317239867 33.642718044204166, -112.44550865344323 33.53345097220837, -112.35933839157204 33.53251177815675, -112.1350645 33.5324471, -112.1351093 33.5533416, -112.1360944 33.669135, -112.1848463 33.6685636, -112.1855329 33.6954183, -112.2384046 33.6957039, -112.2438978 33.724549, -112.2916196 33.7242635, -112.2926496 33.6737066, -112.4279188 33.6728495))",true,null
194,"Phoenix, AZ",2890,AZ: Goodyear/Tolleson,"POLYGON ((-112.3592542 33.5321609, -112.4879663880354 33.53317816682037, -112.48921387076707 33.50807269259971, -112.49216778237482 33.413400412080264, -112.1977227 33.4143367, -112.1975346 33.4522934, -112.1357364 33.4522933, -112.1350645 33.5324471, -112.3592542 33.5321609))",true,null
194,"Phoenix, AZ",2895,AZ: Laveen/South Mountain Village,"POLYGON ((-112.1975346 33.4522934, -112.1977227 33.4143367, -112.1983929 33.3608678, -112.1685238 33.3307537, -112.0435543 33.3648822, -111.9885133 33.3645291, -111.9886226 33.4167663, -112.1350498 33.4160499, -112.1357364 33.4522933, -112.1975346 33.4522934))",true,null
194,"Phoenix, AZ",2899,AZ: Mesa,"POLYGON ((-111.786625 33.465276, -111.841041 33.46592, -111.841041 33.456366, -111.840904 33.456365, -111.842964 33.364943, -111.825606 33.364785, -111.722219 33.365326, -111.722215 33.365212, -111.673161 33.365064, -111.673869 33.364041, -111.637726 33.311742, -111.565441 33.311742, -111.529299 33.364041, -111.548068 33.391188, -111.547844 33.440928, -111.648347 33.441932, -111.648861 33.481957, -111.786539 33.481098, -111.786625 33.465276))",true,null
194,"Phoenix, AZ",2891,AZ: North Phoenix,"POLYGON ((-112.1349766 33.7161273, -112.1360944 33.669135, -112.1351093 33.5533416, -112.0381692 33.552303, -112.0064384 33.5683236, -112.0105583 33.6972429, -112.0996761 33.6985162, -112.0998831 33.715911, -112.1349766 33.7161273))",true,null
194,"Phoenix, AZ",2892,AZ: North Scottsdale,"POLYGON ((-112.0105583 33.6972429, -112.0064384 33.5683236, -111.9858125 33.5666077, -111.8726876 33.5660356, -111.8567497 33.5660351, -111.8574364 33.652386, -111.86328523045586 33.70302792918188, -111.89036901788673 33.71372835743648, -111.92650420946116 33.71406187652972, -111.92649443523884 33.69966943546081, -112.01042709003075 33.69986220284657, -112.0105583 33.6972429))",true,null
194,"Phoenix, AZ",2894,AZ: Scottsdale,"POLYGON ((-111.98581200896204 33.566495418054025, -111.87271451421735 33.56592345590574, -111.87271454618468 33.56592332270663, -111.87268801144545 33.56592332187419, -111.85661405728098 33.56592281760526, -111.85661869732012 33.56650658249188, -111.82738088436967 33.52429962, -111.86352334218483 33.47209680638278, -111.87788454154472 33.47209680638278, -111.87102074220914 33.456512947033666, -111.9879361530262 33.45773030204305, -112.01297134378176 33.458228359256644, -112.01262832852537 33.5323204863199, -112.01264918043466 33.53233692842455, -111.9857293 33.5475809, -111.98581200896204 33.566495418054025))",true,null
194,"Phoenix, AZ",2898,AZ: Tempe,"POLYGON ((-111.9879386 33.4576179, -111.9886226 33.4167663, -111.9885133 33.3645291, -111.8431012 33.364832, -111.8410413 33.4562534, -111.870971 33.4564, -111.9879386 33.4576179))",true,null
1081,"Phoenix, MD",4661,MD: Phoenix,"POLYGON ((-76.5594466 39.5491243, -76.5869124 39.5168198, -76.5038283 39.4882099, -76.4852888 39.5120523, -76.5594466 39.5491243))",true,null
532,"Pikeville, KY",3973,KY: Pikeville,"POLYGON ((-82.5649053 37.549566, -82.6500493 37.4885693, -82.4825078 37.4013447, -82.4165898 37.4994652, -82.5649053 37.549566))",true,null
1023,"Pilot Mountain, NC",4600,NC: Pilot Mountain,"POLYGON ((-80.4947712 36.395324, -80.4961444 36.3698952, -80.4460193 36.3770825, -80.4618122 36.4052722, -80.4947712 36.395324))",true,null
929,"Pima, AZ",4506,AZ: Pima,"POLYGON ((-109.8655994 32.9184048, -109.8669727 32.8754525, -109.825774 32.8742991, -109.8110111 32.8892918, -109.8116978 32.897652, -109.8655994 32.9184048))",true,null
929,"Pima, AZ",4505,AZ: Thatcher/Safford,"POLYGON ((-109.7619796 32.8606151, -109.7767424 32.8525398, -109.780519 32.8346563, -109.7757125 32.8127296, -109.7331452 32.8198064, -109.732801 32.802131, -109.7061955 32.8019488, -109.7038769 32.8298436, -109.6852469 32.8196545, -109.6805256 32.8301838, -109.6965766 32.8384064, -109.7619796 32.8606151))",true,null
848,"Pinconning, MI",4415,MI: Pinconning,"POLYGON ((-84.0399319 44.0098769, -84.0536648 43.7703723, -83.9520413 43.7703723, -83.9245754 43.9050885, -83.8614041 43.9980234, -84.0399319 44.0098769))",true,null
616,"Pine Buff, AR",4069,AR: Pine Buff,"POLYGON ((-91.9991762 34.2989281, -92.1227724 34.1785863, -92.0019228 34.1399497, -91.9057924 34.2285604, -91.9991762 34.2989281))",true,null
1051,"Pine City, MN",4628,MN: Pine City,"POLYGON ((-92.9912063 45.8774066, -92.999446 45.8247973, -92.9678603 45.8008676, -92.9486342 45.8171409, -92.9458877 45.8812308, -92.9912063 45.8774066))",true,null
984,"Pine Island Center, FL",4560,FL: Pine Island Center,"POLYGON ((-82.1580171 26.6670239, -82.1432543 26.6535237, -82.1278047 26.6200733, -82.0955324 26.4895539, -82.0639467 26.4913975, -82.1096086 26.6707055, -82.1580171 26.6670239))",true,null
380,"Pittsburgh, PA",3760,PA: Bellevue,"POLYGON ((-80.10273394121383 40.50948717795751, -80.07583947313469 40.499734761068716, -80.05414761816036 40.48466558305987, -80.0144562399321 40.4998207634904, -80.02418676164977 40.522995880016815, -80.03384708726485 40.54621633041146, -80.12569914512498 40.54603777643253, -80.13888898099104 40.51792107803119, -80.10722675251206 40.511195095020845, -80.10273394121383 40.50948717795751))",true,null
380,"Pittsburgh, PA",3749,PA: Braddock,"POLYGON ((-79.828573 40.437084, -79.849516 40.445445, -79.881102 40.427937, -79.880072 40.406503, -79.865652 40.395784, -79.844709 40.382448, -79.810755 40.401593, -79.784719 40.416269, -79.756942 40.37963, -79.684658 40.37963, -79.648515 40.4273, -79.684658 40.474937, -79.756942 40.474937, -79.774995 40.451148, -79.777495 40.452482, -79.8169 40.452238, -79.827715 40.438198, -79.828176 40.43755, -79.828205 40.437562, -79.828573 40.437084))",true,null
380,"Pittsburgh, PA",3764,PA: Carnot-Moon,"POLYGON ((-80.18870246191588 40.5337598236042, -80.16260993287848 40.52384362621069, -80.16707312863488 40.489647593419, -80.17908942490209 40.4760687618709, -80.29124281216544 40.52202982818382, -80.29357348781514 40.52202982818382, -80.3297159456303 40.56959915, -80.2943204010858 40.61615266329458, -80.26581925420078 40.5786694553899, -80.1954717285218 40.5786694553899, -80.19546225920031 40.57861707089856, -80.22841414466428 40.571612442308414, -80.21386111575909 40.55739814733446, -80.200458237619 40.54945004331828, -80.20096606040791 40.548781699269014, -80.2007187581831 40.5486313684725, -80.18870246191588 40.5337598236042))",true,null
380,"Pittsburgh, PA",3756,PA: Crafton,"POLYGON ((-80.05227087842098 40.46809528681731, -80.09282268980897 40.443354584403906, -80.11897441112575 40.4107851824326, -80.05236747558601 40.39064077058819, -80.0299674548704 40.41225625296212, -80.03090737076312 40.429322603646604, -80.0112479220849 40.4394798040007, -80.03333314235495 40.450967457433514, -80.05000206165377 40.464776539198986, -80.05227087842098 40.46809528681731))",true,null
380,"Pittsburgh, PA",3750,PA: Dormont,"POLYGON ((-79.95216334115378 40.40591024146627, -79.95409629988411 40.4193450631771, -79.95919140852911 40.426860216408535, -79.96493296010303 40.43033750888052, -79.97638740020591 40.43364737507991, -79.99613094620524 40.43122346847383, -80.01109782784988 40.4394643944532, -80.0308413738492 40.42928428028172, -80.02988604097827 40.412313998462665, -80.05218828599419 40.39055547372628, -80.03415797161963 40.37494732901457, -79.9692160345248 40.37284761263055, -79.95150416441709 40.402731171650885, -79.95128443127416 40.40423706579068, -79.95216334115378 40.40591024146627))",true,null
380,"Pittsburgh, PA",3745,PA: Downtown Pittsburgh,"POLYGON ((-80.03468185762826 40.45322548262554, -79.98089581423446 40.46183658176226, -79.97587012990648 40.43404883536954, -79.99584814096366 40.43158633653211, -80.0295215418974 40.449019694180734, -80.03468185762826 40.45322548262554))",true,null
380,"Pittsburgh, PA",3746,PA: East Liberty,"POLYGON ((-79.98078426012437 40.461219166013336, -79.97591568327775 40.4345043771859, -79.95900378475787 40.42826289673058, -79.95259776259127 40.420070074529484, -79.91031801629158 40.441135315425186, -79.90724312565159 40.48733868606344, -79.92697367392479 40.492405475630264, -79.9574663394379 40.48597448504984, -79.98078426012437 40.461219166013336))",true,null
380,"Pittsburgh, PA",3766,PA: Franklin Park,"POLYGON ((-80.12745828902726 40.592852124377394, -80.12582723220739 40.546039978846295, -80.0350967975377 40.54627085787527, -80.04553687496062 40.553996095119246, -80.04905675542156 40.596328629229085, -80.12261447699612 40.59685000606306, -80.12745828902726 40.592852124377394))",true,null
380,"Pittsburgh, PA",3767,PA: Hampton Township,"POLYGON ((-79.8862351187322 40.60084956888319, -79.834248041141 40.573468362653976, -79.80586041218486 40.573468362653976, -79.77405328026782 40.53160923374774, -79.77445428378608 40.531200378766755, -79.77360112880369 40.531014000383784, -79.7697179543697 40.52590179, -79.80586041218486 40.47830143530983, -79.80873619924611 40.47830143530983, -79.8202533308716 40.492900727689175, -79.85163387367272 40.494998670993226, -79.86263140521648 40.48506662125598, -79.88187234743934 40.48321155816328, -79.88256815282615 40.48412819987762, -79.8624765955717 40.48609291673687, -79.85142682761834 40.496071985914504, -79.850052429611 40.520889984006494, -79.84658139016281 40.52854142103938, -79.9015750983957 40.54263662806316, -79.90120798974122 40.54311982366147, -79.96272775860965 40.55911130782524, -79.95777044385095 40.58376946113052, -79.95314746385506 40.61413544321252, -79.8862351187322 40.60084956888319))",true,null
380,"Pittsburgh, PA",3763,PA: Imperial,"POLYGON ((-80.18011939315356 40.475369242392986, -80.1962555624267 40.45551811017786, -80.21925818670968 40.43095727865086, -80.31710517059994 40.42024176490393, -80.32088172085534 40.44088720606348, -80.30852210183764 40.506962227258086, -80.29410254631696 40.522100698228094, -80.18011939315356 40.475369242392986))",true,null
380,"Pittsburgh, PA",3753,PA: Jefferson Hills,"POLYGON ((-79.97462495202076 40.357022848120316, -79.89703401040953 40.320647824260114, -79.88810761889673 40.31253273439977, -79.86922486761966 40.3033693639913, -79.8678515766177 40.290538556930414, -79.92278321669646 40.247838952681434, -80.01033051807195 40.27953878311899, -79.98904450754144 40.31253273439977, -79.97462495202076 40.357022848120316))",true,null
380,"Pittsburgh, PA",3757,PA: Kennedy Township,"POLYGON ((-80.05393250738447 40.46647322285747, -80.04740937512511 40.473002783116726, -80.05255921638249 40.48344875898413, -80.07621033902593 40.499723831239514, -80.1071093798906 40.51099041171394, -80.16131621029176 40.52265472051963, -80.16310911982559 40.511177116327765, -80.16585572404492 40.48976996377855, -80.08517487767925 40.44824150989433, -80.05393250738447 40.46647322285747))",true,null
380,"Pittsburgh, PA",4941,PA: Monongahela,"POLYGON ((-79.917752 40.251751, -79.922783 40.247839, -79.954867 40.259458, -79.995867 40.259458, -80.03201 40.211669, -79.995867 40.163846, -79.923583 40.163846, -79.88744 40.211669, -79.917752 40.251751))",true,null
380,"Pittsburgh, PA",3758,PA: Moon Run,"POLYGON ((-80.166199046795413 40.489163937173281, -80.202193876191131 40.447871583408265, -80.217906269212364 40.430745659948073, -80.117790538976024 40.412093220277924, -80.0930713009406 40.443454684778708, -80.085861523180228 40.447635108428635, -80.166199046795413 40.489163937173281))",false,null
380,"Pittsburgh, PA",3751,PA: Mt Lebanon,"POLYGON ((-80.05290253913299 40.3907971170238, -80.03401978785591 40.374844388301916, -79.96929658204247 40.37275194706041, -79.97491334123934 40.35681587486801, -79.98920930010652 40.31265024822762, -79.9895251542569 40.31178632760935, -80.0765231419427 40.32734043736113, -80.06416351319496 40.35798792631115, -80.05411103494734 40.39062976382077, -80.05290253913299 40.3907971170238))",true,null
380,"Pittsburgh, PA",3747,PA: Munhall,"POLYGON ((-79.91038813626393 40.44069966952963, -79.9528488094059 40.41945371078497, -79.95106724270065 40.404306217813804, -79.943050192527 40.39684425910149, -79.89583867483768 40.36766684861566, -79.86644282420094 40.39458289620111, -79.88099228562722 40.40611505294238, -79.88128921341143 40.42781728280238, -79.91038813626393 40.44069966952963))",true,null
380,"Pittsburgh, PA",3762,PA: O'Hara Township,"POLYGON ((-79.85018622993057 40.5209092361524, -79.85155952093253 40.49611123847109, -79.86254584894829 40.48618947207675, -79.88657844148274 40.48383936517589, -79.92640388053984 40.49350038954138, -79.95798957358511 40.48671170688013, -79.9758423566107 40.51464534448363, -79.96348273759297 40.528216370067376, -79.96657264234742 40.544393617319216, -79.96382606034348 40.55848029510727, -79.84675300242563 40.52847732440239, -79.85018622993057 40.5209092361524))",true,null
380,"Pittsburgh, PA",3755,PA: Presto,"POLYGON ((-80.07624848616645 40.32814930288223, -80.12946351249275 40.339141163153826, -80.14216645426097 40.37210600043178, -80.11710389347502 40.410283193119696, -80.05427583013496 40.390935813997466, -80.06423218989924 40.35824180249173, -80.07624848616645 40.32814930288223))",true,null
380,"Pittsburgh, PA",3759,PA: Reserve Township,"POLYGON ((-80.0347064333569 40.45329890617147, -79.98069678984882 40.461894560759994, -79.9782274137839 40.465593436847286, -79.97575045558041 40.46835834636647, -79.97150145745815 40.47166320182427, -79.96779595296695 40.47532226201183, -79.95770890325649 40.48600015420416, -79.97605308539731 40.5150034911946, -80.00027379018655 40.5058626448697, -80.01420934848147 40.5003309146166, -80.01492930865935 40.499486623629195, -80.05299576762022 40.485188780282, -80.04637940687363 40.47299835063781, -80.0347064333569 40.45329890617147))",false,null
380,"Pittsburgh, PA",3761,PA: Ross Township,"POLYGON ((-80.03386390144387 40.54624936652012, -80.01463782741632 40.5003179368948, -79.97539044315081 40.515208577103714, -79.96353758241713 40.52823524725224, -79.96662748781216 40.54400323027404, -79.96370485734863 40.558482913468104, -79.96287534381318 40.5590552106565, -79.95790401773806 40.583783065425784, -79.95277018340417 40.61750373416506, -79.99246996065912 40.60873223778546, -80.0489470656347 40.59636146671389, -80.04542718625336 40.55407645723902, -80.03508253182322 40.546482416611674, -80.03386390144387 40.54624936652012))",true,null
380,"Pittsburgh, PA",3765,PA: Sewickley,"POLYGON ((-80.22818457822247 40.57155495813414, -80.21376502270178 40.55747103145848, -80.19968878993163 40.54912360243218, -80.18801581641489 40.53451309768678, -80.16192328737748 40.52485798018924, -80.13857734034399 40.51885544928694, -80.1258743985758 40.545993048261415, -80.12759101232827 40.59293599436688, -80.22818457822247 40.57155495813414))",true,null
380,"Pittsburgh, PA",3754,PA: Thompsonville,"POLYGON ((-80.01136048632341 40.279879510845674, -80.02783997834705 40.27175952297478, -80.0693820311566 40.279879510845674, -80.07693513166743 40.27123561930607, -80.11641724797404 40.26442450229096, -80.16070588278754 40.27935567008578, -80.17340882455574 40.29035547369216, -80.16791566054788 40.303709971590976, -80.12980683524323 40.33904737143419, -80.07521851791496 40.32700855721446, -79.9904177985434 40.31182612166197, -80.01136048632341 40.279879510845674))",true,null
380,"Pittsburgh, PA",3752,PA: West Mifflin,"POLYGON ((-79.95127900498728 40.4028201444497, -79.94338258172598 40.3960222965951, -79.8986397449102 40.368512964580574, -79.89825108237417 40.36902585716325, -79.89582021127838 40.367523231378335, -79.86626216880117 40.39458781632478, -79.87414183718658 40.4008336236076, -79.87364398781514 40.40149028706518, -79.87352072339094 40.40149028706518, -79.86574255746 40.3957078277896, -79.84471452198062 40.38231717706906, -79.81071054421047 40.40149028706518, -79.80135907218485 40.40149028706518, -79.7810730025846 40.37472776886951, -79.81406759330089 40.33117699959897, -79.79821093945922 40.3102375425347, -79.80135907218485 40.30607942346304, -79.87364398781514 40.30607942346304, -79.89494986161557 40.3342156674156, -79.89737733316 40.3217241911472, -79.97444379074238 40.35775234897144, -79.96975136352708 40.37106594711051, -79.96913375600502 40.3727422032514, -79.9691307128354 40.372742104857316, -79.96647369036133 40.377225899285754, -79.95127900498728 40.4028201444497))",true,null
380,"Pittsburgh, PA",3748,PA: Wilkinsburg,"POLYGON ((-79.90685087574944 40.487058936617906, -79.90994078050386 40.44160954348095, -79.88110166946252 40.42854368522241, -79.84882933091626 40.44631263090412, -79.82822996588672 40.43769005259526, -79.80385405060179 40.471912555934146, -79.8203335426254 40.492803221541195, -79.85157591292021 40.49489193051402, -79.86256224093593 40.48496998383058, -79.88693815622088 40.48261983423112, -79.90685087574944 40.487058936617906))",true,null
797,"Placerville, CA",4357,CA: Placerville,"POLYGON ((-120.74741749999997 38.7272866, -120.7704202 38.7160366, -120.77277384873315 38.715902407789635, -120.77156428436967 38.71426773, -120.80770674218483 38.6654054003086, -120.87999165781513 38.6654054003086, -120.91613411563027 38.71426773, -120.87999165781513 38.763096681335114, -120.80770674218483 38.763096681335114, -120.79810246354396 38.75012442755947, -120.78758629999999 38.7500492, -120.74741749999997 38.7272866))",true,null
715,"Pleasanton, CA",4219,CA: Pleasanton,"POLYGON ((-121.75359090053216 37.740123691063886, -121.73559005781513 37.7647752899603, -121.66330514218484 37.7647752899603, -121.6271626843697 37.715271, -121.66330514218484 37.66573361148986, -121.71621598110892 37.66573361148986, -121.85557809999997 37.56872460000001, -122.09178395555459 37.85770240152521, -122.09025581707033 37.85822560814738, -122.0093867 37.88588819999999, -121.75359090053216 37.740123691063886))",true,null
467,"Pleasantville, NY",3907,NY: Pleasantville,"POLYGON ((-73.8803084 41.1889065, -73.8717253 41.1682341, -73.8658889 41.0681389, -73.7790282 41.0546779, -73.746491024667719 41.121630312102688, -73.7742217 41.2069896, -73.8892348 41.2054398, -73.8803084 41.1889065))",true,null
820,"Plymouth, IN",4383,IN: Plymouth,"POLYGON ((-86.345511 41.4885998, -86.3592439 41.3464816, -86.2933259 41.3041982, -86.2493806 41.3402955, -86.2782197 41.3660671, -86.2672334 41.4834561, -86.345511 41.4885998))",true,null
426,"Plymouth, MA",3862,MA: Plymouth,"POLYGON ((-70.5532642 41.9263283, -70.5237651 41.8501313, -70.5500653385506 41.8188801509372, -70.5972095 41.7749323, -70.60463655127573 41.77893264448824, -70.60463672291247 41.778932866205125, -70.61041577780428 41.782045268065666, -70.73510180000001 41.8491629, -70.83616209999998 41.9283717, -70.7892947157762 41.99008809081637, -70.80289862563029 42.00759888, -70.768222359914 42.052211956077, -70.74255393054385 42.05238289289572, -70.72808256242618 42.05247926359248, -70.69339252668287 42.05271027798396, -70.6583287943697 42.00759888, -70.68244257603705 41.976556611044934, -70.67274049999999 41.9722898, -70.5532642 41.9263283))",true,null
1031,"Plymouth, NC",4608,NC: Plymouth,"POLYGON ((-76.739886 35.8761461, -76.780398 35.8410865, -76.761172 35.824386, -76.7076136 35.871695, -76.739886 35.8761461))",true,null
130,"Pocatello, ID",4079,ID: Pocatello,"POLYGON ((-112.4363587 43.2630105, -112.6725647 42.9019277, -112.4363587 42.7851256, -112.2825501 42.8979038, -112.3594544 42.9903889, -112.1836731 43.2390046, -112.4363587 43.2630105))",true,null
437,"Pocomoke City, MD",3873,MD: Pocomoke City,"POLYGON ((-75.5739153 38.1373645, -75.6473864 38.092525, -75.5670489 38.0265664, -75.4922045 38.0811758, -75.5739153 38.1373645))",true,null
887,"Point Pleasant, WV",4456,WV: Point Pleasant,"POLYGON ((-82.1289433 38.8860732, -82.1380414 38.8749819, -82.1359814 38.866562, -82.1419896 38.8384884, -82.1337498 38.836349, -82.106284 38.8772537, -82.1289433 38.8860732))",true,null
683,"Port Aransas, TX",4171,TX: Port Aransas,"POLYGON ((-96.9783198267454 28.1447694144864, -97.02812835742259 28.051269003995692, -96.9621878475865 27.929458175125706, -97.2333596 27.5581358, -97.2621987 27.5727446, -97.11251 27.828083, -97.17469475967816 27.821302802271063, -97.17535962218484 27.820284335348934, -97.18403532002847 27.820284335348934, -97.2127602 27.8171522, -97.21233629753394 27.820284335348934, -97.24764453781513 27.820284335348934, -97.28378699563031 27.87563515, -97.24764453781513 27.93095769630471, -97.20079377699192 27.93095769630471, -97.04796529999999 28.1070515, -97.01775289353752 28.164488108472796, -96.9783198267454 28.1447694144864))",true,null
401,"Port Charlotte, FL",3821,FL: Port Charlotte,"POLYGON ((-82.304189958553422 27.023989570426014, -82.024440898366521 26.870682251239248, -81.957084884103736 26.8672587543059, -81.941913979007239 26.920175230146626, -81.986955175215542 26.999734139418639, -82.162144570214011 27.124119532843334, -82.230799764285976 27.135707748010166, -82.34798720087619 27.136761162584978, -82.349171014933333 27.041914132866385, -82.304189958553422 27.023989570426014))",true,null
401,"Port Charlotte, FL",4884,FL: Venice,"POLYGON ((-82.496753 27.079876, -82.494633 27.076607, -82.496478 27.073762, -82.490289 27.064215, -82.490483 27.063916, -82.45434 27.008156, -82.382055 27.008156, -82.348955 27.059224, -82.34884 27.068431, -82.352102 27.073462, -82.351908 27.073762, -82.354028 27.077031, -82.352183 27.079876, -82.388326 27.1356, -82.460611 27.1356, -82.496753 27.079876))",false,null
867,"Port Clinton, OH",4434,OH: Port Clinton,"POLYGON ((-82.9624544 41.5136868, -82.9569613 41.4887453, -82.7210985 41.5124014, -82.7094255 41.5285957, -82.716292 41.5414454, -82.7475344 41.5463276, -82.78118 41.5365628, -82.7997195 41.5571186, -82.8161989 41.5668803, -82.8302752 41.5879401, -82.8532778 41.5848586, -82.8604876 41.5761269, -82.8519045 41.561229, -82.8701006 41.5337359, -82.9027163 41.5172858, -82.9624544 41.5136868))",true,null
942,"Port Isabel, TX",4519,TX: Port Isabel,"POLYGON ((-97.2355977 26.078379, -97.2351685 26.0653497, -97.2233239 26.0591814, -97.2102776 26.0629595, -97.2022954 26.0602609, -97.1998063 26.0681253, -97.193369 26.0688192, -97.1895066 26.0711321, -97.1953431 26.0707466, -97.1995488 26.0691276, -97.2006646 26.0722115, -97.1995488 26.0762975, -97.2076169 26.0790729, -97.2191182 26.0786103, -97.2355977 26.078379))",true,null
666,"Port Lavaca, TX",4151,TX: Port Lavaca,"POLYGON ((-96.64503598015192 28.58275941119496, -96.65555010781515 28.58275941119496, -96.6916925656303 28.63771629, -96.65555010781515 28.69264439853656, -96.58326519218485 28.69264439853656, -96.5471227343697 28.63771629, -96.58326519218485 28.58275941119496, -96.63323294740465 28.58275941119496, -96.6413937 28.5770263, -96.64503598015192 28.58275941119496))",true,null
397,"Port Richey, FL",3817,FL: Port Richey,"POLYGON ((-82.761663 28.15779, -82.748193 28.160304, -82.733639 28.16302, -82.726416 28.152497, -82.732837 28.13321, -82.734143 28.129288, -82.732835 28.109287, -82.708171 28.08172, -82.709122 28.103086, -82.671977 28.102928, -82.639617 28.104528, -82.6366 28.109138, -82.642502 28.112616, -82.64796 28.160534, -82.657592 28.175242, -82.582862 28.309303, -82.611701 28.381821, -82.674873 28.414438, -82.700965 28.39511, -82.754892 28.243562, -82.776445 28.243562, -82.812588 28.1884, -82.78501 28.14629, -82.785002 28.146292, -82.786794 28.157784, -82.765854 28.157789, -82.761663 28.15779))",true,null
55,"Port St. Lucie, FL",3396,FL: Port St. Lucie,"POLYGON ((-80.3981179 27.4663472, -80.3957146 27.3932133, -80.4128808 27.3688245, -80.431763713900253 27.265112330816507, -80.417687454337937 27.200395712286415, -80.339410027198852 27.199785002599658, -80.355202924139491 27.263891582134075, -80.2357262 27.264502, -80.3304833 27.4663473, -80.3981179 27.4663472))",true,null
55,"Port St. Lucie, FL",3829,FL: Sebastian,"POLYGON ((-80.682523592921527 27.874146042928025, -80.530076136247729 27.618075738764876, -80.450741235325665 27.624967215662885, -80.453852407910816 27.65390668101244, -80.383851024744274 27.655284559840485, -80.498964410395914 27.879646311538785, -80.682523592921527 27.874146042928025))",true,null
55,"Port St. Lucie, FL",3397,FL: Stuart,"POLYGON ((-80.3186996 27.0805076, -80.2493484 27.0805076, -80.2507217 27.1147389, -80.1686676 27.1468213, -80.1837738 27.164539, -80.1947601 27.1648445, -80.2112396 27.1874457, -80.2119262 27.1963017, -80.1995666 27.2024089, -80.2357262 27.264502, -80.3520019 27.2628519, -80.3399856 27.2204231, -80.3197296 27.1825594, -80.3186996 27.0805076))",true,null
55,"Port St. Lucie, FL",3398,FL: Vero Beach,"POLYGON ((-80.447456 27.6465459, -80.4476277 27.6238863, -80.4309765 27.6237342, -80.4313198 27.5791616, -80.417072 27.5790095, -80.417072 27.5204138, -80.4004208 27.5202615, -80.3981179 27.4663472, -80.3304833 27.4663473, -80.3702084 27.5739882, -80.3832547 27.6506515, -80.4004208 27.6506515, -80.4122654 27.6460898, -80.447456 27.6465459))",true,null
442,"Portland, ME",3878,ME: Portland,"POLYGON ((-70.2835646 43.7521244, -70.6181013 43.6466939, -70.9551039 43.4557842, -70.926716 43.3508488, -70.8202759 43.2528638, -70.7968985 43.1355703, -70.6543532 43.0617385, -70.0803176 43.7124321, -70.2835646 43.7521244))",true,null
849,"Portland, MI",4416,MI: Portland,"POLYGON ((-84.9406839 42.8999051, -84.9448038 42.8465643, -84.8555399 42.8425367, -84.8431803 42.8978931, -84.9406839 42.8999051))",true,null
165,"Portland, OR",2879,OR: Beaverton,"POLYGON ((-122.8160036 45.52493, -122.8157506 45.512538, -122.8233474 45.5125384, -122.82354 45.5010192, -122.8299868 45.5009902, -122.8304632 45.4836623, -122.8396714 45.4835886, -122.8397311 45.4686277, -122.8396929 45.4565776, -122.8230614 45.4565552, -122.7100885 45.4561562, -122.7112217 45.486041, -122.731349 45.4861915, -122.7316924 45.5041205, -122.743022 45.5041205, -122.7433653 45.5181951, -122.7775515 45.5181948, -122.7775515 45.5252908, -122.81636380789492 45.53070246074009, -122.8160036 45.52493))",true,null
165,"Portland, OR",2881,OR: Downtown Portland,"POLYGON ((-122.7433653 45.5181951, -122.743022 45.5041205, -122.7316924 45.5041205, -122.731349 45.4861915, -122.7112217 45.486041, -122.7100885 45.4561562, -122.6636715 45.4565177, -122.6686598 45.4633851, -122.6719336 45.4862038, -122.6640578 45.5024362, -122.6307555 45.5021955, -122.6308405 45.5290588, -122.6307555 45.5426067, -122.6859009 45.542526, -122.69127070151293 45.54272367523544, -122.70330438525068 45.551261847601175, -122.74712013966246 45.577897036981014, -122.75752026506305 45.57044095246684, -122.72362259585759 45.540767869151544, -122.73020526164663 45.51827093892819, -122.7433653 45.5181951))",true,null
165,"Portland, OR",4966,OR: Forest Grove,"POLYGON ((-123.002938 45.518186, -123.002872 45.523272, -123.036698 45.564304, -123.108982 45.564304, -123.145125 45.52046, -123.108982 45.476582, -123.036698 45.476582, -123.00243 45.518185, -123.002938 45.518186))",true,null
165,"Portland, OR",2884,OR: Gresham,"POLYGON ((-122.5522196 45.5769608, -122.552048 45.5288785, -122.5522186 45.4787006, -122.3977234 45.4791821, -122.3982383 45.5259841, -122.4092247 45.5259841, -122.409568 45.5494305, -122.43745670939273 45.55968538219447, -122.45992110416545 45.559033247039004, -122.5236784570746 45.565984876522435, -122.5522196 45.5769608))",true,null
165,"Portland, OR",2878,OR: Hillsboro,"POLYGON ((-122.8397311 45.4686277, -122.8396714 45.4835886, -122.8304632 45.4836623, -122.8299868 45.5009902, -122.82354 45.5010192, -122.8233474 45.5125384, -122.8157506 45.512538, -122.8160036 45.52493, -122.824067 45.5250454, -122.824067 45.5416396, -122.8434648 45.5416396, -122.8432931 45.5490934, -122.8620042 45.5490934, -122.8618325 45.5555846, -122.86205211117026 45.56461606196845, -122.8851785 45.5650796, -122.9395951 45.5650796, -122.9395951 45.5512572, -123.0025091 45.551137, -123.0029383 45.5181862, -122.9807932 45.5181283, -122.9806222 45.5106117, -122.9694642 45.5106117, -122.9696359 45.4980995, -122.9414834 45.4980995, -122.9413117 45.4905187, -122.8911866 45.4901576, -122.8908433 45.468733, -122.8397311 45.4686277))",true,null
165,"Portland, OR",2883,OR: Maywood Park,"POLYGON ((-122.565781 45.577081, -122.565952 45.582247, -122.5802 45.582368, -122.580029 45.574077, -122.611116 45.573965, -122.623221 45.578158, -122.631679 45.581423, -122.631366 45.586684, -122.613519 45.608312, -122.641347 45.608312, -122.697829 45.630156, -122.698149 45.654765, -122.719736 45.654765, -122.738057 45.63258, -122.73824 45.632678, -122.763073 45.653366, -122.787758 45.635098, -122.788563 45.616824, -122.766035 45.586363, -122.757994 45.583036, -122.750071 45.580487, -122.743395 45.576817, -122.731122 45.569968, -122.712704 45.557715, -122.686079 45.542627, -122.685898 45.54262, -122.63062 45.542701, -122.630705 45.529153, -122.552183 45.528973, -122.552354 45.576962, -122.565781 45.577081))",true,null
165,"Portland, OR",2882,OR: Montavilla/Happy Valley,"POLYGON ((-122.6310122 45.5290588, -122.6309272 45.5021955, -122.6642295 45.5024362, -122.6577208 45.4913103, -122.6521418 45.4893548, -122.6523993 45.4793053, -122.6612399 45.4750022, -122.6646731 45.4688023, -122.6571856 45.4533442, -122.6523993 45.4473097, -122.6483224 45.4450817, -122.64471151153695 45.444244014033686, -122.65515461872212 45.422451525234884, -122.48382419341225 45.42129553043157, -122.48443050861809 45.46701117803072, -122.4846355618776 45.47881426707486, -122.51333252433895 45.47878817331353, -122.55230073871041 45.4786087870332, -122.5522197 45.5288785, -122.6310122 45.5290588))",true,null
165,"Portland, OR",4813,OR: Oregon City,"POLYGON ((-122.7310898527539 45.40608750118184, -122.74386292799787 45.38942286203849, -122.76265520427518 45.37529935376225, -122.72976689301643 45.356918619629155, -122.64451317925173 45.31685242333188, -122.55935207470787 45.31800402823999, -122.57682101922968 45.364816132607544, -122.5418831301861 45.39664158858574, -122.54297493921867 45.421552630540866, -122.65454766379516 45.42237746384796, -122.65497834423503 45.41691913746279, -122.6562837940057 45.414649905463214, -122.65800513257302 45.41028822227476, -122.67844588323126 45.41307482493985, -122.68695296991865 45.412631728671464, -122.70130483463069 45.40901534823916, -122.71230454882794 45.40676191309956, -122.72313124903353 45.406330437848304, -122.7310898527539 45.40608750118184))",true,null
165,"Portland, OR",4967,OR: Sherwood,"POLYGON ((-122.796969 45.374857, -122.797228 45.402796, -122.805002 45.412248, -122.877286 45.412248, -122.913429 45.368285, -122.877286 45.324288, -122.805002 45.324288, -122.768859 45.368285, -122.774486 45.375132, -122.796969 45.374857))",true,null
165,"Portland, OR",2880,OR: Tigard,"POLYGON ((-122.8230614 45.4565552, -122.8524602942381 45.45658791736389, -122.8530387283245 45.426484673938354, -122.83960622663429 45.42335821945372, -122.8232331 45.43048, -122.7974839 45.4302993, -122.7969689 45.3748568, -122.76274481766787 45.3752756438582, -122.7438604601503 45.389456005506574, -122.73462044906385 45.40154371025198, -122.73109260864938 45.406096836556166, -122.72238630173835 45.40636968244696, -122.71230316216239 45.40676463657942, -122.70132982876959 45.40901578834857, -122.68696192143057 45.41263630848927, -122.67844179034317 45.413077385314054, -122.65801522913277 45.410310082176146, -122.65527622355532 45.42324678390076, -122.64712523194208 45.44271202853493, -122.6636715 45.4565177, -122.7100885 45.4561562, -122.8230614 45.4565552))",true,null
951,"Portland, TX",4528,TX: Portland,"POLYGON ((-97.3467801 27.8989981, -97.3307298 27.8747976, -97.3262666 27.8740389, -97.3243783 27.8680448, -97.2868703 27.8791981, -97.2909043 27.9050663, -97.3180268 27.9134095, -97.3467801 27.8989981))",false,null
792,"Portola, CA",4352,CA: Portola,"POLYGON ((-120.4816926 39.8235554, -120.5276978 39.8061504, -120.5167115 39.7623547, -120.4487336 39.8093153, -120.4617799 39.8283015, -120.4816926 39.8235554))",true,null
83,"Portsmouth, OH",4445,OH: Portsmouth,"POLYGON ((-82.9865739 38.8080956, -83.0106065 38.7326111, -82.9910371 38.7285937, -82.9731844 38.7277902, -82.9330156 38.7489461, -82.8907869 38.7585847, -82.8746507 38.7502849, -82.8684709 38.7390384, -82.8677843 38.726451, -82.8543947 38.7047527, -82.8396318 38.7050206, -82.8396318 38.7162724, -82.8197191 38.7277902, -82.8180025 38.7422519, -82.8224657 38.746804, -82.8080461 38.760191, -82.8265855 38.7671512, -82.8437517 38.7666158, -82.8368852 38.7489461, -82.8533647 38.7607264, -82.8489015 38.776252, -82.854738 38.7824077, -82.878084 38.7733077, -82.9361055 38.7743784, -82.9464052 38.8030123, -82.9865739 38.8080956))",true,null
619,"Post Falls, ID",4076,ID: Post Falls,"POLYGON ((-117.0421394 47.7439258, -117.0404143 47.6598661, -116.9930358 47.7028587, -116.866693 47.6977754, -116.7341704 47.6580162, -116.7403502 47.7808944, -116.779489 47.8159493, -116.8790526 47.8279363, -117.0421394 47.7439258))",true,null
647,"Poteau, OK",4122,OK: Poteau,"POLYGON ((-94.6534585 35.0847393, -94.6342325 35.0342946, -94.6038484 35.0404789, -94.6017885 35.0591696, -94.6239328 35.093729, -94.6534585 35.0847393))",true,null
1144,"Potsdam, NY",4724,NY: Potsdam,"POLYGON ((-74.9760773 44.6914503, -75.0121262 44.6738746, -75.0114396 44.6692357, -75.0237992 44.6553167, -75.0124696 44.651409, -74.99908 44.6540956, -74.9877503 44.6475011, -74.9503281 44.664108, -74.9760773 44.6914503))",false,null
1087,"Pottsville, PA",4667,PA: Pottsville,"POLYGON ((-76.1767265 40.7530587, -76.27835 40.6854042, -76.2110587 40.6333155, -76.0902091 40.6958171, -76.1767265 40.7530587))",true,null
462,"Poughkeepsie, NY",3900,NY: Poughkeepsie,"POLYGON ((-73.6055031 41.6124124, -73.65966599862209 41.55434328796857, -73.64746655218484 41.55434328796857, -73.61132409436969 41.50748062, -73.64746655218484 41.46058400760231, -73.71975146781514 41.46058400760231, -73.73209709487803 41.47660688116515, -73.770298 41.43557029999999, -74.06418227963053 41.17290705498464, -74.71727170252261 41.346699061759175, -74.75608210579684 41.72258185323077, -74.51945810417473 41.85137858043871, -74.11087419999998 41.8092465, -73.770298 41.8665429, -73.6055031 41.6124124))",true,null
443,"Presque Isle, ME",3879,ME: Presque Isle,"POLYGON ((-68.0705229 46.9432489, -68.0485502 46.5536846, -67.8535429 46.5593506, -67.8892484 46.976991, -68.0924955 46.9807388, -68.0705229 46.9432489))",true,null
418,"Princeton, MA",3854,MA: Princeton,"POLYGON ((-69.877217 41.852043, -70.072224 42.097073, -70.239766 42.062418, -70.190328 42.031824, -70.110677 42.044063, -70.0118 41.794733, -70.514424 41.78859, -70.596479 41.768193, -70.604739 41.778864, -70.631414 41.793229, -70.653528 41.805136, -70.690262 41.805136, -70.651956 41.785199, -70.684991 41.74824, -70.708289 41.725859, -70.697369 41.711742, -70.650126 41.711742, -70.632527 41.542374, -69.934895 41.669703, -69.877217 41.852043))",true,null
1052,"Princeton, MN",4629,MN: Princeton,"POLYGON ((-93.5995937 45.5707865, -93.5958172 45.5566049, -93.5752178 45.5554029, -93.5762478 45.5739108, -93.5752178 45.5830423, -93.5862041 45.5964965, -93.6037136 45.5943344, -93.5995937 45.5707865))",true,null
528,"Princeton, WV",3969,WV: Princeton,"POLYGON ((-81.1705276 37.3854369, -81.1650344 37.3243062, -81.0139724 37.367976, -81.1046096 37.4072572, -81.1705276 37.3854369))",true,null
786,"Prineville, OR",4346,OR: Prineville,"POLYGON ((-120.8790995 44.3273426, -120.8715464 44.2885251, -120.8035685 44.2870505, -120.8001353 44.3229216, -120.8488871 44.3347101, -120.8790995 44.3273426))",true,null
890,"Proctorville, OH",4459,OH: Proctorville,"POLYGON ((-81.8723235 39.2624013, -81.8778167 39.1708997, -81.7679534 39.1772874, -81.737741 39.270907, -81.8723235 39.2624013))",true,null
939,"Progreso , TX",4516,TX: Progreso ,"POLYGON ((-97.9584939 26.1151211, -97.9948861 26.0886065, -97.966047 26.0623944, -97.9361779 26.0688709, -97.933088 26.113888, -97.9584939 26.1151211))",true,null
370,"Providence, RI",3933,RI: Providence,"POLYGON ((-71.201899 41.724375, -71.381782 41.893527, -71.382013 41.893499, -71.381498 42.018808, -71.381543 42.018843, -71.797078 42.007338, -71.824544 41.317912, -71.110432 41.425092, -71.134043 41.650913, -71.114125 41.650913, -71.077982 41.697672, -71.114125 41.744397, -71.186409 41.744397, -71.201899 41.724375))",true,null
375,"Provo, UT",2924,UT: Lehi/American Fork,"POLYGON ((-111.81224 40.445958, -111.812583 40.48566, -111.853439 40.48566, -111.853781 40.520016, -111.853782 40.520016, -111.853783 40.520016, -111.94188 40.520798, -111.941713 40.506816, -111.941842 40.506816, -111.941849 40.506816, -111.942221 40.506818, -111.952179 40.506863, -111.981515 40.506995, -112.015148 40.462688, -111.979006 40.415043, -111.941078 40.415043, -111.94103 40.40931, -111.999726 40.40931, -112.035869 40.361627, -111.999726 40.31391, -111.927442 40.31391, -111.891299 40.361627, -111.892155 40.362757, -111.823913 40.362298, -111.823913 40.353664, -111.79988 40.353664, -111.799194 40.342413, -111.766921 40.342413, -111.766242 40.332833, -111.751212 40.332866, -111.706841 40.332964, -111.707183 40.3759, -111.729156 40.3759, -111.729842 40.388976, -111.753188 40.388976, -111.753532 40.445697, -111.81224 40.445958))",true,null
375,"Provo, UT",2925,UT: Provo,"POLYGON ((-111.7662347 40.3327306, -111.7623339 40.2937142, -111.7530642 40.2933214, -111.7530642 40.2855959, -111.7437945 40.2854649, -111.7437945 40.2782623, -111.7376147 40.2781314, -111.7376147 40.2719758, -111.7317782 40.2718449, -111.7317782 40.257174, -111.7285166 40.257305, -111.72886 40.2077676, -111.6675769 40.2076365, -111.6680918 40.14258, -111.6789065 40.1427112, -111.6783915 40.1007062, -111.6232882 40.1000497, -111.6239749 40.1382494, -111.5711032 40.1378557, -111.5723906 40.169935, -111.5844927 40.169935, -111.5846644 40.1743947, -111.5963374 40.1744603, -111.5966807 40.1857394, -111.6165934 40.1860017, -111.6174517 40.2292645, -111.6308413 40.2293956, -111.6318713 40.2942379, -111.6414843 40.2944998, -111.6413127 40.3128277, -111.6742716 40.3125659, -111.6742716 40.3329826, -111.7068398 40.3328614, -111.7662347 40.3327306))",true,null
750,"Pueblo, CO",4257,CO: Pueblo,"POLYGON ((-104.234506 38.246013, -104.583322 38.291297, -104.613534 38.407612, -104.750863 38.407612, -104.822274 38.30423, -104.716473 38.256613, -104.735121 38.231247, -104.698978 38.182056, -104.626694 38.182056, -104.605619 38.210743, -104.278451 38.187749, -104.234506 38.246013))",true,null
1090,"Quakertown, PA",4670,PA: Quakertown,"POLYGON ((-75.3733594 40.4521516, -75.3884656 40.4356907, -75.4035718 40.4155665, -75.3778226 40.40511, -75.3328473 40.417919, -75.3033216 40.4333389, -75.3139646 40.4751377, -75.3222043 40.4816664, -75.3733594 40.4521516))",true,null
626,"Quincy, IL",4086,IL: Quincy,"POLYGON ((-91.4146974 39.9553109, -91.4143541 39.893174, -91.3067224 39.8905398, -91.3014009 39.9512316, -91.4146974 39.9553109))",true,null
324,"Raleigh, NC",4771,NC: Cary,"POLYGON ((-78.813926927520853 35.809219945825568, -78.8417866013809 35.799536491940067, -78.885164134308454 35.786421349864966, -78.896452122509672 35.730225417709384, -78.870426509131192 35.691198537508171, -78.846118810411852 35.68167556484061, -78.850638261758334 35.659158413365141, -78.854043966879971 35.63890219186974, -78.830829479746725 35.632207240790706, -78.813400586380354 35.635487362331169, -78.789105236784778 35.647416523223818, -78.773769869794265 35.653102069627025, -78.76904931233689 35.676379387259985, -78.76045738100845 35.688780516871944, -78.732446416985852 35.730640082008748, -78.701256061461635 35.747257718310323, -78.7195364256176 35.746800065067468, -78.724451451645052 35.75670592239031, -78.731114423657459 35.757833096751376, -78.733762890063645 35.762264784717253, -78.736815760374242 35.7666962257901, -78.750440684098763 35.782249962319135, -78.7460216268241 35.791221835111124, -78.768847918259354 35.798612482353171, -78.78257061790562 35.802322455774359, -78.7956201345038 35.797022440656534, -78.813926927520853 35.809219945825568))",true,null
324,"Raleigh, NC",3997,NC: Central Raleigh,"POLYGON ((-78.65643040740845 35.77941222085245, -78.657909819865267 35.774627720564276, -78.654219163569763 35.770031607237868, -78.640461353646756 35.767872716411667, -78.63934441017409 35.754203312329217, -78.630037483536086 35.7527259203708, -78.625703023013415 35.752181458320031, -78.620018076270938 35.754875954972924, -78.613473274212353 35.758489703612376, -78.614620117174752 35.76728667538648, -78.613621185714166 35.788214743201024, -78.6516667967575 35.79010008912357, -78.650765583343528 35.781083376277046, -78.655314608544671 35.782545608337138, -78.65643040740845 35.77941222085245))",true,null
324,"Raleigh, NC",4817,NC: Chapel Hill,"POLYGON ((-78.96012729647633 35.901789651265418, -78.978738046713957 35.909202429625871, -78.983421605130857 35.914983148438154, -78.989103026473273 35.924990323608831, -78.998646701751738 35.950985759749535, -79.0015987554471 35.957769568571713, -79.01321400418334 35.962194993542845, -79.031293771050684 35.969762403737022, -79.074901465071193 35.97112047084191, -79.0905384466245 35.966320070513362, -79.108332253219643 35.955627220838039, -79.1107586813917 35.942313691207396, -79.090808049754727 35.902905600460393, -79.080455826918609 35.86553996369382, -78.965568328967407 35.899800304064826, -78.963140677627663 35.900513581253136, -78.96012729647633 35.901789651265418))",true,null
324,"Raleigh, NC",4819,NC: Durham,"POLYGON ((-79.00133790155552 35.95792982397219, -78.98807224544326 35.95762680909103, -78.96196375059345 35.96935005729345, -78.7801256891942 35.97638338434449, -78.76420388230521 36.05169005523884, -78.78370461416316 36.066344480943265, -78.84781228278494 36.029218592642586, -78.8688486546697 36.0599057512276, -79.0193613456297 36.060793883204774, -79.03611549553585 36.037921290748905, -79.00208637538293 35.96050702686187, -79.00133790155552 35.95792982397219))",true,null
324,"Raleigh, NC",4747,NC: East Raleigh,"POLYGON ((-78.536833609580484 35.774791879169236, -78.537788957993016 35.777030972535989, -78.538048500037036 35.778524563869624, -78.538048500037036 35.783677237584506, -78.535988563609621 35.788551081005913, -78.537018531823321 35.79133600020473, -78.5442283093193 35.791753729667228, -78.557617896097483 35.797880176166167, -78.56259607579706 35.798994024778409, -78.565514319069237 35.810827701817637, -78.576672308051087 35.810410072643215, -78.596413365480473 35.812080576162863, -78.602437270111224 35.80999244133433, -78.604203640440474 35.808437232724664, -78.607562232081435 35.805160266465073, -78.613145786866482 35.794796832605392, -78.613701405200175 35.787652351888724, -78.613726284165864 35.780248886467639, -78.595130467496 35.780076657711589, -78.571522474189038 35.783365758763161, -78.536833609580484 35.774791879169236))",true,null
324,"Raleigh, NC",4751,NC: Five Points,"POLYGON ((-78.612266584148088 35.821279872810948, -78.613826536435 35.821971770849458, -78.616252294902964 35.823021093136511, -78.620815180731427 35.825053764953516, -78.625471395904754 35.827108005058633, -78.647024509593876 35.814630268632321, -78.649729932602213 35.815211498803166, -78.651135566153371 35.815516128379443, -78.653444680555666 35.816012869667532, -78.660448098717154 35.816967269628293, -78.6612386856921 35.816953614829025, -78.656044748472851 35.80830966667402, -78.6606213348096 35.801832769183157, -78.6580857853185 35.798981157505956, -78.6565943797091 35.798110645143019, -78.656333737567138 35.797938521433977, -78.655619531903 35.797521143824916, -78.652931220444955 35.796461563279124, -78.6524981296618 35.793107089733532, -78.6518193579026 35.79063713071524, -78.65177683596059 35.790119113002255, -78.6473175782881 35.789891720685695, -78.646787632877817 35.794102844050663, -78.646291547005973 35.798237741820323, -78.641419019013213 35.80151639631589, -78.637851833108968 35.803941263400382, -78.629145644518076 35.80982213739258, -78.612266584148088 35.821279872810948))",true,null
324,"Raleigh, NC",4929,NC: Fuquay-Varina,"POLYGON ((-78.789105 35.647417, -78.813401 35.635487, -78.830829 35.632207, -78.845389 35.636406, -78.872579 35.598122, -78.836436 35.547204, -78.764152 35.547204, -78.728009 35.598122, -78.764152 35.649008, -78.784814 35.649008, -78.789105 35.647417))",true,null
324,"Raleigh, NC",4748,NC: Mordecai,"POLYGON ((-78.631176793043224 35.788904427174273, -78.613667334216544 35.788208185197313, -78.613152350253756 35.794891856228006, -78.607144202857029 35.805612404278975, -78.602509345745887 35.810206481884279, -78.608861345475731 35.818976255841761, -78.612306683021686 35.821222986114037, -78.646282994832916 35.798233480914014, -78.6473129611549 35.789879155695829, -78.631176793043224 35.788904427174273))",true,null
324,"Raleigh, NC",4773,NC: Morrisville,"POLYGON ((-78.94204065384622 35.86652041063028, -78.944888672267368 35.869846479736914, -78.9508033300406 35.87653200938216, -78.9563018474412 35.882661532496165, -78.961175298852169 35.882786485026557, -78.965543119243321 35.882860807773504, -78.9675386357067 35.812941511881078, -79.005058785889162 35.785620680786892, -79.004419615850026 35.73744154482403, -78.932913137745587 35.671085149618492, -78.904788136023328 35.683157395086809, -78.8753364884151 35.698459997607877, -78.896400088378556 35.730113764514108, -78.885358488162723 35.786467763826096, -78.843344969217284 35.799180238853275, -78.826171751189051 35.805073279426836, -78.8138813437236 35.809416409582873, -78.795402259819184 35.796950871933689, -78.782575050577719 35.802432786169589, -78.746191598624492 35.791332445647988, -78.745234945094424 35.793502557919844, -78.738241520675373 35.81668714705075, -78.742888522903158 35.821655200719505, -78.778580290927167 35.852789819448148, -78.789176549373934 35.843875182570955, -78.8409526557918 35.880463076019154, -78.842502926685583 35.871417543895681, -78.867902629018772 35.872044081917984, -78.895212992410492 35.870004134181748, -78.925219320025988 35.867763295477211, -78.936362438433846 35.866920561618471, -78.94204065384622 35.86652041063028))",true,null
324,"Raleigh, NC",4820,NC: North Durham,"POLYGON ((-78.981943734788942 36.060654816241893, -78.8688039377955 36.059949925883792, -78.8478000639747 36.029241663747108, -78.783811078391309 36.066381347433783, -78.869911351287129 36.12842876136142, -78.980073573797483 36.12842876136142, -78.981894069486174 36.062518085697455, -78.981943734788942 36.060654816241893))",true,null
324,"Raleigh, NC",4757,NC: North Raleigh,"POLYGON ((-78.604936836681674 35.813755615263545, -78.587255717597287 35.824195245850447, -78.580389262839248 35.840339170482494, -78.582449199266662 35.867331151689243, -78.5782480675138 35.875743178289525, -78.5594150778647 35.892473185470827, -78.558041810239772 35.9060272750749, -78.54890767099711 35.916529811734243, -78.546289399463248 35.919286125170274, -78.543671147290937 35.92032311528687, -78.543104977751085 35.926866850600931, -78.542682665558161 35.934916932502482, -78.645706413026417 35.9355700894478, -78.649289833366922 35.92414599551828, -78.651499962840433 35.910773799682012, -78.642906170195445 35.909718003230104, -78.632252447589551 35.904769042011857, -78.633100030289086 35.899124502726544, -78.645711773768014 35.880447727449464, -78.646718940665622 35.876542866424749, -78.642061282007759 35.867769131172984, -78.638273326377671 35.861990715128123, -78.644270075054436 35.852455285153667, -78.644601988728724 35.842222939974988, -78.638033096455516 35.833854555086369, -78.626079750169765 35.827373588946649, -78.611379820999318 35.82089209371189, -78.609056701416677 35.819323588920518, -78.604936836681674 35.813755615263545))",true,null
324,"Raleigh, NC",4759,NC: Northeast Raleigh,"POLYGON ((-78.596366 35.812205, -78.587487 35.811435, -78.576668 35.81052, -78.565405 35.810941, -78.56248 35.799081, -78.557566 35.797982, -78.544188 35.791861, -78.537019 35.791446, -78.536916 35.79144, -78.535847 35.788549, -78.537914 35.783659, -78.537914 35.778532, -78.537657 35.777057, -78.53662 35.774625, -78.536757 35.774659, -78.535928 35.764904, -78.523269 35.747109, -78.450984 35.747109, -78.414841 35.7979, -78.450984 35.848658, -78.523269 35.848658, -78.523557 35.848254, -78.5239 35.850908, -78.510698 35.860084, -78.510187 35.866964, -78.510099 35.873224, -78.50801 35.881705, -78.506345 35.89571, -78.506466 35.895701, -78.50473 35.910187, -78.503048 35.924469, -78.513159 35.930441, -78.534937 35.923477, -78.537947 35.92238, -78.540846 35.921334, -78.542555 35.920711, -78.543541 35.920266, -78.543542 35.920253, -78.543769 35.920163, -78.543816 35.920142, -78.543816 35.920144, -78.545719 35.919391, -78.54625 35.919148, -78.547224 35.918123, -78.557732 35.905962, -78.559064 35.892867, -78.559258 35.892694, -78.559285 35.892427, -78.578132 35.875684, -78.582313 35.867313, -78.580253 35.840324, -78.587142 35.824127, -78.604859 35.813666, -78.60236 35.810215, -78.602308 35.810156, -78.596434 35.812192, -78.596407 35.81219, -78.596366 35.812205))",true,null
324,"Raleigh, NC",4756,NC: Northwest Raleigh,"POLYGON ((-78.834753906774111 35.917223838410514, -78.836031295339282 35.909694907155078, -78.838041203734562 35.897720098603145, -78.839895344186374 35.888077212625788, -78.840900299165042 35.880583318285304, -78.82410601574631 35.869066324359054, -78.789204898733558 35.844031755146474, -78.749990695363138 35.8765557494072, -78.746605433660463 35.868184411512992, -78.738661045012364 35.865149216737613, -78.732717685540962 35.860022276841221, -78.731107944778515 35.855132370836259, -78.725958103709957 35.849288626192433, -78.725958103709957 35.840104728769262, -78.723898167282542 35.8328681818329, -78.736587221628071 35.830235525451755, -78.749517210915172 35.828097731418438, -78.739904669882549 35.818155631246483, -78.722009882612284 35.806699774679828, -78.716786309763918 35.805128661294219, -78.709661842447815 35.803060415721625, -78.693624681612334 35.80475071863161, -78.693759469626471 35.810100685919316, -78.689259417908545 35.818144603760857, -78.682699429184581 35.827579518370747, -78.677721250130062 35.830919767808908, -78.669996491028712 35.836069043671422, -78.668966525776511 35.85805408178382, -78.677206271472144 35.860975684825121, -78.67703461049247 35.878920313168138, -78.678846592263582 35.913685153109611, -78.679743047461514 35.918311587940408, -78.682386868870736 35.930890807207867, -78.684520253983962 35.944487525289887, -78.712990413179583 35.943159994934454, -78.730747541349842 35.95563790020659, -78.742806926521624 35.940762828147214, -78.76787500097619 35.939073650638619, -78.793249363317429 35.958286047079504, -78.82404670789316 35.942061831454055, -78.827496148464732 35.935691728420366, -78.8301542411994 35.929984949365846, -78.833651359300475 35.922443788998365, -78.834753906774111 35.917223838410514))",true,null
324,"Raleigh, NC",4758,NC: Six Forks,"POLYGON ((-78.6255743265093 35.827042431590677, -78.625574327122834 35.827122439751129, -78.630867712512014 35.82996406787359, -78.6379584373644 35.833760688162968, -78.644633183282409 35.842148727391638, -78.644307065048409 35.852451318877584, -78.638307357891719 35.861991050560839, -78.64196789873688 35.867570376086974, -78.64377976995263 35.870979389587454, -78.646706578332441 35.876585844142767, -78.645797740650124 35.880413428999816, -78.633116837393473 35.899035437692213, -78.632292756895069 35.904741719459587, -78.642933115483572 35.909787585871278, -78.651519532198449 35.910632643984165, -78.651037830757716 35.914006154494551, -78.657041112706963 35.913733962737496, -78.6654777455363 35.914362968997764, -78.669599156700713 35.914118584193375, -78.672843188369811 35.914244940421234, -78.675896485121442 35.914340401406371, -78.6766598098872 35.914410609186078, -78.677423135134 35.914666186565725, -78.679101987246327 35.915230710638788, -78.6788734918662 35.913632588205594, -78.6779504281987 35.896492222039051, -78.676951070933313 35.8793481437958, -78.677253107777659 35.860788058717588, -78.668766047636325 35.857998412872291, -78.670071267808723 35.835842616420841, -78.68224573947532 35.827757972055643, -78.689737758407617 35.816523754972543, -78.660456322895755 35.816971240587911, -78.653474030487189 35.816021610495874, -78.64703094358714 35.814634720163774, -78.6255743265093 35.827042431590677))",true,null
324,"Raleigh, NC",4818,NC: South Durham,"POLYGON ((-78.9880781708033 35.95751901354025, -79.00137260578698 35.95782989614313, -78.99798937489287 35.94976450652495, -78.98898244700017 35.924915800012656, -78.98330968975617 35.91498871805376, -78.97874746383002 35.90930086691225, -78.96003878910834 35.90178913050905, -78.96294173977894 35.900577664882235, -78.95627075477914 35.88272754756409, -78.9419191908952 35.86662280669442, -78.86778330748919 35.87214851008408, -78.84257523246546 35.87150879395168, -78.84094776302872 35.880576374759386, -78.83992242382139 35.88805614744793, -78.8369079879071 35.90486729898246, -78.83486021925145 35.917318079694816, -78.83380589512369 35.922337415842726, -78.82873536794217 35.93318969600823, -78.82745651948959 35.93598930461968, -78.82416156302037 35.9420534083735, -78.793374136763 35.95833652306002, -78.78001540886018 35.97622319809004, -78.96198631681001 35.96929488688858, -78.97852680690279 35.96181698999793, -78.9880781708033 35.95751901354025))",true,null
324,"Raleigh, NC",4745,NC: South Raleigh,"POLYGON ((-78.625596 35.751941, -78.628778 35.752457, -78.630061 35.752618, -78.639472 35.754112, -78.639474 35.754138, -78.648255 35.752219, -78.649972 35.731041, -78.647568 35.725746, -78.648703 35.724667, -78.64965 35.723282, -78.682389 35.692551, -78.70666 35.654884, -78.658593 35.637822, -78.629971 35.624375, -78.624357 35.62237, -78.633844 35.609012, -78.597701 35.558101, -78.525417 35.558101, -78.512108 35.576851, -78.469428 35.576851, -78.433285 35.62775, -78.457424 35.661727, -78.447935 35.67508, -78.484078 35.725917, -78.514038 35.725917, -78.528182 35.706704, -78.529262 35.70788, -78.554853 35.735724, -78.560526 35.741885, -78.564463 35.746256, -78.581151 35.75066, -78.597553 35.754997, -78.604892 35.756924, -78.607943 35.75778, -78.61183 35.759089, -78.613563 35.758216, -78.613571 35.758284, -78.61438 35.757857, -78.619946 35.754783, -78.622512 35.753567, -78.625596 35.751941))",true,null
324,"Raleigh, NC",4746,NC: Southeast Raleigh,"POLYGON ((-78.61381210910011 35.780090636331273, -78.6142006277519 35.771662914266443, -78.614519071964253 35.76668357040348, -78.613595251737379 35.75970378910354, -78.613448671938841 35.758402477227811, -78.611842556313078 35.759211530203125, -78.60789486954836 35.757882535332094, -78.604849441501045 35.757027286542929, -78.597511338191 35.755101407664704, -78.581108970578569 35.750763929624227, -78.564379875805955 35.74634881325796, -78.560417563515 35.741950448383342, -78.554744852457588 35.73578990625235, -78.528194174184279 35.706900486761121, -78.512532353501157 35.72817401450218, -78.535878299678529 35.762726334824066, -78.536908274773353 35.774843958003046, -78.571755527856538 35.783339121169625, -78.5952731333357 35.779996870029336, -78.606798878821365 35.780037487431535, -78.609247729547945 35.7800045219332, -78.61381210910011 35.780090636331273))",true,null
324,"Raleigh, NC",4749,NC: Southwest Raleigh,"POLYGON ((-78.698512967022836 35.7833881104855, -78.723232204151813 35.770018271649, -78.724004249599858 35.755533781687888, -78.719541891778817 35.74689564728827, -78.701088705148621 35.7472436102786, -78.732285851754227 35.730812261676469, -78.7685524497417 35.676703182390192, -78.706515695725955 35.655485132209044, -78.683065110304412 35.692084085164353, -78.649761138240663 35.723345497832319, -78.648044524551167 35.725853984327152, -78.650619445085425 35.731567464246083, -78.64855950865801 35.753024191168016, -78.639289794734637 35.7545565932216, -78.640491424317318 35.76778974661287, -78.654567656571317 35.770157552390415, -78.65817254531926 35.774753680015237, -78.666755613766838 35.778931747337516, -78.672763761680145 35.77921027735281, -78.686839993934143 35.784919927621772, -78.698512967022836 35.7833881104855))",true,null
324,"Raleigh, NC",4787,NC: University / Pullen Park,"POLYGON ((-78.65797189512736 35.77450301946597, -78.65816955710028 35.774755478714, -78.66653044029242 35.77883214260149, -78.66673618558873 35.77894163555378, -78.67275818166478 35.77921790064963, -78.68683888450202 35.784921144294266, -78.69865139398165 35.7833741425811, -78.69541595340779 35.79535651650653, -78.68431770538567 35.793470493543914, -78.67868250792226 35.789849222842484, -78.66848222871714 35.78761365286706, -78.66556294282292 35.78662935017214, -78.6612691726327 35.785183929022594, -78.66083171425392 35.787055434454096, -78.66307206302251 35.789073973490424, -78.66289109329841 35.7928415231486, -78.6602336397751 35.796947926101524, -78.66032777471251 35.80150142696938, -78.65808601615227 35.79897968704962, -78.65562701603483 35.79752024559445, -78.65293328999329 35.796461940717634, -78.65250154525695 35.79309877629304, -78.65182412607669 35.790636787978634, -78.65178302567661 35.790113889282885, -78.65167463873007 35.79010994136743, -78.65076970425463 35.781088874522325, -78.65531581913018 35.78254647090753, -78.65643200858113 35.77942874291049, -78.65744688741945 35.776132020846944, -78.65791211077673 35.77462412509585, -78.65797189512736 35.77450301946597))",true,null
324,"Raleigh, NC",4752,NC: Wade / Glenwood,"POLYGON ((-78.690177454055657 35.816545589248356, -78.6938088872492 35.81007686181664, -78.693616027701466 35.804745259268913, -78.693922648792267 35.804714462793328, -78.693845695588863 35.804470090559732, -78.6936808848042 35.803831151742834, -78.69340919572025 35.802787586830192, -78.695403763264665 35.795356322342776, -78.684317058002236 35.793471494377805, -78.678682297614387 35.789850390970855, -78.668481655904074 35.78761546906609, -78.661271347198877 35.785186747441429, -78.66083289330993 35.78705588025413, -78.663072994067136 35.789073701073271, -78.662965996447156 35.7912310191822, -78.662945733092954 35.791664616346388, -78.662925469830384 35.792221330456314, -78.662895516050938 35.792842779419836, -78.6615510056617 35.7949208993326, -78.660860125294676 35.795992036957472, -78.660234858763019 35.79694857915792, -78.660327790899913 35.801488882479269, -78.6606254868308 35.801835831615023, -78.65604869607283 35.808310158287014, -78.661196768143668 35.816960316163573, -78.689696093416785 35.81652262854292, -78.690177454055657 35.816545589248356))",true,null
324,"Raleigh, NC",4774,NC: Wake Forest,"POLYGON ((-78.4629240778872 35.899184211655694, -78.50631613628252 35.89582186441035, -78.50459587218832 35.91017654660406, -78.50290657266409 35.92452052373871, -78.51313951173417 35.93056453961005, -78.51313966676918 35.93056449003641, -78.51313973514138 35.9305645304184, -78.5238193597564 35.92714950258143, -78.534989424815 35.9235775537033, -78.5380020702148 35.922479590971854, -78.54090107527313 35.92143359046391, -78.54261556366288 35.92080859050176, -78.5435297642637 35.92039599548953, -78.54297043049509 35.92686072086252, -78.54254211943271 35.935025147471904, -78.58859549367213 35.93531712004638, -78.5810270976841 35.9786832970097, -78.5700407702611 36.017569772734696, -78.54887030240086 36.021521239832694, -78.55128119563032 36.02489853, -78.51513873781515 36.07551119292258, -78.44285382218486 36.07551119292258, -78.4067113643697 36.02489853, -78.44059842540746 35.97741469561315, -78.4217253500511 35.945892665214295, -78.4629240778872 35.899184211655694))",true,null
324,"Raleigh, NC",4753,NC: West Raleigh,"POLYGON ((-78.69341574102387 35.802796208797105, -78.693844892097147 35.804466872521857, -78.709208589292643 35.802935432069688, -78.722941498808765 35.806415935633446, -78.738047699276464 35.816856531206142, -78.745772460879266 35.791796795832276, -78.750235656472015 35.782466986477679, -78.736294224724773 35.766117317330355, -78.731040123583085 35.757871571141436, -78.7240114864893 35.756675102074354, -78.723303779530013 35.7700224040096, -78.69862087179051 35.783501597589272, -78.69341574102387 35.802796208797105))",true,null
813,"Ramona, CA",4374,CA: Ramona,"POLYGON ((-116.8949048 33.0589123, -116.9120709 33.0197707, -116.7836682 32.9725473, -116.7335431 33.034163, -116.8420331 33.0755998, -116.8949048 33.0589123))",true,null
348,"Rapid City, SD",4123,SD: Rapid City,"POLYGON ((-103.3515272 44.1883364, -103.3762464 43.9535068, -103.0658827 44.0878092, -103.3515272 44.1883364))",true,null
815,"Ravenna, OH",4376,OH: Ravenna,"POLYGON ((-81.2486376 41.1150596, -81.2489809 41.1043245, -81.2285532 41.1051006, -81.2334456 41.1171935, -81.2486376 41.1150596))",true,null
421,"Raymond, MA",3857,MA: Raymond,"POLYGON ((-71.2011434 43.0539429, -71.2018301 42.9999822, -71.019869 42.9999822, -71.0490514 43.0657326, -71.2097265 43.0697457, -71.2011434 43.0539429))",true,null
488,"Reading, PA",3930,PA: Reading,"POLYGON ((-75.898608 40.470302, -76.08244 40.468345, -76.073514 40.449537, -76.085187 40.254354, -75.960825 40.20302, -75.725362 40.203704, -75.613802 40.204926, -75.612648 40.203399, -75.567942 40.203883, -75.568198 40.176315, -75.551898 40.185505, -75.508048 40.162118, -75.507987 40.162086, -75.472422 40.209145, -75.508564 40.256936, -75.549619 40.256936, -75.54274 40.473984, -75.703097 40.439635, -75.855227 40.437467, -75.898608 40.470302))",true,null
1083,"Reamstown, PA",4663,PA: Reamstown,"POLYGON ((-76.1607293 40.2279345, -76.1281137 40.192539, -76.0996179 40.1901786, -76.06274409682108 40.22222600848189, -76.11391395801266 40.26351499419991, -76.1387567 40.2504731, -76.1607293 40.2279345))",true,null
713,"Red Bluff, CA",4217,CA: Red Bluff,"POLYGON ((-122.2627691 40.2034888, -122.2579625 40.1499758, -122.2325567 40.1379033, -122.2037175 40.1405279, -122.1838048 40.1819837, -122.1947912 40.2076841, -122.2627691 40.2034888))",true,null
722,"Redding, CA",4226,CA: Redding,"POLYGON ((-122.4318266 40.7189137, -122.4626633 40.5833061, -122.3755216 40.4226583, -122.2436857 40.4059288, -122.1029124 40.5478234, -122.2532987 40.7105865, -122.4318266 40.7189137))",true,null
742,"Redmond, OR",4249,OR: Redmond,"POLYGON ((-121.2012517 44.3182233, -121.2108647 44.2749752, -121.2383305 44.2494045, -121.2026249 44.2208703, -121.1394536 44.2415344, -121.1229741 44.304466, -121.2012517 44.3182233))",true,null
450,"Redstone, NH",3886,NH: Redstone,"POLYGON ((-71.1709071 44.0704499, -71.1674738 43.9741695, -71.0404444 43.9781225, -71.0685969 44.0847551, -71.1709071 44.0704499))",true,null
710,"Reedley, CA",4212,CA: Reedley,"POLYGON ((-119.4588678 36.6186778, -119.4647043 36.5756787, -119.4224756 36.5759544, -119.4149225 36.6206067, -119.4588678 36.6186778))",true,null
257,"Reno, NV",2887,NV Reno,"POLYGON ((-119.900114 39.5110131, -119.8621814 39.4871288, -119.8136385 39.4539589, -119.7907657 39.3902581, -119.7212428 39.3914521, -119.691717 39.561321, -119.7937181 39.5628147, -119.8982773 39.5467189, -119.900114 39.5110131))",true,null
257,"Reno, NV",2888,NV: Lemmon Valley,"POLYGON ((-119.7937181 39.5628147, -119.691717 39.561321, -119.6955811 39.6425542, -119.9619995 39.685105, -119.9980484 39.6711004, -119.7937181 39.5628147))",true,null
604,"Richfield, UT",4055,UT: Richfield,"POLYGON ((-111.5632644 39.673972, -112.420198 38.6131891, -112.1730056 38.4972053, -111.2391677 39.5808927, -111.5632644 39.673972))",true,null
286,"Richmond, VA",3783,NJ: Kenilworth,"POLYGON ((-74.21478699482361 40.68769773437027, -74.23984955485305 40.67155514352269, -74.29100464313233 40.61919502910112, -74.39434478791127 40.66608660554258, -74.35829590019766 40.67363827812734, -74.33597992208928 40.68795806670474, -74.28001831645169 40.70403975139366, -74.21478699482361 40.68769773437027))",true,null
286,"Richmond, VA",3776,VA: Afton,"POLYGON ((-77.473873 37.43422, -77.473478 37.409663, -77.498489 37.401623, -77.520894 37.401623, -77.557037 37.351877, -77.520894 37.302098, -77.448609 37.302098, -77.422786 37.337668, -77.420081 37.344489, -77.417679 37.3447, -77.417615 37.344788, -77.394146 37.346837, -77.396206 37.382311, -77.419552 37.436306, -77.473797 37.434671, -77.473873 37.43422))",true,null
286,"Richmond, VA",3772,VA: Bon Air,"POLYGON ((-77.67292420027809 37.5982210515195, -77.48409669320698 37.59386864299879, -77.5143090943384 37.5519636953755, -77.5259820675028 37.496416948216705, -77.55832135896165 37.48750373479929, -77.55832549595155 37.48750274997833, -77.55859788261485 37.487427637402696, -77.58228698775329 37.4991407923262, -77.58938523258318 37.49849922826635, -77.58956186887603 37.49825650206579, -77.6070867070212 37.49683073287946, -77.61470049886083 37.49621128873056, -77.63653160985737 37.49423816217423, -77.63699533414997 37.494524636076584, -77.63699573521299 37.49452471171752, -77.66963520830457 37.50068029906603, -77.65795274729261 37.45807849622331, -77.65795274729261 37.457802440224924, -77.65687846786179 37.45472802217138, -77.69351397781514 37.45472802217138, -77.72965643563029 37.50440598, -77.70099810367836 37.54377349481054, -77.7031366014095 37.5535967970886, -77.67292420027809 37.5982210515195))",true,null
286,"Richmond, VA",3771,VA: Downtown Richmond,"POLYGON ((-77.48341004772671 37.593574549175194, -77.51224915789757 37.55166943602305, -77.48546998416748 37.530435773640484, -77.46281068331895 37.52607940317523, -77.44564454631248 37.5326138634644, -77.4188653725824 37.52226737031828, -77.37492006184583 37.550036292076484, -77.48341004772671 37.593574549175194))",true,null
286,"Richmond, VA",3770,VA: Henrico,"POLYGON ((-77.652325 37.624286, -77.652325 37.599265, -77.585013 37.597531, -77.585894 37.596322, -77.483868 37.59397, -77.51418 37.551927, -77.515457 37.545853, -77.514054 37.545853, -77.513027 37.550893, -77.50667 37.545853, -77.505103 37.545853, -77.512416 37.55165, -77.483466 37.593717, -77.482228 37.59322, -77.482228 37.593284, -77.481865 37.645054, -77.483056 37.645054, -77.482723 37.692236, -77.59602 37.691149, -77.652325 37.624286))",true,null
286,"Richmond, VA",4934,VA: Lake Chesdin,"POLYGON ((-77.560826 37.239825, -77.524683 37.289645, -77.560826 37.339432, -77.63311 37.339432, -77.669253 37.289645, -77.63311 37.239825, -77.560826 37.239825))",true,null
286,"Richmond, VA",4810,VA: Petersburg,"POLYGON ((-77.33351523158738 37.3450870555829, -77.3942018490819 37.34666040524973, -77.41997856772836 37.34438973041985, -77.43971639797023 37.29460646231827, -77.43300253112994 37.266439098979205, -77.44276815562493 37.24020483758955, -77.49831014494008 37.24117663979923, -77.52333455770847 37.19597458416432, -77.33839804383487 37.1371227715732, -77.30543906116431 37.15561009506924, -77.24257285347792 37.21979409703277, -77.25050742338007 37.2984907885593, -77.279804296865 37.32373401950105, -77.33351523158738 37.3450870555829))",true,null
286,"Richmond, VA",3775,VA: Rockwood,"POLYGON ((-77.582974 37.498685, -77.614686 37.496105, -77.636571 37.494127, -77.637055 37.494426, -77.669458 37.500537, -77.657818 37.45809, -77.657818 37.457817, -77.656544 37.454171, -77.712127 37.454171, -77.74827 37.40446, -77.712127 37.354715, -77.639842 37.354715, -77.6037 37.40446, -77.619724 37.426503, -77.610573 37.438922, -77.600807 37.442357, -77.557568 37.443644, -77.515682 37.471442, -77.524609 37.495417, -77.558284 37.487401, -77.558614 37.48731, -77.558631 37.487318, -77.558941 37.487244, -77.582974 37.498685))",true,null
286,"Richmond, VA",3773,VA: Sandston,"POLYGON ((-77.41680543614163 37.522061630889624, -77.41474549970084 37.502998492498286, -77.42092530902316 37.49428229335189, -77.4188653725824 37.4376022045576, -77.29664247709634 37.46594762043957, -77.26299684856367 37.51770477139177, -77.30282228641867 37.57105876771045, -77.37148683444455 37.55037501604001, -77.41680543614163 37.522061630889624))",true,null
286,"Richmond, VA",3774,VA: South Richmond,"POLYGON ((-77.52392213106198 37.49675622880051, -77.51293580337784 37.55066959336988, -77.48684327512801 37.52998018192392, -77.46143739235843 37.52453464582984, -77.44495790083224 37.53052471366911, -77.41817872710214 37.52072253404008, -77.4154321451811 37.50492742459423, -77.42298524546395 37.49512188233778, -77.42023866354293 37.43735201976002, -77.4737970110031 37.43571637412553, -77.5074426395358 37.45861215980297, -77.52392213106198 37.49675622880051))",true,null
286,"Richmond, VA",4864,VA: West Chesterfield,"POLYGON ((-77.517301 37.476167, -77.515528 37.471405, -77.557517 37.443538, -77.600776 37.442251, -77.610479 37.438838, -77.619568 37.426503, -77.603544 37.40446, -77.619933 37.381907, -77.601961 37.357168, -77.55335 37.357168, -77.520972 37.40173, -77.498515 37.40173, -77.473614 37.409735, -77.474008 37.434226, -77.473916 37.434775, -77.429536 37.436112, -77.430139 37.436943, -77.473845 37.435608, -77.507558 37.45855, -77.515168 37.476167, -77.517301 37.476167))",true,null
286,"Richmond, VA",4933,VA: Wyndham,"POLYGON ((-77.600759 37.755629, -77.673043 37.755629, -77.709186 37.706119, -77.673043 37.656575, -77.62514 37.656575, -77.59602 37.691149, -77.575395 37.691347, -77.574557 37.692495, -77.594326 37.692455, -77.575713 37.721324, -77.600759 37.755629))",true,null
286,"Richmond, VA",3744,VA:Mechanicsville,"POLYGON ((-77.37227068781515 37.68608871243578, -77.29998577218485 37.68608871243578, -77.26384331436968 37.63653183, -77.29998577218485 37.58694187278402, -77.3070229772713 37.58694187278402, -77.30425141590979 37.572127866118684, -77.37428925489618 37.550355649346606, -77.48209259529679 37.5933496510227, -77.4814059498166 37.6912179314861, -77.39364000361824 37.656792083048835, -77.37227068781515 37.68608871243578))",true,null
461,"Ridgewood, NJ",3898,NJ: Ridgewood,"POLYGON ((-74.18486224781515 41.153418076852866, -74.14392278014634 41.153418076852866, -74.18953998577194 41.12685749604417, -74.0929560930069 41.08470087639169, -74.09504435167868 41.08197456877032, -74.0571768 41.06550570000001, -73.9031901 40.9933061, -73.9471354 40.8916468, -74.08377779999998 40.9471639, -74.1819681 40.9471639, -74.2341532 40.9813848, -74.249946 40.9850133, -74.2471995 41.1232637, -74.2156138 41.1343836, -74.20349270389202 41.12911670305076, -74.18486224781515 41.153418076852866))",true,null
933,"Rio Bravo, TX",4510,TX: Rio Bravo,"POLYGON ((-99.4829047 27.4156888, -99.482733 27.3914574, -99.5014441 27.3656962, -99.5009291 27.3463333, -99.5048773 27.3367268, -99.5148337 27.3240693, -99.4228232 27.3120205, -99.4149268 27.3934388, -99.4231665 27.4100505, -99.4829047 27.4156888))",true,null
937,"Rio Grande City, TX",4514,TX: Rio Grande City,"POLYGON ((-98.8315577 26.3778386, -98.8061518 26.3719945, -98.7864108 26.3541527, -98.7627215 26.3655349, -98.7507052 26.4042872, -98.7973971 26.4216601, -98.8365359 26.4178167, -98.8442607 26.389526, -98.8499255 26.3766083, -98.844089 26.3676881, -98.8315577 26.3778386))",true,null
943,"Rio Hondo, TX",4520,TX: Rio Hondo,"POLYGON ((-97.629810517940584 26.281841864518217, -97.684245260833961 26.260485583929743, -97.68598981511137 26.226441969497664, -97.660071500197176 26.225442601449931, -97.659691766917646 26.208194238382024, -97.62914062752138 26.205852493625887, -97.630249265356753 26.183000372300675, -97.574075956161337 26.142481034018033, -97.506370595478558 26.167903088231494, -97.5312015268185 26.293373743705004, -97.629810517940584 26.281841864518217))",true,null
908,"Rivesville, WV",4477,WV: Rivesville,"POLYGON ((-80.1706395 39.5686397, -80.2035985 39.5527586, -80.1088414 39.516748, -80.0909887 39.5352852, -80.1706395 39.5686397))",true,null
494,"Roanoke, VA",3937,VA: Roanoke,"POLYGON ((-79.9388182 37.3958401, -80.1860105 37.3128765, -79.9498045 37.1729412, -79.7685301 37.3128765, -79.9388182 37.3958401))",true,null
7,"Rochester, MN",4114,MN: Rochester,"POLYGON ((-92.6299674423754 44.07527155173625, -92.59431616583076 43.985012032459146, -92.44716229756982 43.910470161077754, -92.3620834 44.0327268, -92.52297016873088 44.12716078358506, -92.6299674423754 44.07527155173625))",true,null
447,"Rochester, NH",4860,NH: Exeter,"POLYGON ((-70.971364 42.940282, -70.899079 42.940282, -70.862937 42.986092, -70.899079 43.031869, -70.971364 43.031869, -71.007506 42.986092, -70.971364 42.940282))",false,null
447,"Rochester, NH",3883,NH: Rochester,"POLYGON ((-70.986332 43.381618, -71.0824624 43.2957206, -70.8160439 43.0653979, -70.9053078 42.8845394, -70.8105507 42.8704503, -70.693821 43.0613846, -70.8215371 43.1446067, -70.8229104 43.2327186, -70.986332 43.381618))",true,null
325,"Rochester, NY",3903,NY: Rochester,"POLYGON ((-77.3463478 43.2662553, -77.2694435 43.1541525, -77.5825539 42.9896302, -77.69390442729397 43.081193526321115, -77.70845593218483 43.06278213877444, -77.78074084781512 43.06278213877444, -77.8168833056303 43.10850143, -77.78154806284338 43.15316662568691, -77.84622579999998 43.2062258, -77.81205320459532 43.242844530894715, -77.82949267781514 43.242844530894715, -77.8656351356303 43.28842926, -77.82949267781514 43.33397985187084, -77.75720776218485 43.33397985187084, -77.72855328982092 43.29786922406796, -77.54410169999998 43.2342469, -77.3463478 43.2662553))",true,null
621,"Rockford, IL",4080,IL: Rockford,"POLYGON ((-88.798644 42.186984, -88.870929 42.186984, -88.906799 42.233002, -89.237717 42.19579, -89.05329785203786 42.430852641511734, -89.0731317756303 42.45620346, -89.03698931781514 42.502372725863154, -88.96470440218485 42.502372725863154, -88.92856194436969 42.45620346, -88.9596780698904 42.41642766753406, -88.71312 42.254772, -88.773881 42.247943, -88.762502 42.233352, -88.798644 42.186984))",true,null
556,"Rockingham, NC",4003,NC: Rockingham,"POLYGON ((-79.66603650218485 34.946180825805705, -79.62989404436969 34.89485168, -79.66603650218485 34.84349044149953, -79.73832141781514 34.84349044149953, -79.74980995258073 34.85982001933052, -79.85039 34.9048248, -79.7776056 34.9757473, -79.73417984663017 34.946180825805705, -79.66603650218485 34.946180825805705))",true,null
440,"Rockland, ME",3876,ME: Rockland,"POLYGON ((-69.0750685 44.1830649, -69.2288771 44.1160598, -69.1519728 44.0410818, -69.096716272287537 44.121017189347633, -69.093514991675661 44.121786966657176, -69.0750685 44.1830649))",true,null
559,"Rocky Mount, NC",4006,NC: Rocky Mount,"POLYGON ((-77.8402448 36.0733533, -77.9940534 35.9111292, -77.6507307 35.9111292, -77.8402448 36.0733533))",true,null
559,"Rocky Mount, NC",4851,NC: Tarboro,"POLYGON ((-77.58726 35.842875, -77.514976 35.842875, -77.478833 35.893604, -77.514976 35.944301, -77.58726 35.944301, -77.623403 35.893604, -77.58726 35.842875))",false,null
495,"Rocky Mount, VA",3938,VA: Rocky Mount,"POLYGON ((-79.8426878 37.1160183, -80.0349485 37.0678193, -80.0871336 36.916451, -79.9800169 36.8769141, -79.6888792 37.0217826, -79.8426878 37.1160183))",true,null
998,"Rocky Point, NC",4574,NC: Rocky Point,"POLYGON ((-77.9100366 34.452607, -77.9131265 34.4208936, -77.8472086 34.4173534, -77.8490968 34.4560042, -77.9100366 34.452607))",true,null
1164,"Rogersville, TN",4855,TN: Rogersville,"POLYGON ((-83.053082 36.347777, -82.980797 36.347777, -82.944655 36.398181, -82.980797 36.448553, -83.053082 36.448553, -83.089225 36.398181, -83.053082 36.347777))",false,null
809,"Rosamond, CA",4370,CA: Rosamond,"POLYGON ((-118.2945503 34.9099893, -118.2924904 34.8175915, -118.132502 34.8175915, -118.1407417 34.9246283, -118.2945503 34.9099893))",true,null
1004,"Roseboro, NC",4580,NC: Roseboro,"POLYGON ((-78.5244268 34.966171, -78.518762 34.9430971, -78.4990209 34.942675, -78.4988493 34.9681405, -78.5244268 34.966171))",true,null
721,"Rosewood, CA",4225,CA: Rosewood,"POLYGON ((-124.136975 40.9457702, -124.3292357 40.6088341, -124.1232421 40.5358149, -123.9309813 40.9353965, -124.136975 40.9457702))",true,null
960,"Rosharon, TX",4537,TX: Rosharon,"POLYGON ((-95.4461038 29.4680307, -95.4656732 29.4071849, -95.3982103 29.3974641, -95.3894555 29.467134, -95.4461038 29.4680307))",true,null
762,"Roswell, NM",4271,NM: Roswell,"POLYGON ((-104.64725659937383 33.37492924054567, -104.55168183717828 33.29854501070769, -104.38379811785846 33.33470697851601, -104.4354226184734 33.53724334457596, -104.62085786273896 33.46734435388488, -104.64725659937383 33.37492924054567))",true,null
21,Ruso ND (Test India),3597,Ruso (Test India),"POLYGON ((-113.02467178984398 48.556065868465694, -113.02321266813988 48.554702405191293, -113.02389931364769 48.549134548790633, -113.02080940886253 48.549305002465118, -113.0205519167971 48.545384422688137, -113.00965141936058 48.545327600458521, -113.0095655886721 48.560496870337062, -113.02089523955101 48.560212843397792, -113.02072357817406 48.555781816647077, -113.02467178984398 48.556065868465694))",true,null
502,"Ruther Glen, VA",4861,VA: Ashland,"POLYGON ((-77.406718 37.759191, -77.442366 37.807989, -77.479911 37.807112, -77.479986 37.808666, -77.515145 37.808666, -77.551288 37.759191, -77.59432572352651 37.69245458901589, -77.48156627736732 37.69268406141966, -77.43792357845564 37.67482898504359, -77.39400096784291 37.657634399400116, -77.406718 37.759191))",true,null
502,"Ruther Glen, VA",3945,VA: Ruther Glen,"POLYGON ((-77.4867771 37.947758, -77.4799106 37.8071124, -77.3985431 37.8090111, -77.4146793 37.95994, -77.4867771 37.947758))",true,null
1138,"Sackets Harbor, NY",4718,NY: Sackets Harbor,"POLYGON ((-76.1069996 43.9570766, -76.1207325 43.9476844, -76.1262257 43.9511449, -76.1396152 43.9400212, -76.1358387 43.9358184, -76.1272556 43.9345822, -76.1310322 43.9288955, -76.1056263 43.9244446, -76.0864002 43.9484259, -76.1069996 43.9570766))",false,null
246,"Sacramento, CA",2831,CA: El Dorado Hills,"POLYGON ((-121.4938407 38.673396, -121.4035468 38.6420286, -121.1990961 38.6427505, -121.1992679 38.6320886, -121.116541 38.6319755, -121.1086513 38.6188922, -121.032526 38.6148978, -121.0407214 38.6316062, -121.0495205 38.6354386, -121.0533829 38.6894567, -121.159813 38.6889207, -121.159309 38.7145547, -121.3374885 38.7168163, -121.4930187 38.7188407, -121.4938407 38.673396))",true,null
246,"Sacramento, CA",2829,CA: Elk Grove,"POLYGON ((-121.4992911 38.4542254, -121.4996365 38.3689936, -121.2847164 38.3689936, -121.2867764 38.4824963, -121.4151668 38.4821658, -121.4148764 38.4543421, -121.4992911 38.4542254))",true,null
246,"Sacramento, CA",2830,CA: Rancho Cordova,"POLYGON ((-121.4035468 38.6420286, -121.4032035 38.5800577, -121.3836341 38.5797893, -121.3832956 38.5618026, -121.4158257 38.5610652, -121.4153153 38.5356832, -121.3523316 38.5352659, -121.3127359 38.5352744, -121.3127359 38.5622592, -121.2550577 38.5626619, -121.2547144 38.6089551, -121.1997828 38.6089551, -121.1992679 38.6320886, -121.1990961 38.6427505, -121.4035468 38.6420286))",true,null
246,"Sacramento, CA",2832,CA: Roseville,"POLYGON ((-121.39411591340942 38.7176066841306, -121.1743674 38.7145364, -121.1740241 38.738642, -121.153768 38.738642, -121.1544547 38.7573852, -121.1275126 38.7927792, -121.1116308 38.7929478, -121.1108527 38.8145214, -121.15478668545195 38.84686910437706, -121.18495871122406 38.873760186759554, -121.2116242180258 38.92067551631971, -121.29107903986461 38.92742228966607, -121.3542159849383 38.95980068667574, -121.38296289284561 38.90013564139302, -121.394609 38.803352, -121.39500359195208 38.717680018297266, -121.39411591340942 38.7176066841306))",true,null
246,"Sacramento, CA",2828,CA: Sacramento,"POLYGON ((-121.4035468 38.6420286, -121.4938407 38.673396, -121.5446575 38.6512818, -121.5453391 38.6194999, -121.5872244 38.5824731, -121.5879111 38.5693213, -121.5467124 38.5712003, -121.5437942 38.4540733, -121.4992911 38.4542254, -121.4148764 38.4543421, -121.4151668 38.4821658, -121.4147253 38.512, -121.3520304 38.5124121, -121.3523316 38.5352659, -121.3838233 38.5353445, -121.4153153 38.5356832, -121.4158257 38.5610652, -121.3832956 38.5618026, -121.3836341 38.5797893, -121.4032035 38.5800577, -121.4035468 38.6420286))",true,null
537,"Saginaw, MI",3979,MI: Saginaw,"POLYGON ((-84.3917001 43.6829706, -84.7140074 43.3781233, -84.1115487 43.32438, -83.7803873 43.235879, -83.6652291 43.3033965, -83.6391366 43.5915334, -83.86979 43.7070193, -84.3917001 43.6829706))",true,null
927,"Sahuarita, AZ",4503,AZ: Sahuarita,"POLYGON ((-110.9900523 32.0041086, -111.0655833 31.8490908, -111.0106516 31.796582, -110.8431101 31.9295462, -110.9900523 32.0041086))",true,null
850,"Saint Johns, MI",4417,MI: Saint Johns,"POLYGON ((-84.5863748 43.0340288, -84.5836283 42.9747757, -84.5135904 42.9707565, -84.5328165 43.0500875, -84.5863748 43.0340288))",true,null
596,"Salem, NC",4049,NC: Salem,"POLYGON ((-81.7464373 35.7508207, -81.7651484 35.6741608, -81.6309092 35.6709535, -81.627991 35.7671188, -81.7320178 35.7669795, -81.7464373 35.7508207))",true,null
897,"Salem, OH",4466,OH: Salem,"POLYGON ((-80.8985955 40.9358216, -80.8903557 40.8735456, -80.8079583 40.8776992, -80.7969719 40.9244088, -80.8985955 40.9358216))",true,null
266,"Salem, OR",4248,OR: Salem,"POLYGON ((-122.9552353 44.9172282, -122.89481050000002 44.9084754, -122.9140366 44.8763702, -122.9469955 44.8325615, -122.98270109999997 44.8822088, -123.0101669 44.8413259, -123.10904390000002 44.8569038, -123.1186569 44.909448, -123.094029434527 44.91567685994997, -123.12417241563028 44.95263672, -123.11093581711866 44.96885927826452, -123.11179049999997 44.976518, -123.10238903861064 44.97933163291294, -123.08802995781514 44.996921487291665, -123.05823059459065 44.996921487291665, -123.05136570000002 45.0260411, -122.9236496 45.0066254, -122.9552353 44.9172282))",true,null
905,"Salem, WV",4474,WV: Salem,"POLYGON ((-80.6342125 39.3361728, -80.6424522 39.2532754, -80.4776573 39.2532754, -80.4968834 39.3467936, -80.6342125 39.3361728))",true,null
804,"Salinas, CA",4364,CA: Salinas,"POLYGON ((-121.6945809 36.6129543, -121.7149228 36.5893886, -121.7086572 36.5864252, -121.68737109999999 36.6103362, -121.6945809 36.6129543))",true,null
435,"Salisbury, MD",3871,MD: Salisbury,"POLYGON ((-75.638125 38.419152, -75.636366 38.416765, -75.696724 38.416122, -75.696037 38.295779, -75.474594 38.287156, -75.469444 38.418543, -75.494198 38.41828, -75.493555 38.419152, -75.508118 38.438911, -75.623562 38.438911, -75.638125 38.419152))",true,null
1017,"Salisbury, NC",4593,NC: Salisbury,"POLYGON ((-80.373604 35.613747, -80.409747 35.562839, -80.482031 35.562839, -80.49745884849546 35.58457333360934, -80.55284319781515 35.58457333360934, -80.58898565563031 35.63546753, -80.55284319781515 35.68632933902433, -80.54492237101593 35.68632933902433, -80.517737 35.710636, -80.389678 35.717605, -80.361525 35.656537, -80.395345 35.644354, -80.373604 35.613747))",true,null
195,"Salt Lake City, UT",2920,UT: Bountiful,"POLYGON ((-111.9876098 41.0333022, -111.9876812 41.0164632, -111.9597863 41.0156861, -111.9598721 41.0042223, -111.9429635 41.0042223, -111.9409035 40.869032, -111.9566964 40.869032, -111.9542553 40.8086939, -111.9159748 40.808434, -111.916871 40.8298173, -111.8763589 40.8305966, -111.8770455 40.8495574, -111.8564461 40.8495574, -111.8591927 40.9001794, -111.8674325 40.9001794, -111.8677758 40.9505035, -111.8756722 40.9505035, -111.8760155 40.9899058, -111.8842553 40.9899058, -111.8845986 41.0059711, -111.8952416 41.0059711, -111.8962716 41.0331695, -111.9093322 41.0333022, -111.9876098 41.0333022))",true,null
195,"Salt Lake City, UT",4925,UT: Emigration Canyon,"POLYGON ((-111.77376 40.736016, -111.701475 40.736016, -111.665333 40.783433, -111.701475 40.830816, -111.77376 40.830816, -111.809903 40.783433, -111.77376 40.736016))",false,null
195,"Salt Lake City, UT",2921,UT: Salt Lake City,"POLYGON ((-112.1121837 40.7182011, -112.1108104 40.6963396, -112.0634319 40.6963396, -112.0636035 40.6783766, -112.0273008 40.6783229, -111.7935802 40.6774652, -111.7935802 40.7150785, -111.8128063 40.7150785, -111.8128063 40.7278283, -111.8224193 40.7278283, -111.8224193 40.7500696, -111.8504001 40.7503297, -111.8502285 40.7773734, -111.8653347 40.7773734, -111.8653347 40.7903712, -111.9156315 40.7907611, -111.9159748 40.808434, -111.9542553 40.8086939, -111.9539119 40.7702235, -112.0033504 40.7702235, -112.0033504 40.7832227, -112.0290996 40.7832227, -112.04540983428618 40.75504066429283, -112.0290996 40.7260071, -112.103944 40.7260071, -112.1036007 40.7182011, -112.1121837 40.7182011))",true,null
195,"Salt Lake City, UT",2923,UT: Sandy/South Jordan,"POLYGON ((-112.0279875 40.6029685, -112.0266457 40.5073013, -111.9418494 40.5069188, -111.9420159 40.5209019, -111.853782 40.5201189, -111.8261452 40.5200909, -111.8261452 40.532617, -111.815588 40.5325518, -111.8156738 40.5433146, -111.805975 40.5433146, -111.8058891 40.5600099, -111.7991085 40.5599447, -111.7986794 40.5678996, -111.7943878 40.5678996, -111.7943878 40.6024467, -112.0279875 40.6029685))",true,null
195,"Salt Lake City, UT",4809,UT: Tooele,"POLYGON ((-112.33428781197722 40.5723360417993, -112.26162576437353 40.573658017668194, -112.26119066229207 40.51447403296994, -112.34124944528058 40.49594763447743, -112.33428781197722 40.5723360417993))",true,null
195,"Salt Lake City, UT",2922,UT: West Jordan/Murray,"POLYGON ((-112.0279875 40.6029685, -111.7943878 40.6024467, -111.7816535 40.6024472, -111.7814818 40.6329381, -111.7936697 40.6329381, -111.7935802 40.6774652, -112.0273008 40.6783229, -112.0279875 40.6029685))",true,null
799,"San Andreas, CA",4359,CA: San Andreas,"POLYGON ((-120.6696297 38.2165347, -120.7077385 38.211949, -120.7190681 38.1976504, -120.6991554 38.179031, -120.6514335 38.1633763, -120.6304909 38.1933333, -120.6696297 38.2165347))",true,null
171,"San Angelo, TX",3255,TX: San Angelo,"POLYGON ((-100.5330469156303 31.49999046, -100.49690445781513 31.55335098825824, -100.42461954218486 31.55335098825824, -100.38847708436968 31.49999046, -100.39001336362186 31.497721630330766, -100.37492969999998 31.5049102, -100.3653166 31.496567399999986, -100.39879059999998 31.4703634, -100.397589 31.4381472, -100.4830763 31.4003524, -100.5203268 31.4261366, -100.5208418 31.448399, -100.49760292238935 31.447631547603752, -100.5330469156303 31.49999046))",true,null
5,"San Antonio, TX",3247,TX: Alamo Heights,"POLYGON ((-98.5077928 29.5383065, -98.5124277 29.4833308, -98.4405902 29.4820716, -98.4409335 29.5315219, -98.484876 29.5359169, -98.5077928 29.5383065))",true,null
5,"San Antonio, TX",4306,TX: Boerne,"POLYGON ((-98.76319227389244 29.82344129511074, -98.75280857233066 29.82344129511074, -98.74094148483151 29.815397661968507, -98.73574963405063 29.805100867209827, -98.72277000709842 29.808640509991324, -98.71164461256795 29.80896228948688, -98.68939382350703 29.801882901433764, -98.68346027975745 29.779354242861654, -98.69384398131922 29.771950862595595, -98.68123520085135 29.754244908220617, -98.70534022233403 29.737823864218306, -98.73871640592542 29.75682051421801, -98.74724587506546 29.775491677964837, -98.77450308674607 29.79323410546304, -98.7728342824855 29.800273879725815, -98.76319227389244 29.82344129511074))",true,null
5,"San Antonio, TX",3242,TX: Downtown San Antonio,"POLYGON ((-98.5282205 29.473169, -98.52698137308951 29.419714002412658, -98.4787473 29.4185156, -98.4713346 29.4381491, -98.4622679 29.4617196, -98.4401235 29.4611217, -98.4405902 29.4820716, -98.5124277 29.4833308, -98.5282205 29.473169))",true,null
5,"San Antonio, TX",3243,TX: Helotes/Leon Springs,"POLYGON ((-98.6545487 29.6746426, -98.6164017 29.6140929, -98.6821861 29.5618235, -98.662251 29.5533176, -98.6437486 29.5312868, -98.6155962 29.5493578, -98.5673593 29.5633942, -98.5772298 29.5935509, -98.6284562 29.6879159, -98.6545487 29.6746426))",true,null
5,"San Antonio, TX",3241,TX: Kirby,"POLYGON ((-98.4713346 29.4381491, -98.3724576 29.4359814, -98.3458802 29.447283, -98.3618834 29.4757205, -98.3721433 29.4825114, -98.4405902 29.4820716, -98.4401235 29.4611217, -98.4622679 29.4617196, -98.4713346 29.4381491))",true,null
5,"San Antonio, TX",3236,TX: Leon Valley,"POLYGON ((-98.738333 29.464902, -98.738832 29.438043, -98.690023 29.436772, -98.616783 29.464777, -98.600679 29.483011, -98.624699 29.499212, -98.643863 29.531225, -98.66234 29.553225, -98.682278 29.561732, -98.709315 29.53502, -98.735087 29.573851, -98.807372 29.573851, -98.807758 29.573269, -98.812206 29.573269, -98.848348 29.518809, -98.812206 29.464319, -98.739921 29.464319, -98.739534 29.464902, -98.738333 29.464902))",true,null
5,"San Antonio, TX",3244,TX: Med Center/Balcones Heights,"POLYGON ((-98.6437486 29.5312868, -98.624593 29.4992891, -98.60049 29.483032, -98.5282205 29.473169, -98.5124277 29.4833308, -98.5077928 29.5383065, -98.5325121 29.5380078, -98.5495065 29.5420402, -98.5673593 29.5633942, -98.6155962 29.5493578, -98.6437486 29.5312868))",true,null
5,"San Antonio, TX",3245,TX: North San Antonio,"POLYGON ((-98.5772298 29.5935509, -98.5673593 29.5633942, -98.5495065 29.5420402, -98.5325121 29.5380078, -98.5077928 29.5383065, -98.484876 29.5359169, -98.4783529 29.5538377, -98.441789 29.5831016, -98.4405874 29.6017603, -98.41776766785729 29.6069477988026, -98.39821458597956 29.626385128846273, -98.39101677371436 29.645818709100865, -98.41108476050059 29.68985784373567, -98.45215587966109 29.69905455346731, -98.46553586544134 29.6700955809258, -98.48433457520782 29.667857226518834, -98.50201009445091 29.66244682607014, -98.50832090033246 29.64538317396311, -98.50922989726125 29.63587399604869, -98.50589358685664 29.630997030516237, -98.50480369434233 29.628316628808047, -98.5169289715244 29.621481732685215, -98.52461929736104 29.612314912931332, -98.53912099580079 29.606984170711666, -98.56169444411542 29.604633461246394, -98.5772298 29.5935509))",true,null
5,"San Antonio, TX",3246,TX: Northeast San Antonio,"POLYGON ((-98.4783529 29.5538377, -98.484876 29.5359169, -98.4409335 29.5315219, -98.3928262 29.5267178, -98.3837281 29.537621, -98.3361779 29.5724137, -98.3439027 29.5865962, -98.353859 29.604508, -98.41874708530275 29.60644824948537, -98.4405874 29.6017603, -98.441789 29.5831016, -98.4783529 29.5538377))",true,null
5,"San Antonio, TX",3599,TX: Seguin,"POLYGON ((-97.992293 29.535069, -97.912642 29.558963, -97.937273 29.606476, -97.931249 29.606476, -97.895106 29.660889, -97.931249 29.715272, -97.995043 29.715272, -97.991419 29.710052, -98.027703 29.678907, -98.039676 29.660889, -98.003533 29.606476, -97.979192 29.606476, -98.006713 29.582254, -97.992293 29.535069))",true,null
5,"San Antonio, TX",3249,TX: Selma/Universal City,"POLYGON ((-98.3439027 29.5865962, -98.3361779 29.5724137, -98.3837281 29.537621, -98.3928262 29.5267178, -98.3445893 29.5202948, -98.31724151416931 29.49850680106597, -98.22614298447265 29.568979770866637, -98.21807490835769 29.609433197843494, -98.2408200448571 29.634727003275263, -98.2759248 29.6122688, -98.3100854 29.595254, -98.3136903 29.6015229, -98.3439027 29.5865962))",true,null
5,"San Antonio, TX",3239,TX: South San Antonio,"POLYGON ((-98.5269842 29.4197118, -98.56566461917089 29.35315008071176, -98.55658795647942 29.34733773793582, -98.54526732407092 29.346415298963265, -98.53076765133623 29.344840827856896, -98.51551999251073 29.34326633249689, -98.4668714098713 29.34642277371792, -98.4687597 29.3816981, -98.4800035 29.393963, -98.4787473 29.4185156, -98.5269842 29.4197118))",true,null
5,"San Antonio, TX",3240,TX: Southeast San Antonio,"POLYGON ((-98.49726 29.344333, -98.488297 29.330798, -98.487733 29.329947, -98.48726 29.329233, -98.450039 29.329233, -98.463755 29.30852, -98.427612 29.253918, -98.355328 29.253918, -98.319185 29.30852, -98.336933 29.335321, -98.313338 29.335321, -98.277195 29.38988, -98.313338 29.444409, -98.352331 29.444409, -98.372428 29.435863, -98.471238 29.43803, -98.478614 29.418494, -98.479867 29.394002, -98.4712915 29.3844658, -98.468627 29.381742, -98.467846 29.367151, -98.467193 29.354945, -98.466731 29.346314, -98.497261 29.344333, -98.49726 29.344333))",true,null
5,"San Antonio, TX",3237,TX: West San Antonio,"POLYGON ((-98.7388344 29.4379252, -98.79270068642803 29.425949619762516, -98.74625702172902 29.363196677941104, -98.72077652676606 29.343374975069633, -98.6943407 29.3493668, -98.60450384915741 29.38072077071382, -98.5906572 29.4062096, -98.6166974 29.4646818, -98.6899968 29.4366544, -98.7388344 29.4379252))",true,null
5,"San Antonio, TX",3248,TX: Windcrest,"POLYGON ((-98.4409335 29.5315219, -98.4405902 29.4820716, -98.3721433 29.4825114, -98.3618834 29.4757205, -98.3069518 29.4902901, -98.3445893 29.5202948, -98.3928262 29.5267178, -98.4409335 29.5315219))",true,null
5,"San Antonio, TX",3238,TX: Woodlawn Lake,"POLYGON ((-98.6166974 29.4646818, -98.5906572 29.4062096, -98.6043901 29.3807838, -98.5926019 29.365896, -98.565405 29.3546952, -98.52698464795367 29.419716071868983, -98.5282205 29.473169, -98.60049 29.483032, -98.6166974 29.4646818))",true,null
220,"San Diego, CA",2822,CA: Chula Vista/Imperial Beach,"POLYGON ((-116.9993067 32.7067184, -117.040857 32.6889509, -117.0624782 32.6601953, -117.1227315 32.6484884, -117.1065008 32.6221851, -117.1005765 32.5947242, -117.1156832 32.5920495, -117.1352521 32.5890837, -117.1343925 32.5618119, -117.126669 32.53454, -117.0315686 32.5426441, -117.0238643 32.6046925, -116.9611874 32.6470632, -116.9993067 32.7067184))",true,null
220,"San Diego, CA",2824,CA: Clairemont,"POLYGON ((-117.0954451 32.7950232, -117.09664994274615 32.841621839578821, -117.275825 32.8538539, -117.2868113 32.8374091, -117.2820029 32.8211098, -117.2644953 32.8025019, -117.2577127 32.7863391, -117.256768 32.7698875, -117.2472425 32.7697431, -117.2488311 32.7868456, -117.2431016 32.7874588, -117.239722 32.7792504, -117.2317079 32.7788355, -117.2286375 32.7892389, -117.2150852 32.79141, -117.2053084 32.7967548, -117.0954451 32.7950232))",true,null
220,"San Diego, CA",2827,CA: El Cajon,"POLYGON ((-116.97187965468841 32.859694632335376, -116.97279001563031 32.86101913, -116.93664755781515 32.91358734523492, -116.86436264218486 32.91358734523492, -116.8282201843697 32.86101913, -116.86436264218486 32.80841974095938, -116.88977279049432 32.80841974095938, -116.89446087893731 32.737466085123906, -116.88899588436969 32.72950363, -116.92513834218485 32.67682644431457, -116.98004974343635 32.67682644431457, -116.9991809855368 32.70676108892153, -117.01289348443828 32.747856742665036, -117.01286187457866 32.74789764300498, -117.01286187457863 32.74789764300498, -117.00387002751911 32.75953152888196, -116.99863584088376 32.7663029560354, -116.99863584088376 32.7663029560354, -116.99863584088376 32.76630295603541, -116.9986951 32.7664342, -117.0065915 32.8053994, -117.0065904150078 32.80547485238993, -117.00657168903552 32.80677708150249, -117.00656978401314 32.80690955823456, -117.0058766 32.855101, -116.97187965468841 32.859694632335376))",true,null
220,"San Diego, CA",2825,CA: La Jolla,"POLYGON ((-117.2635743 32.8526897, -117.1743104 32.8457675, -117.2398851 32.9651, -117.2762773 32.9648119, -117.264261 32.9368667, -117.2639177 32.9149653, -117.2567079 32.8942116, -117.2543046 32.8711463, -117.2635743 32.8526897))",true,null
220,"San Diego, CA",2823,CA: La Mesa,"POLYGON ((-117.0965137586694 32.84156751474789, -117.09648420357546 32.841610523989324, -117.08463229412811 32.85885601085628, -117.04221904218484 32.85885601085628, -117.00670087958825 32.80716418534358, -117.0067064264871 32.806778450260026, -117.00672638509946 32.80539050106284, -117.00672638509946 32.80539050106284, -117.00672648379339 32.805383637698576, -117.00672502836512 32.80538380765159, -116.9988257298834 32.766404294974016, -116.99878608682559 32.76631649561276, -117.0129419550896 32.74800197311147, -117.01294220580917 32.74800272433061, -117.07269532609786 32.740298330116396, -117.09531084580027 32.79504350639731, -117.09633771586078 32.8347603830551, -117.0965137586694 32.84156751474789))",true,null
220,"San Diego, CA",2820,CA: Liberty Station/Loma,"POLYGON ((-117.1986784 32.7257946, -117.1938719 32.7387907, -117.2039459 32.760529, -117.2581909 32.7593741, -117.2588843 32.7135612, -117.2353667 32.7112502, -117.1986784 32.7257946))",true,null
220,"San Diego, CA",2821,CA: Linda Vista,"POLYGON ((-117.1938719 32.7387907, -117.116714 32.7436037, -117.1053936 32.7322814, -117.0727858 32.740172, -117.0954451 32.7950232, -117.2053084 32.7967548, -117.2039459 32.760529, -117.1938719 32.7387907))",true,null
220,"San Diego, CA",2826,CA: Mira,"POLYGON ((-117.12995443969689 32.96952010605204, -117.12981175825908 32.9697274392969, -117.09549767882602 32.97090550237468, -117.07632915050233 32.97156358503729, -117.0761906693465 32.97156833927319, -117.06084341509148 33.01426604750975, -117.02686874218486 33.01426604750975, -116.9907262843697 32.96175765999999, -117.02686874218486 32.90921804943244, -117.07121204083242 32.90921804943244, -117.06068778436968 32.89391327, -117.09655826867201 32.841729164798295, -117.1305241573643 32.84404810088183, -117.17297218078335 32.84694604832575, -117.18211553693573 32.860249866605756, -117.19798771742204 32.889144009796425, -117.20267322578165 32.89767183433848, -117.2016851141445 32.899108835897756, -117.20344148891492 32.899070027585054, -117.2397399138354 32.96510583780973, -117.12995443969689 32.96952010605204))",true,null
220,"San Diego, CA",2818,CA: National City,"POLYGON ((-117.1453908 32.6921284, -117.130024 32.6729824, -117.1227315 32.6484884, -117.0624782 32.6601953, -117.040857 32.6889509, -116.9993067 32.7067184, -117.0130397 32.7478755, -117.0727858 32.740172, -117.1053936 32.7322814, -117.0930339 32.7171178, -117.1453908 32.6921284))",true,null
220,"San Diego, CA",2819,CA: San Diego,"POLYGON ((-117.1960998 32.6867803, -117.1738359 32.6739249, -117.1450474 32.691984, -117.0930339 32.7171178, -117.1053936 32.7322814, -117.116714 32.7436037, -117.1938719 32.7387907, -117.1986784 32.7257946, -117.1960998 32.6867803))",true,null
248,"San Francisco, CA",4189,CA: Cupertino,"POLYGON ((-122.0703162 37.3249972, -122.0701794 37.3068132, -122.0389371 37.28551, -122.0567898 37.2625613, -122.0430569 37.2472583, -121.987782 37.2150026, -121.89546715920777 37.20397332876257, -121.90354620731406 37.23628598286922, -121.90759541408399 37.252386330472525, -121.94793501279327 37.25620321240955, -121.95193637816945 37.25738033578118, -121.9949917 37.2707581, -121.9945007 37.3195011, -122.0557249 37.3323682, -122.0703162 37.3249972))",true,null
248,"San Francisco, CA",4190,CA: Freemont,"POLYGON ((-122.0042083 37.5948441, -122.0701263 37.5360624, -121.9300506 37.4521639, -121.8874786 37.471785, -121.85626668142973 37.567346103496156, -121.90473351700207 37.62337339133812, -122.0042083 37.5948441))",true,null
248,"San Francisco, CA",4191,CA: Hayward,"POLYGON ((-122.239658 37.7508314, -122.24267763682006 37.736563175554473, -122.24155749856166 37.73574163009399, -122.24017390267083 37.734976525163951, -122.2314016453151 37.731297122622074, -122.0701263 37.5360624, -122.0042083 37.5948441, -122.03143000900677 37.702959410644354, -122.1503941 37.7909964, -122.239658 37.7508314))",true,null
248,"San Francisco, CA",4192,CA: Millbrae,"POLYGON ((-122.4877148 37.6698884, -122.49564806477697 37.666600865130405, -122.49349271744902 37.661147377584896, -122.50817054785922 37.592446860837789, -122.3955938 37.5697506, -122.3152563 37.5877085, -122.3804264 37.6774971, -122.4877148 37.6698884))",true,null
248,"San Francisco, CA",4193,CA: Mountain View,"POLYGON ((-122.1650733 37.3817625, -122.0703162 37.3249972, -122.0557249 37.3323682, -122.0679135 37.3745194, -122.0699729 37.4357588, -122.1032752 37.4444819, -122.1650733 37.3817625))",true,null
248,"San Francisco, CA",4194,CA: Oakland,"POLYGON ((-122.374241 37.898358, -122.319309 37.920028, -122.311069 37.820292, -122.337162 37.779058, -122.239787 37.750869, -122.23978 37.750899, -122.150477 37.791081, -122.2913 37.934912, -122.283243 37.934912, -122.2471 37.984269, -122.283243 38.033593, -122.355527 38.033593, -122.39167 37.984269, -122.381106 37.969846, -122.415439 37.948189, -122.374241 37.898358))",true,null
248,"San Francisco, CA",4195,CA: Palo Alto,"POLYGON ((-122.2921027 37.454294, -122.1650733 37.3817625, -122.1032752 37.4444819, -122.1348609 37.4929851, -122.2330512 37.4962539, -122.2921027 37.454294))",true,null
248,"San Francisco, CA",4196,CA: SF Mid,"POLYGON ((-122.508896 37.7715818, -122.50713055092928 37.73486244316445, -122.369507 37.7418594, -122.3870165 37.7790444, -122.508896 37.7715818))",true,null
248,"San Francisco, CA",4197,CA: SF North,"POLYGON ((-122.476452 37.810108, -122.4864084 37.7890839, -122.5025446 37.7884056, -122.5100977 37.7856923, -122.51113968671037 37.771479872204488, -122.3870165 37.7790444, -122.3865015 37.7890839, -122.4058992 37.8091587, -122.476452 37.810108))",true,null
248,"San Francisco, CA",4198,CA: SF South,"POLYGON ((-122.5071125 37.7346737, -122.4981861 37.692984, -122.4877148 37.6698884, -122.3804264 37.6774971, -122.369507 37.7418594, -122.5071125 37.7346737))",true,null
248,"San Francisco, CA",4188,CA: San Jose,"POLYGON ((-121.9685805554637 37.436237472589816, -121.9841349156303 37.45762634, -121.97055266062029 37.47629835545377, -121.93006034577589 37.45203571180289, -121.88736227137368 37.47171494458993, -121.87573234912796 37.507336456140564, -121.8395650843697 37.45762634, -121.85974146171297 37.42988053846943, -121.7934613 37.3755977, -121.75088930000001 37.3073594, -121.7635922 37.239059, -121.77471403061297 37.1814098462552, -121.88906058575701 37.18273824000839, -121.90738555965098 37.2525773701098, -121.93729968986862 37.25530493711546, -121.94790326348856 37.25630821374022, -121.95139878783655 37.25733652816498, -121.95426747439113 37.25821982514689, -121.9948562130875 37.270831118333895, -121.99458209662455 37.298047325914446, -121.994252346109 37.32000928090869, -121.99194299531779 37.3495510762504, -121.98749389045408 37.40470470028946, -121.98761220010569 37.40474942421248, -121.98201910000002 37.4327668, -121.9685805554637 37.436237472589816))",true,null
248,"San Francisco, CA",3838,CA: San Mateo,"POLYGON ((-122.3955938 37.5697506, -122.3803271 37.5520665, -122.2910632 37.4589207, -122.2285785 37.4976094, -122.2299518 37.5624089, -122.3152563 37.5877085, -122.3955938 37.5697506))",true,null
248,"San Francisco, CA",4199,CA: Sunnyvale,"POLYGON ((-122.0699729 37.4357588, -122.0679135 37.3745194, -122.0557249 37.3323682, -121.9945007 37.3195011, -121.9876342 37.4046392, -122.0699729 37.4357588))",true,null
248,"San Francisco, CA",4200,CA: Walnut Creek,"POLYGON ((-122.132853 37.96871, -122.160449 37.905395, -122.091896 37.85778, -122.090275 37.858335, -121.957202 37.914063, -121.863818 37.98337, -121.800646 37.976875, -121.767687 37.892391, -121.602893 37.957388, -121.655078 38.028817, -122.081545 38.043331, -122.099153 38.067346, -122.146924 38.067346, -122.140625 38.056886, -122.149127 38.047294, -122.181788 38.053231, -122.20758 38.018045, -122.171438 37.96871, -122.132853 37.96871))",true,null
705,"San Jacinto, CA",4206,CA: San Jacinto,"POLYGON ((-117.03966335036336 33.825938500165051, -117.04035002905692 33.711207439795963, -116.98301514265502 33.710207863829076, -116.92362031398747 33.718918065562619, -116.87486849020078 33.749468176296311, -116.92293365745361 33.782004923049357, -117.00121119657078 33.828790547023786, -117.03966335036336 33.825938500165051))",true,null
727,"San Luis Obispo, CA",4231,CA: San Luis Obispo,"POLYGON ((-120.687163 35.330094, -120.7125689 35.243779, -120.6507708 35.2202225, -120.5917193 35.2678892, -120.687163 35.330094))",true,null
523,"Sandusky, OH",3964,OH: Sandusky,"POLYGON ((-82.8042015 41.4530611, -82.7502639 41.4051926, -82.6689323 41.3840627, -82.6308307 41.4008032, -82.6229271 41.4247497, -82.7066978 41.4633531, -82.8042015 41.4530611))",true,null
784,"Sandy, OR",4344,OR: Sandy,"POLYGON ((-122.2938918 45.4176712, -122.2849654 45.3868161, -122.2520064 45.3790996, -122.2245406 45.4022457, -122.2938918 45.4176712))",true,null
1132,"Sanitaria Springs, NY",4712,NY: Sanitaria Springs,"POLYGON ((-75.8036985 42.17649, -75.8009519 42.1479874, -75.7219877 42.1591864, -75.7460203 42.1907364, -75.8036985 42.17649))",false,null
729,"Santa Barbara, CA",4233,CA: Santa Barbara,"POLYGON ((-119.8934192 34.4447835, -119.8968525 34.4034365, -119.5040912 34.3802052, -119.4525928 34.3807719, -119.5528431 34.4476147, -119.8934192 34.4447835))",true,null
760,"Santa Fe, NM",4269,NM: Santa Fe,"POLYGON ((-105.9101962 35.7714792, -106.173868 35.5829522, -106.1367892 35.5215012, -105.904703 35.646588, -105.9101962 35.7714792))",true,null
726,"Santa Maria, CA",4230,CA: Santa Maria,"POLYGON ((-120.6345528 35.1307032, -120.6482857 34.6248578, -120.4477852 34.4415851, -119.9808663 34.585296, -120.5343026 35.1453027, -120.6345528 35.1307032))",true,null
716,"Santa Rosa, CA",4220,CA: Santa Rosa,"POLYGON ((-122.51974889999998 38.3801841, -122.63199459999998 38.3850602, -122.66098829999999 38.3815466, -122.65587763105754 38.32491075220824, -122.63244424218486 38.32491075220824, -122.5963017843697 38.27578354, -122.63244424218486 38.22662306727094, -122.70472915781515 38.22662306727094, -122.74087161563034 38.27578354, -122.7186319007609 38.30601716434499, -122.72941489999998 38.3104759, -122.79700509999998 38.4533121, -122.70641650000002 38.5113316, -122.51974889999998 38.3801841))",true,null
717,"Sausalito, CA",4221,CA: Sausalito,"POLYGON ((-122.57377825781514 37.84915636083877, -122.60992071563032 37.89857101, -122.57377825781514 37.94795250624595, -122.50149334218484 37.94795250624595, -122.4653508843697 37.89857101, -122.48035878118743 37.87805595496189, -122.4725924 37.85795, -122.48907190000001 37.8308385, -122.50832415449962 37.84915636083877, -122.57377825781514 37.84915636083877))",true,null
584,"Savannah, GA",4036,GA: Savannah,"POLYGON ((-81.079126 32.112912, -81.128541 32.19314, -81.188989 32.18965, -81.200824 32.178664, -81.212428 32.195674, -81.284713 32.195674, -81.286886 32.192489, -81.288574 32.192489, -81.324716 32.139497, -81.322759 32.136627, -81.322964 32.136327, -81.293287 32.092791, -81.359277 32.031453, -81.342798 31.886977, -81.013208 31.84499, -80.793481 32.031453, -81.079126 32.112912))",true,null
819,"Scottsburg, IN",4380,IN: Scottsburg,"POLYGON ((-85.8811767 38.8207501, -85.8125121 38.653643, -85.6779296 38.6686558, -85.7713134 38.8335883, -85.8811767 38.8207501))",true,null
408,"Scranton, PA",4796,PA: Clarks / Dalton,"POLYGON ((-75.768105157912856 41.549402329920625, -75.788361199396732 41.538096100091941, -75.747505793692014 41.514320875174548, -75.805447021267852 41.477481637800373, -75.732353124256889 41.433111935653031, -75.6745889179751 41.466269769434263, -75.622826173593523 41.494977113927291, -75.712486874516543 41.542978578219682, -75.746475825480957 41.557366895659392, -75.768105157912856 41.549402329920625))",true,null
408,"Scranton, PA",4795,PA: Mountain Top / Montage,"POLYGON ((-75.785403058279684 41.181287255739072, -76.0113107596435 41.18170610980291, -76.012086758586378 41.184192967777065, -76.103332268707746 41.181852839308767, -76.131831890041582 41.177777413685561, -76.150071975576566 41.164433979277142, -76.146881676294782 41.137738958159147, -76.140547217009384 41.039270034657818, -76.074827201923526 41.023142890064378, -75.925175601306336 41.033297478743862, -75.7891445029078 41.167196759468212, -75.785403058279684 41.181287255739072))",true,null
408,"Scranton, PA",4797,PA: North Scranton / Carbondale,"POLYGON ((-75.605568982677951 41.485493045728596, -75.563106391331431 41.462002544683294, -75.54946363411743 41.450113786955619, -75.509487329897 41.485731747012608, -75.450315131660972 41.5965818668458, -75.5030283630218 41.6463890044282, -75.585769142642249 41.673834164089264, -75.663360081207443 41.65305899749702, -75.666349445188885 41.51830740734227, -75.622807529081825 41.494990800842849, -75.605568982677951 41.485493045728596))",true,null
408,"Scranton, PA",3842,PA: Scranton,"POLYGON ((-75.732409266994182 41.432975442167738, -75.775273193565 41.3690074006755, -75.730632170710649 41.341697422952031, -75.7185920193335 41.348482584597555, -75.709626665598933 41.34335067006495, -75.680982564002008 41.3383925161723, -75.605186840636733 41.3416474637672, -75.532072232300919 41.4349392852925, -75.563153754219584 41.4619681072472, -75.622819757849655 41.494965985913709, -75.67453185556522 41.46628812163339, -75.732409266994182 41.432975442167738))",true,null
408,"Scranton, PA",4794,PA: Wilkes-Barre,"POLYGON ((-75.7754031481878 41.368980934522973, -75.793228245672339 41.37606941255649, -75.964932742770628 41.396442933105511, -76.053230664312125 41.39557304253595, -76.089036865067982 41.373591032839194, -76.122251867670684 41.328536109691264, -76.093946500693136 41.295956188472687, -76.087644142408848 41.270493063626887, -76.021376261861732 41.21230099059359, -76.015810109188124 41.196204281965265, -76.0113092886884 41.181707239416696, -75.785359270303388 41.181321049878591, -75.771412105886881 41.245048391555358, -75.72521076043742 41.282631663355588, -75.727486896383311 41.330436559928152, -75.730553239738214 41.32659730466915, -75.734151939464212 41.328749119784206, -75.7312880939037 41.335011322636753, -75.7307304389867 41.341483486829141, -75.7754031481878 41.368980934522973))",true,null
615,"Searcy, AR",4068,AR: Searcy,"POLYGON ((-91.7556364 35.293155, -91.8297941 35.25055, -91.7199308 35.1540455, -91.6155607 35.2550358, -91.7556364 35.293155))",true,null
367,"Seattle, WA",3688,"Mercer Island, WA","POLYGON ((-122.22369503189634 47.586591545500674, -122.22626995235753 47.595621711215031, -122.23330806828481 47.594116791798918, -122.23931621602759 47.592496060947866, -122.24120449103245 47.595968994164629, -122.24704097741116 47.595853233437559, -122.2492725751442 47.592496060947866, -122.25373577061026 47.593653730963489, -122.25545238425106 47.589138673076995, -122.25270580242578 47.581728503192963, -122.23296474555664 47.568642360747589, -122.23038982509543 47.5565955873733, -122.23502468192561 47.55068702269714, -122.23691295693047 47.542923778168074, -122.24103282966838 47.542112626578664, -122.2441227342218 47.537477233865005, -122.2400028614839 47.530523376356179, -122.22987484100322 47.525539211229578, -122.22438167735267 47.525423294777312, -122.20910381594959 47.538636120465007, -122.20824550912921 47.568179074534889, -122.2041256363913 47.57014801263751, -122.20155071593008 47.575938578058626, -122.20309566820681 47.579760000486765, -122.22369503189634 47.586591545500674))",false,null
367,"Seattle, WA",3678,WA: Bellevue,"POLYGON ((-122.20691870780401 47.608513549794488, -122.21496289411031 47.609459386385296, -122.21668398318374 47.605289582693665, -122.2109577158774 47.595030184472584, -122.19950517875792 47.5791974522135, -122.18734931229892 47.578877550009842, -122.19043921685235 47.573087309591564, -122.13104438488087 47.573087309591564, -122.11593818484189 47.604809967674321, -122.11525153938554 47.63258044175, -122.12692451214295 47.663110927555131, -122.20760535326032 47.664035815207626, -122.20451544870687 47.649466931228666, -122.21216897126094 47.650870475687007, -122.21634477521641 47.653551785417712, -122.22216715841547 47.647839793042827, -122.22211425461633 47.641952538410422, -122.22675074675676 47.639762857537832, -122.22717144017844 47.651997599597706, -122.23243897365066 47.651759582718476, -122.23285713674207 47.639142622515855, -122.24128114272722 47.645858733960928, -122.24421841241686 47.625419728575686, -122.240608353558 47.61500303284943, -122.23085900771993 47.613987884664034, -122.22463875110941 47.607481518968186, -122.22199898800669 47.615995684083884, -122.20691870780401 47.608513549794488))",true,null
367,"Seattle, WA",3682,WA: Bothell,"POLYGON ((-122.2639102806784 47.81688750441667, -122.26082037612495 47.775834811348808, -122.28588293528055 47.773296782987813, -122.27180670342604 47.75714279090505, -122.26219366703761 47.759220013786454, -122.25670050338705 47.754834668215061, -122.25910376248416 47.747909685824617, -122.24434088517332 47.727591088050374, -122.13379096670614 47.7262054403618, -122.12658118941481 47.73682779727644, -122.13207435306535 47.816195873815175, -122.2639102806784 47.81688750441667))",true,null
367,"Seattle, WA",3684,WA: Everett,"POLYGON ((-122.2137851623672 48.010185564856037, -122.21893500328956 47.9814672713958, -122.22820471694988 47.971124772676, -122.24846075791123 47.958711039492883, -122.2707767352416 47.9575614688436, -122.30545233078563 47.948593939918666, -122.31128881716434 47.936174792214807, -122.30819891261091 47.9290439334167, -122.31025884897987 47.924672921017923, -122.21412848509537 47.924442857501234, -122.20760535326033 47.917310380943178, -122.18013953500761 47.917540476181316, -122.19318579867767 47.948823895997791, -122.18837928048343 47.95917086059066, -122.19181250776502 47.965837806614232, -122.18666266684264 47.978709474304083, -122.17258643498812 47.982616310037706, -122.17258643498812 47.986522850111456, -122.1794528895513 47.988820676751381, -122.18116950319209 47.993645779702852, -122.18116950319209 48.008118381722319, -122.18460273047369 48.013860352505873, -122.19661902595924 48.017764527452833, -122.20657538507585 48.017764527452833, -122.2137851623672 48.010185564856037))",true,null
367,"Seattle, WA",3643,WA: Green Lake,"POLYGON ((-122.39190312846281 47.668339330630531, -122.37817021933644 47.660940380592919, -122.3620432352772 47.654217830533504, -122.35422683202938 47.651123217854845, -122.34796721385842 47.646598118235666, -122.34430237074538 47.648103657929688, -122.33497210447703 47.645772268160442, -122.32564184192812 47.653309114932952, -122.30023596004435 47.653309114932952, -122.27791998271402 47.667645723615664, -122.2782633054422 47.704163152759257, -122.38846990118121 47.704163152759257, -122.39190312846281 47.668339330630531))",true,null
367,"Seattle, WA",3686,WA: Interbay,"POLYGON ((-122.36699167503083 47.624225490627559, -122.34058594099137 47.634097460508727, -122.34000771323868 47.638383393146086, -122.34463353526019 47.644227280196951, -122.35677631806665 47.6509794022125, -122.37046104154696 47.655653436898469, -122.38857884446453 47.663053136237806, -122.40804584547173 47.667336693348645, -122.42269428187318 47.656172748261632, -122.41787571726744 47.648901919176559, -122.41883943018858 47.642539113305531, -122.40843133064018 47.634876747136808, -122.39474660715987 47.630070961124304, -122.3766288042423 47.626174053429985, -122.36699167503083 47.624225490627559))",true,null
367,"Seattle, WA",3679,WA: Kirkland,"POLYGON ((-122.20726203053215 47.664847421726556, -122.12658118941481 47.664153768308346, -122.08469581657941 47.669240345991717, -122.08709907567649 47.712225237834353, -122.13173103033718 47.711763223122716, -122.13413428943429 47.725621882723253, -122.24434088517332 47.727238486220863, -122.23713110788199 47.704601471307754, -122.22408484421194 47.705294587073091, -122.21069525781373 47.705294587073091, -122.20829199871663 47.699518340751354, -122.21515845327978 47.696745515178378, -122.21378516236716 47.679412014296979, -122.20485877143504 47.676406955024213, -122.20726203053215 47.664847421726556))",true,null
367,"Seattle, WA",3681,WA: Lynnwood,"POLYGON ((-122.37308690823292 47.774794526989268, -122.28588293528055 47.773640870011114, -122.26253698976575 47.775948158372579, -122.26700018523181 47.854335052491386, -122.33394811722282 47.854335052491386, -122.34253118542676 47.8421237041387, -122.35248754454339 47.840741106176814, -122.37343023096109 47.822072427100863, -122.37308690823292 47.774794526989268))",true,null
367,"Seattle, WA",3683,WA: Mill Creek,"POLYGON ((-122.13241767579352 47.816774246868491, -122.12151591374801 47.83981522174485, -122.14237403491013 47.89049544104563, -122.18013953500761 47.916733298618183, -122.20794867598849 47.916503199790391, -122.21584509873617 47.895329729895323, -122.26597021704737 47.8545694516779, -122.2639102806784 47.81746586976584, -122.13241767579352 47.816774246868491))",true,null
367,"Seattle, WA",3687,WA: Newcastle,"POLYGON ((-122.14404415896345 47.505365271883477, -122.1404392703178 47.51568477724441, -122.14919399988584 47.522176909132142, -122.14352917487122 47.52530675712385, -122.14146923850225 47.531681795775313, -122.15245556580334 47.533768003769907, -122.15966534309469 47.54315491272606, -122.15846371354614 47.546051767459218, -122.13494610666724 47.539678475729808, -122.12189984299719 47.540257897904752, -122.10009884975912 47.54883259739352, -122.09700894520567 47.565166993792012, -122.10645032023004 47.573158566186684, -122.11074185433203 47.575937957713244, -122.13048291120118 47.572579507716846, -122.19039272726492 47.572695319923056, -122.19468426136689 47.5701473922235, -122.18867611362413 47.5623870306052, -122.19657253637178 47.552308427341018, -122.19622921364362 47.538519612169061, -122.20481228184761 47.531565892897781, -122.20481228184761 47.527856865567891, -122.14404415896345 47.505365271883477))",true,null
367,"Seattle, WA",3685,WA: Paine Field,"POLYGON ((-122.33404137958006 47.85482786943394, -122.2666992622345 47.85482786943394, -122.21624353685175 47.895630572644471, -122.20851241763984 47.916906185176167, -122.2148193833127 47.923859777061026, -122.31145837346115 47.924132447893982, -122.32000329469531 47.914315392374483, -122.32590335935703 47.899177115385235, -122.3328206765466 47.879941027651022, -122.32875166643507 47.874619146198818, -122.32814131491834 47.869842633322364, -122.33078617149086 47.86561163996231, -122.33424483008562 47.861789800701054, -122.33404137958006 47.85482786943394))",true,null
367,"Seattle, WA",3642,WA: Seattle,"POLYGON ((-122.36649724657906 47.62381181485172, -122.33903142832632 47.60367631431086, -122.3434946237924 47.577048524664072, -122.28409979182089 47.575195652669713, -122.28890631001512 47.593489890572712, -122.28444311454906 47.608537317413742, -122.27892984144187 47.6203884537191, -122.28226885949634 47.624353401886516, -122.27598461046621 47.634838949998617, -122.2773268567238 47.642385817371689, -122.30032557783252 47.646959312695948, -122.30878125023035 47.6466338012472, -122.30893647549719 47.643000749750875, -122.31525383913066 47.643615674491535, -122.31492628314689 47.647188451380515, -122.32312346392524 47.651990643362446, -122.32971707730336 47.643384855003205, -122.32804510102525 47.629365071297606, -122.3376581374137 47.625894355158842, -122.34040471923898 47.633760980896312, -122.36649724657906 47.62381181485172))",true,null
367,"Seattle, WA",3680,WA: Shoreline,"POLYGON ((-122.3851032037185 47.704950119393253, -122.27832983526105 47.704950119393253, -122.28725622619321 47.736823692825894, -122.2838229989116 47.746751328835543, -122.27249334888235 47.756677071672648, -122.28622625800872 47.773061945400947, -122.37308690823292 47.77375415036547, -122.3717136173203 47.731050941093528, -122.37446019914556 47.718579613263195, -122.3851032037185 47.704950119393253))",true,null
367,"Seattle, WA",3640,WA: Tukwila,"POLYGON ((-122.32838842375345 47.429854905637157, -122.14436744146025 47.429622649908367, -122.14436744146025 47.504964832679221, -122.20376227343175 47.527456597972659, -122.20925543708229 47.51887840217708, -122.19964240069383 47.508907385219032, -122.20135901433461 47.503341342618967, -122.2123453416357 47.499398372006844, -122.35997411474408 47.479911111539174, -122.36787053749173 47.469236452507822, -122.36512395566645 47.4599523776603, -122.32838842375345 47.429854905637157))",true,null
367,"Seattle, WA",3641,WA: White Center,"POLYGON ((-122.40357610122021 47.577393423858162, -122.40357610122021 47.560020289338127, -122.3980829375697 47.553532841790549, -122.39327641937547 47.521779107655277, -122.39670964665706 47.515982555799575, -122.38572331935596 47.502764022943332, -122.36581060112275 47.492325987449163, -122.35997411474405 47.480493705360885, -122.23466131896602 47.496965370512591, -122.21345216177254 47.499438010604592, -122.23903371502388 47.511307315958305, -122.24719998155018 47.511980476032925, -122.2616355982731 47.521654008715451, -122.2592621922731 47.525225927548846, -122.26495071399899 47.533173615621926, -122.26210086065512 47.539675359514256, -122.25640115271966 47.545634557161712, -122.26365478008408 47.561604524724068, -122.26899359178194 47.563032045523684, -122.28341314636459 47.57461410958684, -122.3440177452954 47.576889601841458, -122.37754703153948 47.585205887614123, -122.39816103864379 47.585682192851117, -122.40357610122021 47.577393423858162))",true,null
921,"Sedona, AZ",4497,AZ: Oak Creek,"POLYGON ((-111.784263 34.7920802, -111.7880395 34.7672652, -111.7600587 34.7627526, -111.7377428 34.7896836, -111.784263 34.7920802))",true,null
921,"Sedona, AZ",4496,AZ: Sedona,"POLYGON ((-111.8195197 34.8704042, -111.8181464 34.852093, -111.7388388 34.8650521, -111.756005 34.8856134, -111.8195197 34.8704042))",true,null
818,"Seymour, IN",4379,IN: Seymour,"POLYGON ((-85.9663207 38.9853311, -85.9278686 38.8891938, -85.7822997 38.9597072, -85.8454711 39.0472172, -85.9663207 38.9853311))",true,null
606,"Shawnee, OK",4057,OK: Shawnee,"POLYGON ((-96.9909202 35.3996463, -96.9964134 35.2965946, -96.8755638 35.2965946, -96.7711936 35.3951685, -96.9909202 35.3996463))",true,null
564,"Shelby, NC",4917,NC: Kings Mountain,"POLYGON ((-81.363569 35.19215, -81.291284 35.19215, -81.255142 35.243293, -81.291284 35.294403, -81.363569 35.294403, -81.399712 35.243293, -81.363569 35.19215))",false,null
564,"Shelby, NC",4011,NC: Shelby,"POLYGON ((-81.5865278 35.3340229, -81.592021 35.241262999999996, -81.4117765 35.2449082, -81.4128065 35.3393443, -81.5865278 35.3340229))",true,null
828,"Shelbyville, KY",4392,KY: Shelbyville,"POLYGON ((-85.2549256 38.238795, -85.2624787 38.2048101, -85.207547 38.1708093, -85.1684082 38.2182981, -85.2549256 38.238795))",true,null
1042,"Shelbyville, TN",4619,TN: Shelbyville,"POLYGON ((-86.4702334 35.5264584, -86.5069689 35.4850947, -86.4777865 35.4378358, -86.4077487 35.4683196, -86.395389 35.5261789, -86.4702334 35.5264584))",true,null
680,"Sherman, TX",4168,TX: Sherman,"POLYGON ((-96.6458507 33.6812137, -96.637611 33.5897439, -96.5634533 33.6126205, -96.4824291 33.7725863, -96.5895458 33.7885665, -96.6458507 33.6812137))",true,null
906,"Shinnston, WV",4475,WV: Shinnston,"POLYGON ((-80.2910115 39.4426904, -80.3377034 39.3838057, -80.2999379 39.3700057, -80.2443196 39.4225373, -80.2910115 39.4426904))",true,null
923,"Show Low, AZ",4499,AZ: Show Low,"POLYGON ((-110.0834795 34.2729326, -110.0718066 34.2099255, -109.9131914 34.2638534, -109.9619433 34.3086724, -110.0834795 34.2729326))",true,null
383,"Shreveport, LA",3663,LA:Shreveport,"POLYGON ((-93.798519 32.527001, -93.793895 32.504317, -93.793408 32.501928, -93.725676 32.470641, -93.681961 32.484392, -93.678102 32.485606, -93.681428 32.498234, -93.673059 32.498234, -93.636916 32.551016, -93.673059 32.603768, -93.741985 32.603768, -93.746149 32.609843, -93.818434 32.609843, -93.854576 32.557096, -93.833894 32.526897, -93.833823 32.527001, -93.798519 32.527001))",true,null
383,"Shreveport, LA",3664,LA:South Shreveport,"POLYGON ((-93.727427 32.471321, -93.746672 32.480211, -93.79353 32.501855, -93.793719 32.502783, -93.798632 32.526888, -93.833745 32.526888, -93.852129 32.500036, -93.86436 32.500036, -93.867803 32.504565, -93.883167 32.506664, -93.884097 32.500036, -93.899453 32.500036, -93.935596 32.447223, -93.899453 32.39438, -93.867452 32.39438, -93.836864 32.349635, -93.764579 32.349635, -93.744778 32.378604, -93.677684 32.378604, -93.641541 32.431457, -93.677684 32.484278, -93.681937 32.484278, -93.725686 32.470516, -93.727427 32.471321))",true,null
637,"Sidell, LA",4891,LA: Mandeville,"POLYGON ((-90.051165 30.338234, -90.015022 30.392248, -90.051165 30.446231, -90.12345 30.446231, -90.159592 30.392248, -90.12345 30.338234, -90.051165 30.338234))",false,null
637,"Sidell, LA",4109,LA: Sidell,"POLYGON ((-89.8392651 30.2460651, -89.7706005 30.2152152, -89.6717235 30.2769052, -89.721162 30.3812152, -89.7953197 30.3575182, -89.8392651 30.2460651))",true,null
869,"Sidney, OH",4436,OH: Sidney,"POLYGON ((-84.2071336 40.4277352, -84.2263597 40.2602661, -84.10963 40.2413998, -84.076671 40.3524256, -84.0546983 40.416235, -84.2071336 40.4277352))",true,null
764,"Sierra Vista, AZ",4277,AZ: Sierra Vista,"POLYGON ((-110.2032566 31.6640151, -110.483408 31.6125708, -110.3598118 31.4229175, -110.1373386 31.5049137, -110.2032566 31.6640151))",true,null
1015,"Siler City, NC",4591,NC: Siler City,"POLYGON ((-79.4839159 35.7402167, -79.4935289 35.7109514, -79.4447771 35.7060728, -79.4334474 35.735758, -79.4839159 35.7402167))",true,null
732,"Silver Dale, WA",4236,WA: Silver Dale,"POLYGON ((-122.693572 47.6886137, -122.7292776 47.6146057, -122.6825857 47.5479089, -122.6043081 47.5710772, -122.5795889 47.6238625, -122.6400137 47.6904625, -122.693572 47.6886137))",true,null
948,"Sinton, TX",4525,TX: Sinton,"POLYGON ((-97.5395085 28.0453664, -97.5395085 28.0309726, -97.5283505 28.0144551, -97.4744488 28.0117272, -97.4706723 28.0385485, -97.4809719 28.0612732, -97.5003697 28.0670293, -97.5288655 28.0540018, -97.5395085 28.0453664))",true,null
301,"Sioux Falls, SD",4124,SD: Sioux Falls,"POLYGON ((-96.7653933 43.6315384, -96.8121233 43.5698571, -96.8422976 43.5121428, -96.7571535 43.4563438, -96.5978518 43.5440048, -96.6650821 43.6017264, -96.7653933 43.6315384))",true,null
1000,"Sneads Ferry, NC",4576,NC: Sneads Ferry,"POLYGON ((-77.447142 34.5564248, -77.4494165 34.538645, -77.420792 34.5345441, -77.4223369 34.5565308, -77.447142 34.5564248))",true,null
686,"Snyder, TX",4174,TX: Snyder,"POLYGON ((-100.9421728 32.6923381, -100.8542822 32.6858368, -100.859432 32.763099, -100.9426878 32.7648312, -100.9421728 32.6933493, -100.9421728 32.6923381))",true,null
833,"Somerset, KY",4397,KY: Somerset,"POLYGON ((-84.6483677 37.1276894, -84.668967 37.0257938, -84.5893161 37.0005728, -84.5536106 37.1079783, -84.6483677 37.1276894))",true,null
961,"Somerset, TX",4538,TX: Somerset,"POLYGON ((-98.6673652 29.235832, -98.674575 29.218754, -98.6440192 29.2183045, -98.642131 29.235832, -98.6673652 29.235832))",true,null
720,"Sonoma Valley, CA",4224,CA: Sonoma Valley,"POLYGON ((-122.5209184 38.3299013, -122.490706 38.2307236, -122.3506303 38.2318023, -122.438521 38.3439046, -122.5209184 38.3299013))",true,null
328,"South Bend, IN",4088,IN: South Bend,"POLYGON ((-86.3749513 41.7593748, -86.3419923 41.5623878, -86.1222657 41.5870441, -86.13331821823125 41.674354684580344, -86.1552247 41.7593748, -86.3749513 41.7593748))",true,null
879,"South Bloomfield, OH",4448,OH: South Bloomfield,"POLYGON ((-83.0082248 39.7343778, -83.0185245 39.7053294, -82.9375003 39.7084989, -82.9429935 39.74177, -83.0082248 39.7343778))",true,null
518,"South Boston, VA",3961,VA: South Boston,"POLYGON ((-78.9974373 36.7991263, -79.01735 36.6824748, -78.8498085 36.66375, -78.7818306 36.8046244, -78.9974373 36.7991263))",true,null
941,"South Padre Island, TX",4518,TX: South Padre Island,"POLYGON ((-97.1749154 26.1407303, -97.1718255 26.1226989, -97.1728554 26.1149923, -97.1653023 26.0946444, -97.1687356 26.0850859, -97.1653023 26.0736763, -97.1568909 26.0746014, -97.1682206 26.1399598, -97.1749154 26.1407303))",true,null
840,"South Shore, KY",4404,KY: South Shore,"POLYGON ((-82.9619715 38.7284313, -82.9734728 38.7232084, -82.9743311 38.7198601, -82.9554484 38.7126274, -82.9509852 38.7189226, -82.9080698 38.72736, -82.9215453 38.7467755, -82.9619715 38.7284313))",true,null
1099,"South Wales, NY",4679,NY: South Wales,"POLYGON ((-78.5946791 42.712258, -78.5781996 42.6981297, -78.5565703 42.7039328, -78.5730498 42.7233566, -78.5946791 42.712258))",false,null
555,"Southern Pines, NC",4924,NC: Carthage,"POLYGON ((-79.435408 35.291064, -79.363123 35.291064, -79.326981 35.342144, -79.363123 35.393192, -79.435408 35.393192, -79.471551 35.342144, -79.435408 35.291064))",false,null
555,"Southern Pines, NC",4845,NC: Raeford,"POLYGON ((-79.271874 34.92879, -79.199589 34.92879, -79.163446 34.980098, -79.199589 35.031374, -79.271874 35.031374, -79.308016 34.980098, -79.271874 34.92879))",false,null
555,"Southern Pines, NC",4002,NC: Southern Pines,"POLYGON ((-79.484020081455512 35.226639575315922, -79.608546271034029 35.175780043170363, -79.570975906766932 35.012627957923165, -79.307990650707552 34.986053650790652, -79.2818475 35.1533464, -79.255877863885729 35.274638798486357, -79.3631319163354 35.279021002493572, -79.484020081455512 35.226639575315922))",true,null
1020,"Sparta, NC",4597,NC: Sparta,"POLYGON ((-81.1243647 36.5153038, -81.1329477 36.514752, -81.1291712 36.4950205, -81.1027353 36.4935025, -81.102907 36.5122686, -81.1243647 36.5153038))",true,null
574,"Spartanburg, SC",4024,SC: Spartanburg,"POLYGON ((-81.962452 34.83848, -81.771565 35.033808, -82.007771 35.079337, -82.02134 35.057816, -82.044638 35.090841, -82.116923 35.090841, -82.153065 35.039602, -82.116923 34.988332, -82.065125 34.988332, -82.140294 34.868908, -81.962452 34.83848))",true,null
574,"Spartanburg, SC",4847,SC: Woodruff,"POLYGON ((-82.082177 34.696938, -82.009892 34.696938, -81.97375 34.748391, -82.009892 34.799811, -82.082177 34.799811, -82.118319 34.748391, -82.082177 34.696938))",false,null
1147,"Spencer, MA",4727,MA: Spencer,"POLYGON ((-72.0309092 42.267941, -72.0336557 42.2333792, -71.9691111 42.2211764, -71.9553781 42.2567613, -72.0309092 42.267941))",true,null
329,"Spokane, WA",4240,WA: Spokane,"POLYGON ((-117.4630531 47.7836195, -117.5481972 47.7550061, -117.4822792 47.6376192, -117.4589332 47.5867003, -117.3394569 47.5931836, -117.3325905 47.6394698, -117.2913917 47.6514975, -117.2282204 47.6126288, -117.0819648 47.6505724, -117.0644643 47.6577459, -117.044886 47.6612102, -117.0421394 47.7439258, -117.1114906 47.7162145, -117.3353371 47.6829415, -117.3476967 47.7799284, -117.4630531 47.7836195))",true,null
974,"Spring Branch, TX",4551,TX: Spring Branch,"POLYGON ((-98.4165797 29.9625486, -98.443729360343653 29.889696765853362, -98.442426332155208 29.761505505523292, -98.388925242827213 29.771096485296706, -98.365994953416319 29.8337390307778, -98.2648311 29.9119712, -98.2596812 29.960764, -98.4165797 29.9625486))",true,null
396,"Spring Hill, FL",3816,FL: Spring Hill,"POLYGON ((-82.6556466976631 28.43101625742306, -82.477933368434648 28.388213543035157, -82.372748746734132 28.5372369137332, -82.459266081241537 28.591512971598771, -82.586982146466738 28.593924591021178, -82.6556466976631 28.43101625742306))",true,null
1158,"Spring Hill, TN",4816,TN: Spring Hill / Columbia,"POLYGON ((-86.968477290739642 35.82003475084921, -87.138078726264823 35.60259660674501, -87.097610100951329 35.577055887055, -87.028215448191844 35.555127557645811, -86.84213452095571 35.735360179075727, -86.830383262567736 35.821807253917811, -86.87253452304671 35.820702496091329, -86.882371432387885 35.821389184891991, -86.892612250835811 35.822010366714693, -86.912781535372915 35.82279972944356, -86.968477290739642 35.82003475084921))",true,null
466,"Spring Valley, NY",3906,NY: Spring Valley,"POLYGON ((-74.0742857 41.1938153, -74.1892989 41.1268696, -73.9640791 41.0285244, -73.9273436 41.0523478, -73.9084609 41.1452283, -73.9359267 41.1713354, -74.0742857 41.1938153))",true,null
20,"Springfield, IL",4083,IL: Springfield,"POLYGON ((-89.8404735 39.8843021, -89.7773021 39.6346299, -89.566502 39.6309281, -89.4964641 39.7735657, -89.5170635 39.8927318, -89.6530193 39.9064279, -89.8404735 39.8843021))",true,null
417,"Springfield, MA",3853,MA: Springfield,"POLYGON ((-72.6270556 42.4203601, -72.8083301 42.1969309, -72.6984668 42.0747262, -72.473247 42.0584144, -72.3523974 42.164366, -72.4567676 42.3473251, -72.6270556 42.4203601))",true,null
261,"Springfield, MO",4052,MO: Springfield,"POLYGON ((-93.172886 37.258623, -93.224201 37.270982, -93.356037 37.250215, -93.578511 37.186786, -93.570491 37.157504, -93.566041 37.140756, -93.53747 37.135422, -93.528495 37.135042, -93.528778 37.134652, -93.537233 37.135048, -93.565354 37.139738, -93.540058 37.035655, -93.291269 37.011683, -93.296749 37.004103, -93.260606 36.954094, -93.188322 36.954094, -93.152179 37.004103, -93.17983 37.042341, -93.111592 37.103592, -93.118544 37.223636, -93.075228 37.223636, -93.039085 37.273467, -93.075228 37.323265, -93.147513 37.323265, -93.183655 37.273467, -93.172886 37.258623))",true,null
373,"St Petersburg, FL",3459,FL: Clearwater,"POLYGON ((-82.814847 27.912296, -82.795145 27.934929, -82.724039 27.937148, -82.723135 27.951135, -82.68585 28.031856, -82.787937 28.032771, -82.788839 28.0204, -82.790458 28.022875, -82.862742 28.022875, -82.898885 27.9676, -82.862742 27.912296, -82.814847 27.912296))",true,null
373,"St Petersburg, FL",3458,FL: Largo,"POLYGON ((-82.7950767 27.9348116, -82.83520401915455 27.888710738056602, -82.84603812685852 27.875173355869634, -82.83489980135069 27.83006315450582, -82.7554824 27.8159272, -82.6917366 27.8932489, -82.7120305 27.9282326, -82.7240468 27.937029, -82.7950767 27.9348116))",true,null
373,"St Petersburg, FL",3456,FL: Palm Harbor/Oldsmar,"POLYGON ((-82.7772906 28.0977156, -82.7754023 28.0586395, -82.7879281 28.0328903, -82.6857951 28.0319747, -82.6201614 28.0126518, -82.6201356 28.0782831, -82.620805363407271 28.105339335788155, -82.671973648650791 28.102809526083128, -82.708982165455808 28.102966949274744, -82.7080204 28.0813598, -82.732966651744476 28.109242525844959, -82.734278424446956 28.129302205649651, -82.726561896212942 28.152480454903426, -82.733704763709369 28.162886614110775, -82.761649226848576 28.1576711354281, -82.786639362047325 28.157664871156349, -82.7772906 28.0977156))",true,null
373,"St Petersburg, FL",3457,FL: St. Petersburg,"POLYGON ((-82.6513768987684 27.896813454416495, -82.61660845390618 27.871788013813198, -82.62279349999999 27.7904061, -82.6236295628765 27.789142386650898, -82.59722699218484 27.789142386650898, -82.56108453436968 27.73374748, -82.59722699218484 27.678324400672533, -82.66951190781514 27.678324400672533, -82.70565436563031 27.73374748, -82.69887113410984 27.74414616781317, -82.729687 27.7511246, -82.738569 27.757387, -82.7568566 27.7972523, -82.75549123065991 27.815807204652227, -82.75542435801117 27.815795300820824, -82.74514561309257 27.828266846412433, -82.6830063940066 27.902416607095994, -82.6513768987684 27.896813454416495))",true,null
603,"St. George, UT",4054,UT: St. George,"POLYGON ((-113.6587981 37.0469128, -113.4445647 37.0184093, -113.3841399 37.132359, -113.2852629 37.1805169, -113.0792693 37.0118301, -112.9501799 37.1805169, -113.3347014 37.3095162, -113.6587981 37.0469128))",true,null
218,"St. Louis, MO",4328,MO: Arnold,"POLYGON ((-90.365897 38.482038, -90.421438 38.443543, -90.44235275247573 38.40034310272503, -90.39866466784216 38.36488847634358, -90.36611770707742 38.365337439925355, -90.36821250715035 38.417265738930915, -90.33897306544777 38.46507295156011, -90.365897 38.482038))",true,null
218,"St. Louis, MO",3341,MO: Bellville,"POLYGON ((-90.49986623683027 38.54645973733202, -90.49985919603193 38.5464579017884, -90.49986590155417 38.5464565906858, -90.49986623683027 38.54645973733202))",false,null
218,"St. Louis, MO",4320,MO: Black Jack,"POLYGON ((-90.305951 38.79568, -90.2669 38.749211, -90.24403 38.773326, -90.227539 38.818561, -90.223508 38.83381, -90.250974 38.845844, -90.263334 38.821775, -90.305951 38.79568))",true,null
218,"St. Louis, MO",4322,MO: Bridgeton,"POLYGON ((-90.418715 38.762312, -90.380458 38.766605, -90.372005 38.774204, -90.378314 38.791029, -90.359043 38.81186, -90.392272 38.81143, -90.468029 38.792216, -90.477182 38.765291, -90.468942 38.762346, -90.446073 38.7538, -90.422384 38.744295, -90.391295 38.744601, -90.398577 38.752099, -90.418715 38.762312))",true,null
218,"St. Louis, MO",4332,MO: Castle Point,"POLYGON ((-90.24403 38.773326, -90.266213 38.749416, -90.2379997 38.7211634, -90.180846 38.757216, -90.202819 38.768192, -90.24403 38.773326))",true,null
218,"St. Louis, MO",4323,MO: Champ,"POLYGON ((-90.477182 38.765291, -90.491663 38.747689, -90.523249 38.73189, -90.46564263463956 38.71845011923089, -90.422384 38.744295, -90.477182 38.765291))",true,null
218,"St. Louis, MO",3337,MO: Chesterfield,"POLYGON ((-90.498945 38.67397, -90.637966 38.676891, -90.613933 38.58302, -90.492926 38.588923, -90.498945 38.67397))",true,null
218,"St. Louis, MO",4314,MO: Collinsville,"POLYGON ((-90.047625 38.668949, -89.985826 38.63758, -89.964197 38.694946, -90.016382 38.704859, -90.047625 38.668949))",true,null
218,"St. Louis, MO",4326,MO: Cottleville,"POLYGON ((-90.702175 38.761168, -90.717648 38.71733, -90.65997 38.688394, -90.548878 38.727934, -90.573052 38.75697, -90.702175 38.761168))",true,null
218,"St. Louis, MO",4319,MO: Cross Keys,"POLYGON ((-90.343937 38.819082, -90.305264 38.795884, -90.263334 38.821775, -90.250974 38.845844, -90.281721 38.848029, -90.32086 38.844286, -90.343937 38.819082))",true,null
218,"St. Louis, MO",3340,MO: East St. Louis,"POLYGON ((-90.104616 38.661175, -90.174946 38.619478, -90.148853 38.606065, -90.075434 38.543658, -89.985826 38.63758, -90.047625 38.668949, -90.104616 38.661175))",true,null
218,"St. Louis, MO",4313,MO: Fairview Heights,"POLYGON ((-90.075434 38.543658, -89.96077053121756 38.475345202788695, -89.883121 38.573326, -89.985826 38.63758, -90.075434 38.543658))",true,null
218,"St. Louis, MO",4321,MO: Ferguson,"POLYGON ((-90.305264 38.795884, -90.34097 38.775546, -90.350117 38.758202, -90.342641 38.747849, -90.335432 38.738209, -90.340196 38.731553, -90.338957 38.715504, -90.314238 38.686835, -90.266213 38.749416, -90.305264 38.795884))",true,null
218,"St. Louis, MO",3339,MO: Florissant,"POLYGON ((-90.372005 38.774204, -90.380458 38.766605, -90.367346 38.758656, -90.350117 38.758202, -90.34097 38.775546, -90.305264 38.795884, -90.343937 38.819082, -90.359043 38.81186, -90.378314 38.791029, -90.372005 38.774204))",true,null
218,"St. Louis, MO",4331,MO: Granite City,"POLYGON ((-90.175976 38.659166, -90.107744 38.705602, -90.087469 38.713079, -90.03118 38.713079, -89.995037 38.761909, -90.03118 38.810705, -90.103464 38.810705, -90.139607 38.761909, -90.125304 38.74259, -90.150055 38.729506, -90.168363 38.707909, -90.186791 38.682751, -90.175976 38.659166))",true,null
218,"St. Louis, MO",4315,MO: Jennings,"POLYGON ((-90.266213 38.749416, -90.314238 38.686835, -90.248216 38.654275, -90.19955 38.682418, -90.266213 38.749416))",true,null
218,"St. Louis, MO",4330,MO: Kirkwood,"POLYGON ((-90.348044 38.637747, -90.399364 38.62075, -90.492926 38.588923, -90.47869457422011 38.56948520976602, -90.464773 38.543825, -90.355597 38.58785, -90.348044 38.637747))",true,null
218,"St. Louis, MO",4327,MO: Lake St. Louis,"POLYGON ((-90.700115 38.81362, -90.762966 38.80621, -90.78301263562369 38.80618368155391, -90.8081179627738 38.806718730733714, -90.8391256310068 38.80645708567449, -90.80824205820973 38.777626671295714, -90.717648 38.71733, -90.702175 38.761168, -90.700115 38.81362))",true,null
218,"St. Louis, MO",3338,MO: Maryland Heights,"POLYGON ((-90.362956 38.739008, -90.391086 38.74456, -90.391026 38.744499, -90.422338 38.74419, -90.443769 38.731387, -90.465615 38.718334, -90.513922 38.729604, -90.535814 38.700018, -90.516904 38.674453, -90.499094 38.674078, -90.500397 38.684251, -90.449976 38.684045, -90.390502 38.695777, -90.339097 38.715567, -90.340333 38.731577, -90.340308 38.731612, -90.340313 38.731676, -90.362956 38.739008))",true,null
218,"St. Louis, MO",4317,MO: Mehlville,"POLYGON ((-90.361777 38.564767, -90.385123 38.535769, -90.349419 38.511046, -90.365897 38.482038, -90.339117 38.465267, -90.29512739967694 38.48404731543044, -90.266333 38.525994, -90.361777 38.564767))",true,null
218,"St. Louis, MO",3335,MO: Richmond Heights,"POLYGON ((-90.348044 38.637747, -90.355597 38.58785, -90.34873 38.584093, -90.324011 38.59751, -90.310278 38.62584, -90.297029 38.623833, -90.248216 38.654275, -90.314238 38.686835, -90.352003 38.666465, -90.348044 38.637747))",true,null
218,"St. Louis, MO",4318,MO: Spanish Lake,"POLYGON ((-90.2273241 38.8189332, -90.24403 38.773326, -90.202819 38.768192, -90.180846 38.757216, -90.181533 38.815556, -90.2273241 38.8189332))",true,null
218,"St. Louis, MO",3364,MO: St. Charles,"POLYGON ((-90.489826 38.847824, -90.58863 38.815189, -90.565533 38.799173, -90.565498 38.776511, -90.573052 38.75697, -90.548878 38.727934, -90.492573 38.755784, -90.47678 38.788975, -90.467167 38.831779, -90.489826 38.847824))",true,null
218,"St. Louis, MO",3334,MO: St. Louis,"POLYGON ((-90.19955 38.682418, -90.248216 38.654275, -90.297029 38.623833, -90.266664 38.618874, -90.24642 38.608136, -90.25386 38.576537, -90.238411 38.57278, -90.201531 38.595934, -90.178655 38.636786, -90.19955 38.682418))",true,null
218,"St. Louis, MO",4329,MO: St. Louis Hills,"POLYGON ((-90.310278 38.62584, -90.324011 38.59751, -90.34873 38.584093, -90.361777 38.564767, -90.266333 38.525994, -90.238411 38.57278, -90.25386 38.576537, -90.24642 38.608136, -90.266664 38.618874, -90.310278 38.62584))",true,null
218,"St. Louis, MO",4324,MO: St. Louis West,"POLYGON ((-90.338957 38.715504, -90.390455 38.695678, -90.44996 38.68394, -90.423966 38.646335, -90.399364 38.62075, -90.348044 38.637747, -90.352003 38.666465, -90.314238 38.686835, -90.338957 38.715504))",true,null
218,"St. Louis, MO",4333,MO: St. Peters,"POLYGON ((-90.700115 38.81362, -90.702175 38.761168, -90.573052 38.75697, -90.565498 38.776511, -90.565533 38.799173, -90.58863 38.815189, -90.68992556322881 38.82713946936635, -90.700115 38.81362))",true,null
218,"St. Louis, MO",4316,MO: Sunset Hills,"POLYGON ((-90.433881 38.464826, -90.421497 38.443643, -90.366008 38.482102, -90.349582 38.511018, -90.385298 38.535749, -90.361894 38.56482, -90.348905 38.58406, -90.355608 38.587727, -90.46484 38.543679, -90.4649 38.543789, -90.477028 38.541355, -90.488021 38.540215, -90.522833 38.540215, -90.558975 38.491234, -90.522833 38.44222, -90.450548 38.44222, -90.433881 38.464826))",true,null
218,"St. Louis, MO",3336,MO: Sunset Hills/Mehlville,"POLYGON ((-90.49989100509755 38.54646773463732, -90.4998550759745 38.5464692957639, -90.4998790287232 38.546484907027974, -90.49989100509755 38.54646773463732))",false,null
218,"St. Louis, MO",4325,MO: Town and Country,"POLYGON ((-90.498945 38.67397, -90.492926 38.588923, -90.399364 38.62075, -90.423966 38.646335, -90.44996 38.68394, -90.50024846316 38.68414559749759, -90.498945 38.67397))",true,null
350,"Statesboro, GA",4037,GA: Statesboro,"POLYGON ((-81.7879027 32.4813859, -81.831848 32.4327174, -81.7741698 32.395619, -81.713745 32.4628486, -81.7879027 32.4813859))",true,null
788,"Stayton, OR",4348,OR: Stayton,"POLYGON ((-122.8225577 44.8155867, -122.8235877 44.7917143, -122.7782691 44.7902524, -122.7659095 44.8085234, -122.7947486 44.8187527, -122.8225577 44.8155867))",true,null
756,"Steamboat Springs, CO",4263,CO: Steamboat Springs,"POLYGON ((-106.8845872 40.5418007, -106.9614915 40.4854221, -106.7966966 40.4185418, -106.7115526 40.4958662, -106.8845872 40.5418007))",true,null
492,"Stephens City, VA",3935,VA: Stephens City,"POLYGON ((-78.08666445265379 38.962346710832556, -78.06487072218485 38.962346710832556, -78.02872826436968 38.91365433, -78.06487072218485 38.864928519813915, -78.13715563781514 38.864928519813915, -78.14982394371832 38.882011225463074, -78.49136939999998 39.0038482, -78.191992 39.2531295, -77.96677229999999 39.2318579, -78.08666445265379 38.962346710832556))",true,null
688,"Stephenville, TX",4176,TX: Stephenville,"POLYGON ((-98.287475 32.240297, -98.293468 32.238706, -98.291082 32.235013, -98.312926 32.203004, -98.276784 32.150018, -98.204499 32.150018, -98.178811 32.187681, -98.123008 32.196153, -98.170387 32.271369, -98.228462 32.255959, -98.276784 32.255959, -98.287475 32.240297))",true,null
919,"Sterling, CO",4494,CO: Sterling,"POLYGON ((-103.2644218 40.6585985, -103.2410758 40.5929337, -103.1614249 40.6221261, -103.1943839 40.6783895, -103.2644218 40.6585985))",true,null
607,"Stillwater, OK",4058,OK: Stillwater,"POLYGON ((-96.907303 36.756371, -97.121536 36.976108, -97.495071 36.897075, -97.44014 36.111132, -96.951248 36.053419, -96.903002 36.149995, -96.993486 36.13986, -96.993625 36.140056, -96.983294 36.141215, -96.903261 36.150434, -96.852371 36.253013, -97.280838 36.438841, -96.907303 36.756371))",true,null
723,"Stockton, CA",4868,CA: Lodi,"POLYGON ((-121.340127 38.066658, -121.267842 38.066658, -121.231699 38.115926, -121.267842 38.165161, -121.340127 38.165161, -121.376269 38.115926, -121.340127 38.066658))",false,null
723,"Stockton, CA",4227,CA: Stockton,"POLYGON ((-121.3930796 38.0570193, -121.3326548 37.7514506, -121.0470103 37.7340754, -121.220045 38.0613445, -121.3930796 38.0570193))",true,null
842,"Sturgis, MI",4406,MI: Sturgis,"POLYGON ((-85.4709451 41.831572799999996, -85.4668252 41.7701483, -85.2731912 41.7670756, -85.2828042 41.8724898, -85.4709451 41.831572799999996))",true,null
594,"Sugar Mountain, NC",4047,NC: Sugar Mountain,"POLYGON ((-81.855492 36.088618, -81.891635 36.038014, -81.96392 36.038014, -82.000062 36.088618, -81.96392 36.13919, -81.90469 36.13919, -81.906623 36.152429, -81.86022805457873 36.158628395629144, -81.83279620781514 36.19698065154565, -81.76051129218484 36.19698065154565, -81.7243688343697 36.14644623, -81.76051129218484 36.095879230390125, -81.78902393801519 36.095879230390125, -81.858577 36.092935, -81.855492 36.088618))",true,null
894,"Sugarcreek, OH",4463,OH: Sugarcreek,"POLYGON ((-81.679673 40.5298204, -81.6782997 40.4911888, -81.594529 40.4870111, -81.5876625 40.5277327, -81.679673 40.5298204))",true,null
1065,"Sullivan, IN",4645,IN: Sullivan,"POLYGON ((-87.4606738 39.1961482, -87.4579272 39.059788, -87.3453174 39.059788, -87.3370776 39.204662, -87.4606738 39.1961482))",true,null
670,"Sulphur Springs, TX",4157,TX: Sulphur Springs,"POLYGON ((-95.5992136 33.1797789, -95.652772 33.1383913, -95.652772 33.1153897, -95.6115732 33.1004354, -95.5484019 33.1383913, -95.5992136 33.1797789))",true,null
330,"Syracuse, NY",4888,NY: Radisson,"POLYGON ((-76.283367 43.143314, -76.189436 43.165293, -76.172814 43.186289, -76.208956 43.231916, -76.281241 43.231916, -76.317383 43.186289, -76.283367 43.143314))",false,null
330,"Syracuse, NY",4278,NY: Syracuse,"POLYGON ((-75.9510842 43.0458582, -76.08822884606033 43.005327778712314, -76.07091882436968 42.98339844, -76.10706128218486 42.93758585429829, -76.17934619781515 42.93758585429829, -76.20544158229686 42.97066663619519, -76.20926290000001 42.9695363, -76.37405779999999 43.1220852, -76.2834982306608 43.14328321211003, -76.28342934818546 43.14319615692443, -76.18934531298542 43.165211001764106, -76.18924471569254 43.16533809263781, -76.08292009999998 43.190208, -75.9510842 43.0458582))",true,null
382,"Tacoma, WA",3638,"Auburn, WA","POLYGON ((-122.33628484650113 47.278987047469883, -122.20582220980073 47.278521205071947, -122.17251990516928 47.302972386442995, -122.14162085963501 47.342070764955004, -122.24358770989822 47.354166779845237, -122.32289526010292 47.354166779845237, -122.32289526010292 47.347653885512443, -122.33697149195747 47.340674892549906, -122.33628484650113 47.278987047469883))",true,null
382,"Tacoma, WA",3639,"Kent, WA","POLYGON ((-122.32289526010291 47.355216361796, -122.24427435535449 47.3549837768926, -122.1412775369068 47.342422669756921, -122.10179542316854 47.357542154447415, -122.10145210044037 47.386141019193893, -122.14436744146025 47.385211218780405, -122.14436744146025 47.4288941097022, -122.32838842375345 47.4288941097022, -122.32941839193793 47.408218958823994, -122.32289526010291 47.355216361796))",true,null
382,"Tacoma, WA",3635,"Lakewood, WA","POLYGON ((-122.55883302254638 47.199326756281629, -122.59121377669696 47.159500298921067, -122.52542430794661 47.139925482936192, -122.48687579110069 47.15845183082434, -122.46271872054389 47.15810233686112, -122.46066279964545 47.1084508530584, -122.44729931380553 47.0969054894382, -122.4281080513321 47.071947676453533, -122.38780773207343 47.090895775282085, -122.39127546932279 47.200025199415578, -122.55883302254638 47.199326756281629))",true,null
382,"Tacoma, WA",3637,"Milton, WA","POLYGON ((-122.39087316027842 47.200315096422266, -122.29165289184044 47.210577820147428, -122.24358770989822 47.21034459847602, -122.20582220980073 47.245316388984705, -122.20582220980073 47.278168834268776, -122.33628484650113 47.278401757531611, -122.39258977391921 47.253706185394876, -122.39087316027842 47.200315096422266))",true,null
382,"Tacoma, WA",3634,"Tacoma, WA","POLYGON ((-122.53098249519935 47.293397953835765, -122.52706536457389 47.2734684097825, -122.5486095830139 47.252866659785248, -122.55938169223391 47.229596983342518, -122.55840240957755 47.199663809571348, -122.39192435799561 47.200329174776975, -122.39333139022122 47.25333431552523, -122.45603697762391 47.272169849428337, -122.47916608773147 47.27914427246813, -122.50229519783903 47.296924890594354, -122.53098249519935 47.293397953835765))",true,null
382,"Tacoma, WA",3636,WA: Puyallup,"POLYGON ((-122.39024750887353 47.19977083144348, -122.38819158797509 47.091051947359638, -122.20138731158532 47.090992583150864, -122.24427712508364 47.209548116804051, -122.2920772859726 47.209897272238194, -122.39024750887353 47.19977083144348))",true,null
949,"Taft, TX",4526,TX: Taft,"POLYGON ((-97.3948671 27.9941065, -97.4180414 27.9721257, -97.3948671 27.9590866, -97.3730661 27.984102, -97.3948671 27.9941065))",true,null
331,"Tallahassee, FL",3610,FL: Central Tallahassee,"POLYGON ((-84.261554 30.53001, -84.333834 30.53001, -84.353612 30.545648, -84.442876 30.492411, -84.40375 30.442049, -84.376335 30.43433, -84.371552 30.434235, -84.345096 30.394719, -84.329104 30.394719, -84.3325 30.398151, -84.336413 30.408574, -84.344587 30.408842, -84.345399 30.414967, -84.3504 30.418299, -84.353389 30.423052, -84.353916 30.433952, -84.350761 30.433891, -84.34584 30.456443, -84.330587 30.450486, -84.323835 30.449339, -84.308964 30.447834, -84.308933 30.447831, -84.287284 30.44564, -84.267318 30.44564, -84.267313 30.445709, -84.266234 30.445705, -84.256696 30.450753, -84.256215 30.451014, -84.257195 30.473071, -84.269107 30.480832, -84.260862 30.50939, -84.256908 30.523079, -84.261554 30.53001))",true,null
331,"Tallahassee, FL",3611,FL: College Town,"POLYGON ((-84.336313928691624 30.408687539937109, -84.33238014708725 30.398209232920809, -84.310662573119458 30.37625468328433, -84.279762391723679 30.376177602991405, -84.280491161723262 30.3990324441679, -84.2805967922508 30.412812604627049, -84.280425130883827 30.428207639787555, -84.2682371738284 30.430723904939356, -84.267207205626548 30.445524150585751, -84.287291585562954 30.445524150585751, -84.323855456729277 30.44922386096928, -84.330628421688047 30.450374803524745, -84.345739597977627 30.456276152481284, -84.350649425738254 30.433772154359463, -84.3537751562022 30.433833444283621, -84.353255963152563 30.42308384691934, -84.3502951299064 30.418375572645846, -84.345271921131015 30.415029005248098, -84.3444663714381 30.408954268304726, -84.336313928691624 30.408687539937109))",true,null
331,"Tallahassee, FL",3613,FL: Northeast Tallahassee,"POLYGON ((-84.187188948744861 30.548320859403034, -84.216156879829683 30.568481154991439, -84.247988277581527 30.5534815049825, -84.268954344747129 30.48087821470304, -84.257062555648119 30.473130576281115, -84.25606258506626 30.450613881044966, -84.213913760737086 30.447375227010809, -84.125273826976951 30.463655218454782, -84.138078206374615 30.514635534983665, -84.175672050920085 30.539342832320731, -84.187188948744861 30.548320859403034))",true,null
331,"Tallahassee, FL",3612,FL: Southeast Tallahassee,"POLYGON ((-84.2139921818633 30.447334481952637, -84.256069581478954 30.450595743018873, -84.256101967753651 30.450938249741462, -84.256624996678852 30.450654437309961, -84.266195878205892 30.445588534025205, -84.267186188846466 30.445591952116281, -84.268218758666634 30.430726607133344, -84.280412194234444 30.428193554620009, -84.280283798300033 30.400927816123048, -84.279608378478144 30.376014205276263, -84.2099695511675 30.374926825620506, -84.206507650672791 30.393025864004571, -84.207057350033452 30.41159332186005, -84.191743159363924 30.424276870770814, -84.192838656887346 30.444295758465017, -84.204249637557936 30.449120175984515, -84.2139921818633 30.447334481952637))",true,null
134,"Tampa, FL",3401,FL: Brandon,"POLYGON ((-82.3961002 27.9073373, -82.39543787620235 27.90445171933342, -82.2426436 27.9074928, -82.2143181 27.9385841, -82.2195024 27.9668019, -82.2653822 27.9884954, -82.3775746 27.9889288, -82.397038 27.9893506, -82.3962857 27.9475385, -82.3961002 27.9073373))",true,null
134,"Tampa, FL",4843,FL: Fish Hawk,"POLYGON ((-82.265138 27.835703, -82.241553 27.799573, -82.169269 27.799573, -82.133126 27.854934, -82.169269 27.910268, -82.240116 27.910268, -82.242644 27.907493, -82.261607 27.83579, -82.265138 27.835703))",true,null
134,"Tampa, FL",4303,FL: Land O' Lakes/Odessa,"POLYGON ((-82.642374535833667 28.112683806840241, -82.630196269379667 28.105507341396187, -82.619866878651109 28.105446833017972, -82.60577889510401 28.10593211090055, -82.6027007077448 28.106040799826069, -82.599610631776855 28.106149488638966, -82.593399156874952 28.10636686590539, -82.583714704682137 28.106330856184606, -82.575802769854349 28.106290926510408, -82.573176594877467 28.10625999926005, -82.56335462536083 28.106207147167389, -82.533159214310174 28.10603748855382, -82.501777510756511 28.105900848162616, -82.486527565405339 28.105801566846058, -82.460711047589285 28.101988642960738, -82.439479313483133 28.098816786966459, -82.426526007332271 28.0914338626033, -82.413632202437412 28.084247982674359, -82.4012712768761 28.077256350597096, -82.383775434146315 28.088622526306384, -82.3575127440731 28.0919760885407, -82.355711048609365 28.094561442841229, -82.369229750181248 28.111904790834672, -82.350583226116356 28.127135795923124, -82.3310211455066 28.127630540424587, -82.3234820119248 28.12757884689805, -82.337218421002234 28.140786344067809, -82.344546119494311 28.141076160974194, -82.3532505969423 28.1425639983204, -82.353465999110881 28.155598115120434, -82.364622497235374 28.168023938832974, -82.414624415843534 28.265548473477828, -82.414080610811965 28.330049457735182, -82.573256262123877 28.318401231894018, -82.626848102083471 28.219280794700239, -82.65042851166568 28.183385927157698, -82.642374535833667 28.112683806840241))",true,null
134,"Tampa, FL",3399,FL: North Tampa,"POLYGON ((-82.3883551 28.0698987, -82.4395027 28.098815599999998, -82.4866163 28.1057649, -82.4834503 27.9909648, -82.397038 27.9893506, -82.379131564618348 27.988995776145607, -82.361769006938246 27.98888108391585, -82.32639123658781 27.9888368474597, -82.326781148468072 27.997608409890848, -82.329078981574 28.013927857859, -82.331555671942581 28.017716028466388, -82.334653485916476 28.021366985669971, -82.350399073248482 28.038537185166351, -82.354120456265164 28.054047788114769, -82.3883551 28.0698987))",true,null
134,"Tampa, FL",4928,FL: Plant City,"POLYGON ((-82.086307 28.043762, -82.158591 28.043762, -82.17215 28.023032, -82.171428 28.021929, -82.194012 27.987393, -82.158591 27.933204, -82.086307 27.933204, -82.054969 27.981147, -82.054248 27.994743, -82.086307 28.043762))",true,null
134,"Tampa, FL",3402,FL: Riverview,"POLYGON ((-82.273389 27.906762, -82.331879 27.905598, -82.389496 27.904374, -82.395277 27.904204, -82.394074 27.898496, -82.384505 27.862493, -82.405731 27.78955, -82.429351 27.78955, -82.438606 27.775369, -82.438892 27.775369, -82.475035 27.719967, -82.438892 27.664537, -82.366608 27.664537, -82.357353 27.678732, -82.357067 27.678732, -82.335116 27.712396, -82.299459 27.712396, -82.264524 27.765951, -82.261366 27.765951, -82.239502 27.799454, -82.241631 27.799454, -82.263196 27.83249, -82.265368 27.835817, -82.26415 27.835847, -82.261715 27.835907, -82.249115 27.883554, -82.242815 27.90737, -82.273389 27.906762))",true,null
134,"Tampa, FL",3400,FL: Tampa,"POLYGON ((-82.568973 27.90409, -82.530013 27.90409, -82.530241 27.878955, -82.483721 27.878803, -82.482176 27.888818, -82.489557 27.893824, -82.491778 27.911605, -82.484342 27.922986, -82.463121 27.938116, -82.460375 27.918096, -82.430849 27.924163, -82.433596 27.944182, -82.41743 27.95371, -82.39642 27.947351, -82.39642 27.947537, -82.397171 27.989234, -82.48343 27.990845, -82.517194 27.980879, -82.552402 27.970359, -82.585929 27.988748, -82.605115 27.959398, -82.568973 27.90409))",true,null
134,"Tampa, FL",4825,FL: Thonotosassa,"POLYGON ((-82.3495867397136 28.0388200058218, -82.3517269072427 28.051623222815206, -82.3019160230946 28.0774058717415, -82.2845029474237 28.070074364046782, -82.27985583781513 28.077176374027644, -82.20757092218484 28.077176374027644, -82.17142846436967 28.02192879, -82.20757092218484 27.966652839711525, -82.21933850016404 27.966652839711525, -82.21938006522154 27.966879046063923, -82.26534812170834 27.98861425692556, -82.29428629141765 27.988726045314365, -82.29438783404552 27.98888135161195, -82.32593092391218 27.989106905364, -82.32656652579895 27.995813904231955, -82.32664672814238 27.997618099224834, -82.32692445899413 27.999590703566355, -82.32840541276688 28.015215858491796, -82.3495867397136 28.0388200058218))",true,null
134,"Tampa, FL",3472,FL: Town N Country,"POLYGON ((-82.4866163 28.1057649, -82.5931324 28.1063706, -82.61997158439226 28.105411982292054, -82.6201358 28.078586, -82.6201616 28.0129547, -82.6145958 28.0046083, -82.5523851 27.9704901, -82.5172369 27.9809915, -82.4834503 27.9909648, -82.4866163 28.1057649))",true,null
134,"Tampa, FL",4786,FL: Wesley Chapel,"POLYGON ((-82.41403527491421 28.330047414185877, -82.27832827367361 28.356891551423796, -82.23338095068895 28.35059296915696, -82.23424458602712 28.324269557660067, -82.25896662616275 28.284347169601663, -82.23022382989328 28.234840628466742, -82.22743219948771 28.20486873680968, -82.22471048439158 28.175334849474833, -82.28357246093861 28.134598964120592, -82.2871703664393 28.134590731665448, -82.29372559364532 28.138568159436517, -82.29588629199986 28.14334878940577, -82.31625642319241 28.14247888960708, -82.32249717764444 28.14133243419114, -82.33720536963561 28.1407945540489, -82.34007517595116 28.140905561259988, -82.34312133641295 28.141035191699793, -82.34454541531679 28.141080401438135, -82.3532431695442 28.142575065748463, -82.35339953138323 28.1556276520781, -82.36440348253967 28.16781397854506, -82.4144797075812 28.265601916433326, -82.41405372688078 28.326564869920173, -82.41403527491421 28.330047414185877))",true,null
134,"Tampa, FL",4305,FL: Zephyrhills,"POLYGON ((-82.2342367529638 28.324272872840222, -82.234287371000121 28.324187631564964, -82.258947186091433 28.284347295128768, -82.230108077213188 28.234753245648708, -82.224614913617316 28.175452060086364, -82.208135422829756 28.171820306174745, -82.088659114619887 28.173030904511585, -82.083165951024014 28.27346277335884, -82.13947087788155 28.324247687926185, -82.192728302195761 28.390849302465803, -82.232241486029565 28.371199409008593, -82.233269270116281 28.35305305928394, -82.23348923562709 28.347168206164028, -82.2342367529638 28.324272872840222))",true,null
915,"Taos, NM",4489,NM: Taos,"POLYGON ((-105.7362504 36.3430719, -105.7032914 36.3010264, -105.5027909 36.3994658, -105.5755753 36.4602369, -105.7362504 36.3430719))",true,null
501,"Tappahannock, VA",3944,VA: Tappahannock,"POLYGON ((-76.8634047 37.9371365, -76.9197096 37.9402504, -76.9137014 37.8841812, -76.8589415 37.8835038, -76.8477835 37.9160131, -76.8634047 37.9371365))",true,null
427,"Taunton, MA",3863,MA: Taunton,"POLYGON ((-71.1259265 41.9814781, -71.2234302 41.8823786, -71.0160632 41.7954122, -70.8938403 41.8486292, -70.8856006 41.9641213, -71.1259265 41.9814781))",true,null
924,"Taylor, AZ",4500,AZ: Taylor,"POLYGON ((-110.1301714 34.5722274, -110.165877 34.5105768, -110.1411577 34.4103682, -110.0642535 34.3956381, -110.0065752 34.4216972, -110.0100085 34.515669, -110.034041 34.5699658, -110.1301714 34.5722274))",true,null
858,"Tecumseh, MI",4425,MI: Tecumseh,"POLYGON ((-83.9809941 42.0204745, -83.9755009 41.9796523, -83.8903569 41.9847565, -83.9068363 42.0306759, -83.9809941 42.0204745))",true,null
751,"Telluride, CO",4258,CO: Telluride,"POLYGON ((-107.6790178 38.104497, -108.019594 38.0006835, -107.8108537 37.7231282, -107.3988664 37.8403493, -107.6790178 38.104497))",true,null
1162,"Temple, GA",4848,GA: Temple,"POLYGON ((-84.992096 33.671601, -84.955953 33.723683, -84.992096 33.775734, -85.064381 33.775734, -85.100523 33.723683, -85.064381 33.671601, -84.992096 33.671601))",false,null
662,"Temple, TX",4144,TX: Central Temple,"POLYGON ((-97.38767238632812 31.12440941356053, -97.40241579708633 31.112164237051353, -97.40380456918983 31.109831180005724, -97.4204630432168 31.093673355005265, -97.43662137547614 31.078191619011104, -97.4528716435352 31.062628608738486, -97.44858770730983 31.057544484168393, -97.44524438831331 31.053945116652315, -97.35505679287111 31.067375591146675, -97.3509549076544 31.074282632664577, -97.34711616801805 31.0818652726676, -97.33930711595369 31.096916072854846, -97.3293507430051 31.115935175058677, -97.33415679636995 31.127963922355068, -97.35916839943309 31.13310808652895, -97.37355298112828 31.13617173990999, -97.38767238632812 31.12440941356053))",true,null
662,"Temple, TX",4302,TX: Copperas Cove,"POLYGON ((-97.81034917458021 31.158701262267293, -97.81172246559584 31.114034034734452, -97.81927556618177 31.05758221976377, -97.96103319437366 31.09595019649079, -97.95317144020521 31.154000439574528, -97.92616901662242 31.15839033252032, -97.89089312982617 31.153263242851658, -97.8692695979806 31.15078739517436, -97.81034917458021 31.158701262267293))",true,null
662,"Temple, TX",4145,TX: Harker Heights,"POLYGON ((-97.6884231453125 31.095602770669405, -97.69803614296875 31.08325442431433, -97.70627593203125 31.0720806833703, -97.69185637207032 31.02737277899198, -97.5991592 31.0397284, -97.57649990332031 31.06796376480024, -97.5854263 31.0856066, -97.65477747246094 31.120294728101218, -97.67122671562501 31.138853202468987, -97.678779546875 31.12623886127203, -97.68430327226562 31.115004101304446, -97.6884231453125 31.095602770669405))",true,null
662,"Temple, TX",4300,TX: North Killeen,"POLYGON ((-97.67096013649427 31.141741609810456, -97.70872563942396 31.15937077257238, -97.80897588356459 31.15937077257238, -97.81034917458021 31.119406631181704, -97.77949618252552 31.111580373486696, -97.74865978550969 31.103989099838476, -97.70185918434584 31.079425654413363, -97.69018621071302 31.09471448559858, -97.68400640114271 31.119406631181704, -97.67096013649427 31.141741609810456))",true,null
662,"Temple, TX",4301,TX: South Killeen,"POLYGON ((-97.70158009611472 31.078562704518095, -97.70650179394832 31.071987311853306, -97.69216518899303 31.027363217073756, -97.71353215797865 31.02153555541387, -97.7547308884474 31.02506611265681, -97.76983708961927 31.055070565556743, -97.79283971413099 31.050658739100133, -97.81898761811027 31.05756386848558, -97.8148921099034 31.0881062695192, -97.81115099937462 31.11936701302866, -97.74867241476714 31.103988950202588, -97.73640188332463 31.097457312653763, -97.72484187394494 31.09144278181416, -97.70158009610309 31.07904834725856, -97.70158009611472 31.078562704518095))",true,null
662,"Temple, TX",4298,TX: Temple Northeast,"POLYGON ((-97.32085014473586 31.15659610042461, -97.29819084297804 31.094877885802415, -97.3009374250093 31.069591224825054, -97.31123710762648 31.04841582432954, -97.32222343575148 31.046062711129792, -97.33458305489211 31.060768714090717, -97.35312248360304 31.069591224825054, -97.32908989082961 31.11604293874725, -97.33414762117798 31.128176779187793, -97.32802966809724 31.14269329357943, -97.32146254963605 31.15754934862342, -97.32085014473586 31.15659610042461))",true,null
662,"Temple, TX",4296,TX: Temple Northwest,"POLYGON ((-97.4547460187593 31.16290137432278, -97.39775444161086 31.16055109630273, -97.37372184883742 31.1517370345325, -97.32153679024367 31.15761316679658, -97.33458305489211 31.128228862838622, -97.37372184883742 31.136457385805844, -97.40396469056978 31.11091902547804, -97.43924506597898 31.120701685553747, -97.47592917176591 31.130111158977993, -97.4547460187593 31.16290137432278))",true,null
662,"Temple, TX",4299,TX: Temple South,"POLYGON ((-97.35365912027139 31.069905841993233, -97.3483580065239 31.06713918635535, -97.34272014697233 31.06451667627256, -97.33649298257282 31.061533518348288, -97.33464219667076 31.06069094944357, -97.33228629222316 31.05790120709787, -97.32749292781115 31.052018901367404, -97.32223653800311 31.04606410503508, -97.35971265019788 31.030551035671646, -97.41739087285413 31.03878801933596, -97.47894997049285 31.024865346020945, -97.47095509139503 31.037649064944965, -97.46751599513335 31.043543572333274, -97.46388909823332 31.049437714738282, -97.46167601918778 31.053147615026404, -97.4601821411966 31.055656097960778, -97.45896996379649 31.056676380072176, -97.45544228133683 31.06012457687861, -97.45290055134492 31.062587320867923, -97.4453028862185 31.05381459959651, -97.3547709018555 31.067249670013346, -97.35365912027139 31.069905841993233))",true,null
662,"Temple, TX",4297,Tx: Temple Southwest,"POLYGON ((-97.40462089668898 31.110966955932, -97.47603202950148 31.130365147139116, -97.50075126778273 31.095092759870194, -97.48083854805617 31.08450848855492, -97.47740532051711 31.06098366527028, -97.4931981671968 31.03921802283556, -97.47740532051711 31.02745073835116, -97.4602391828218 31.055689777993017, -97.40393425118117 31.109791180555167, -97.40462089668898 31.110966955932))",true,null
728,"Templeton, CA",4232,CA: Templeton,"POLYGON ((-120.7764269 35.5616792, -120.6356646 35.3978485, -120.5772997 35.4616311, -120.6954027 35.5929535, -120.7764269 35.5616792))",true,null
630,"Terra Haute, IN",4092,IN: Terra Haute,"POLYGON ((-87.4902823 39.5565263, -87.4655631 39.3603713, -87.2884085 39.3444426, -87.2925284 39.5332287, -87.4902823 39.5565263))",true,null
672,"Texarkana, TX",4160,TX: Texarkana,"POLYGON ((-94.1305585 33.4947939, -94.1539045 33.3756074, -93.9266248 33.356683, -93.9046522 33.4896402, -94.0419813 33.4884949, -94.1305585 33.4947939))",true,null
394,"The Villages, FL",3814,FL: The Villages,"POLYGON ((-81.905615 28.939443, -81.960959 28.96588, -82.055304 28.951461, -82.056677 28.837239, -81.960844 28.819646, -81.958003 28.820184, -81.923293 28.767497, -81.851008 28.767497, -81.826178 28.805189, -81.83985 28.829147, -81.829542 28.844627, -81.851008 28.877188, -81.877582 28.877188, -81.875141 28.890907, -81.905615 28.939443))",true,null
590,"Thomasville, GA",4043,GA: Thomasville,"POLYGON ((-83.979339 30.893074, -83.990136 30.877024, -84.024834 30.877024, -84.013447 30.842366, -84.015481 30.83934, -84.009559 30.830532, -83.994622 30.785045, -83.985732 30.795087, -83.979339 30.785575, -83.978502 30.785575, -83.978397 30.78542, -83.906112 30.78542, -83.87741 30.82812, -83.862786 30.82515, -83.870107 30.83898, -83.86997 30.839184, -83.871124 30.840901, -83.890252 30.877024, -83.895419 30.877024, -83.906112 30.892919, -83.90695 30.892919, -83.907054 30.893074, -83.979339 30.893074))",true,null
1075,"Thurmont, MD",4655,MD: Thurmont,"POLYGON ((-77.4520328 39.5784115, -77.43418 39.5074578, -77.3710086 39.5244086, -77.38781830768923 39.66521358386593, -77.46285801460328 39.64473113642804, -77.4520328 39.5784115))",true,null
588,"Tifton, GA",4041,GA: Tifton,"POLYGON ((-83.5005016 31.4947784, -83.5774059 31.438554, -83.5059947 31.4174612, -83.4510631 31.4690131, -83.5005016 31.4947784))",true,null
453,"Tilton, NH",3889,NH: Tilton,"POLYGON ((-71.6173046 43.4505582, -71.5994518 43.4159038, -71.5276974 43.430117, -71.5510433 43.4772212, -71.6234844 43.4622714, -71.6173046 43.4505582))",true,null
1,"Toledo, OH",4907,OH: Perrysburg,"POLYGON ((-83.744062 41.594001, -83.780204 41.547167, -83.744062 41.500299, -83.742095 41.500299, -83.741536 41.499575, -83.691201 41.499575, -83.676888 41.481005, -83.604603 41.481005, -83.56846 41.527886, -83.602827 41.572434, -83.614616 41.574734, -83.654938 41.574734, -83.662088 41.583998, -83.706601 41.592683, -83.707091 41.594001, -83.744062 41.594001))",false,null
1,"Toledo, OH",3992,OH: Toledo,"POLYGON ((-83.550934 41.730367, -83.549409 41.728395, -83.636554 41.727049, -83.754698 41.721914, -83.706601 41.592683, -83.453958 41.543374, -83.289191 41.682986, -83.411026 41.72434, -83.406365 41.730367, -83.442507 41.777068, -83.514792 41.777068, -83.550934 41.730367))",true,null
19,"Topeka, KS",4096,KS: Topeka,"POLYGON ((-95.7550628 39.1203268, -95.8237181 39.0584609, -95.7385833 38.9624667, -95.5847748 38.9838198, -95.4941345 39.0840488, -95.5902679 39.1416322, -95.7550628 39.1203268))",true,null
785,"Toppenish, WA",4345,WA: Toppenish,"POLYGON ((-120.3304716 46.3879421, -120.327725 46.3697044, -120.2992292 46.3673354, -120.2896162 46.3829688, -120.3304716 46.3879421))",true,null
1089,"Topton, PA",4669,PA: Topton,"POLYGON ((-75.7581392 40.545573, -75.7031169 40.4397373, -75.542737 40.474091, -75.590581 40.497953, -75.5967775 40.6096768, -75.7581392 40.545573))",true,null
415,"Torrington, CT",3851,CT: Torrington,"POLYGON ((-73.228547 41.9038061, -73.228547 41.7011106, -73.0005807 41.7410861, -72.9786081 41.917092, -73.228547 41.9038061))",true,null
538,"Traverse City, MI",3980,MI: Traverse City,"POLYGON ((-85.6119811 44.6463972, -85.8372008 44.7206045, -85.69138269754923 44.812629447097756, -85.67414294781514 44.83380878742983, -85.60185803218486 44.83380878742983, -85.5664037889596 44.79024416358527, -85.49935711218485 44.79024416358527, -85.4632146543697 44.74580002, -85.4898567546659 44.71301650889722, -85.4664123 44.7010855, -85.6119811 44.6463972))",true,null
566,"Troutman, NC",4916,NC: Statesville,"POLYGON ((-80.894548 35.739534, -80.822264 35.739534, -80.786121 35.790329, -80.822264 35.841092, -80.894548 35.841092, -80.930691 35.790329, -80.894548 35.739534))",false,null
566,"Troutman, NC",4014,NC: Troutman,"POLYGON ((-80.9143429 35.6803506, -80.8944302 35.5695603, -80.7607331 35.5678905, -80.7766705 35.6432515, -80.8171826 35.7232858, -80.9260159 35.7207773, -80.9143429 35.6803506))",true,null
362,"Troy, MO",4783,MO: Troy,"POLYGON ((-90.999695187466273 39.008906916203017, -91.030249437854863 38.970792008659835, -91.007616659789235 38.927081221030974, -90.943490455269981 38.902133463852948, -90.866916222814638 38.937644686139784, -90.947262584947566 39.006855097885591, -90.999695187466273 39.008906916203017))",true,null
219,"Tucson, AZ",2902,AZ: East Tucson,"POLYGON ((-110.78901381797972 32.162600184919143, -110.73656454482196 32.161844820092533, -110.73722606931007 32.201677492917042, -110.73698176875614 32.220995602318126, -110.71972635378586 32.221123200137569, -110.71923769223409 32.234702681780291, -110.66771826242487 32.2339325423758, -110.66889275382849 32.264985440599382, -110.69546911397467 32.2649261592553, -110.69552645499374 32.2726211405846, -110.71162114952664 32.273005853127408, -110.71259485509036 32.310938516903207, -110.82303240308273 32.309320529198864, -110.82248372835778 32.271946936129318, -110.8715179518703 32.271437205148509, -110.89236160051344 32.2712262113221, -110.90862850303721 32.271085394252438, -110.9095876 32.2358296, -110.9267538 32.2359748, -110.9266939 32.2083141, -110.9052976 32.2082737, -110.90548380828014 32.191916868480661, -110.86941681305524 32.163632704129512, -110.85837481803719 32.162721446622882, -110.8405555474161 32.162414103762735, -110.78901381797972 32.162600184919143))",true,null
219,"Tucson, AZ",4789,AZ: North Tucson,"POLYGON ((-111.126973132096 32.3398694474585, -111.12701505999873 32.36399351030036, -111.10800440910631 32.364838635222526, -111.11668544197221 32.42614412167796, -111.117064801153 32.42888540414419, -110.99977979037106 32.42907914724733, -111.00715281563029 32.43985748, -110.97101035781513 32.49267405899076, -110.89872544218484 32.49267405899076, -110.86258298436967 32.43985748, -110.89872544218484 32.38700993728131, -110.95800640264027 32.38700993728131, -110.96083833704499 32.3812167047025, -110.96115885442724 32.354028454167825, -110.97284042666487 32.3552596273185, -110.99616028929188 32.3552596273185, -110.9958169887705 32.3397421232749, -111.06842605110582 32.33972965653758, -111.06842865780109 32.33973273976611, -111.06857597283539 32.33972963079651, -111.06874422851185 32.33972960190756, -111.06874130262129 32.33972614163941, -111.09252588844838 32.33922418497229, -111.09252299710947 32.33914597667899, -111.126973132096 32.3398694474585))",true,null
219,"Tucson, AZ",4915,AZ: Rita Ranch,"POLYGON ((-110.849719 32.089975, -110.813577 32.036924, -110.811381 32.036924, -110.811067 32.036463, -110.810527 32.036463, -110.810425 32.036313, -110.73814 32.036313, -110.701998 32.089364, -110.73814 32.142385, -110.73868 32.142385, -110.738782 32.142535, -110.740978 32.142535, -110.741292 32.142996, -110.813577 32.142996, -110.849719 32.089975))",false,null
219,"Tucson, AZ",2900,AZ: South Tucson,"POLYGON ((-110.84055663266436 32.162300029419214, -110.78901467677393 32.16248611162615, -110.7841518949669 32.16241607890882, -110.77098641897643 32.143110093548316, -110.81365479706851 32.143110093548316, -110.84987459237597 32.08997499957813, -110.84786013668224 32.087018892544094, -110.87732135781513 32.087018892544094, -110.89767944064016 32.11688881706674, -110.9342582 32.1229946, -110.9344298 32.1334614, -110.961209 32.1334614, -110.960277955209 32.1192087782408, -111.01153656308799 32.1193626130439, -111.01960015626301 32.119544669027896, -111.019535355977 32.1048625403404, -111.063386198445 32.1046188835442, -111.06322965900098 32.1355486834555, -111.06348005929884 32.16299152826911, -111.03355130701648 32.16405963406693, -110.99263119227447 32.16383472983677, -110.9897039909282 32.169272778373255, -110.99102129666451 32.17504100284441, -110.9905232498263 32.177876332195495, -110.98912377648945 32.19290362655144, -110.98914560807346 32.208033479507485, -110.94489680421052 32.20824048733477, -110.92669420069882 32.20820008839477, -110.90543364866566 32.20815994466069, -110.9056191236404 32.191867513235856, -110.869475083167 32.163522904321844, -110.8583827392184 32.16260749056881, -110.84055663266436 32.162300029419214))",true,null
219,"Tucson, AZ",2901,AZ: Tucson,"POLYGON ((-111.0684824 32.3396158, -111.04324299793146 32.309761775393937, -111.04066094289675 32.305861983051308, -111.03920570775125 32.303646370226581, -111.03820463178187 32.302462597609626, -111.03726260515914 32.301347985739781, -111.03435351548447 32.297804063640271, -111.03132162557142 32.294408768412268, -111.0048387593629 32.260902952465123, -110.99977414464195 32.261608313738485, -110.98533053632504 32.229920984984624, -110.98926025916998 32.208146956979469, -110.944897 32.2083545, -110.9266939 32.2083141, -110.9267538 32.2359748, -110.9095876 32.2358296, -110.9087293 32.2711067, -110.82261157770493 32.272057705758463, -110.82348884165219 32.337399758494705, -110.92827774759887 32.3362682464995, -110.9296723883609 32.350595155613945, -110.9728488 32.3551458, -110.996023 32.3551458, -110.9956797 32.3396283, -111.0684824 32.3396158))",true,null
219,"Tucson, AZ",4782,AZ: West Tucson,"POLYGON ((-111.06707202892197 32.24982757216803, -111.05589619067 32.192565877739227, -111.09855741832322 32.191550345664872, -111.14885207984567 32.190972429839455, -111.14725627309359 32.140121701441721, -111.09372650098466 32.162026243158195, -111.03355370884567 32.16417371685705, -110.99271761310247 32.163949274691937, -110.98984446001816 32.169286910556814, -110.99115796567418 32.175038494851641, -110.99065721540669 32.177889214381942, -110.989258530256 32.19290804391207, -110.98928047932012 32.208119305985313, -110.98534959525406 32.229919785234316, -110.99977099674835 32.261599091649025, -111.00484028726224 32.260900297828691, -111.02178307266233 32.282281584880714, -111.03136732757876 32.294447622518291, -111.03434517760806 32.297773824321226, -111.03524548474373 32.29888037027964, -111.03908842935084 32.303465966803728, -111.04325529032333 32.309756569735661, -111.06849675489441 32.339617420260666, -111.0923869735997 32.339113233675327, -111.09143693304266 32.313411764590107, -111.09993756727162 32.310893016763323, -111.10003089784898 32.308737343953723, -111.10355585541865 32.3088425803119, -111.1035791822471 32.305525140461633, -111.11098331887528 32.30536264542544, -111.11093241441844 32.300991868841059, -111.10205852137366 32.301282024640578, -111.10178705182634 32.294261009774281, -111.11922945452197 32.294059162269811, -111.11919554593912 32.272770968127276, -111.10984657218241 32.272634155118816, -111.10975325711448 32.264961968787929, -111.06707202892197 32.24982757216803))",true,null
708,"Tulare, CA",4210,CA: Tulare,"POLYGON ((-119.3848186 36.2448132, -119.3971782 36.175006, -119.3292003 36.1134576, -119.2474895 36.2027147, -119.3092876 36.2492433, -119.3848186 36.2448132))",true,null
1041,"Tullahoma, TN",4618,TN: Tullahoma,"POLYGON ((-86.2763606 35.4160086, -86.2859736 35.3762677, -86.2341319 35.3314658, -86.1493311 35.335667, -86.1644373 35.399219, -86.2763606 35.4160086))",true,null
156,"Tulsa, OK",3670,OK: Broken Arrow,"POLYGON ((-95.843885701079287 36.119328020487359, -95.849031324906832 36.117963336306943, -95.859771226828286 36.114214678884778, -95.859304079200626 36.083706546327484, -95.8595190251083 36.076907348499432, -95.859534352617359 36.064036431951187, -95.85931053072035 36.060902079805814, -95.859406275676548 36.058944664779531, -95.859289390865939 36.053039944771022, -95.85928787243914 36.049949348893435, -95.859172506703288 36.046950681811765, -95.8588745401375 36.041787292968287, -95.859462424502155 36.035143621981113, -95.862213420351964 36.029189924798075, -95.856758958356778 36.026603313908538, -95.851304496987083 36.024983419458913, -95.84808778008194 36.017469108776432, -95.838666922389592 36.001786461191436, -95.8201218595739 35.992232030135547, -95.797665736073057 35.993512205064427, -95.78009002182489 35.991386836220428, -95.760478603761086 35.993287146901011, -95.7516093563046 35.995450779740892, -95.746798039068793 36.002839837922018, -95.739057015157442 36.046031280828679, -95.727251951021671 36.079753868157219, -95.721082034789831 36.083529468052184, -95.718051033324656 36.088475640075636, -95.718529403977655 36.119328020592143, -95.843885701079287 36.119328020487359))",true,null
156,"Tulsa, OK",4740,OK: Claremore,"POLYGON ((-95.670019403045018 36.335683493542504, -95.6742550959683 36.267980741503052, -95.528829638935548 36.267980741503052, -95.533065331858822 36.346487734954287, -95.672137249506662 36.345350516967933, -95.670019403045018 36.335683493542504))",true,null
156,"Tulsa, OK",3672,OK: Jenks,"POLYGON ((-96.030264040121438 35.985704653530746, -95.98293832086668 35.982720629303749, -95.950363475145892 36.002114769495726, -95.956509672451688 36.028960321452075, -95.975562884099716 36.043373602845513, -95.987240658980753 36.067721083751017, -95.9921576168254 36.09355098734278, -96.037024857157832 36.09355098734278, -96.047473392577714 36.081133823561295, -96.030264040121438 35.985704653530746))",true,null
156,"Tulsa, OK",4808,OK: Northeast Tulsa,"POLYGON ((-95.849446967509508 36.183396492952291, -95.860402001123745 36.16576343125729, -95.8594934790884 36.114327376545845, -95.8490404062407 36.117967176025452, -95.843881704197216 36.11934008841731, -95.7184771021725 36.119448450752991, -95.690073168607512 36.118793187897637, -95.6316233715027 36.118910181236586, -95.63167219352988 36.192986486915686, -95.690268438991012 36.192414221029381, -95.716216049085489 36.210162926539795, -95.845057340802171 36.191590502218737, -95.849446967509508 36.183396492952291))",true,null
156,"Tulsa, OK",4308,OK: Owasso,"POLYGON ((-95.868976403618163 36.194145275412971, -95.868712947665173 36.183720763921215, -95.849660860243489 36.1835601574029, -95.8452685646261 36.191719723007552, -95.832808251423444 36.193507877122315, -95.83289548193828 36.206027858394968, -95.825003168568941 36.20972855965, -95.775536274730243 36.263984250503043, -95.7755606184032 36.323769013631065, -95.868076769138142 36.32321143734945, -95.868933250495658 36.249296723642452, -95.868976403618163 36.194145275412971))",true,null
156,"Tulsa, OK",4310,OK: Sapulpa,"POLYGON ((-96.111445913173029 35.969591860546259, -96.0784869301206 35.985150543850331, -96.031795037463027 35.985706154384275, -96.040721428706377 36.0345845574315, -96.11968565893612 36.0351398196612, -96.1437182507452 35.999039633408678, -96.1437182507452 35.982372432494643, -96.111445913173029 35.969591860546259))",true,null
156,"Tulsa, OK",3671,OK: South Tulsa,"POLYGON ((-95.886913 35.958671, -95.886912 35.958716, -95.879148 35.965031, -95.849576 35.965031, -95.827536 35.995923, -95.834433 35.999476, -95.838678 36.001663, -95.838771 36.001711, -95.841173 36.00571, -95.846697 36.014904, -95.847292 36.015895, -95.848212 36.017427, -95.84831 36.017656, -95.84942 36.020247, -95.849616 36.020706, -95.851411 36.024899, -95.856817 36.026504, -95.862379 36.029142, -95.859595 36.035167, -95.85901 36.041789, -95.859307 36.046946, -95.859423 36.049948, -95.859424 36.053039, -95.859541 36.058946, -95.859445 36.060901, -95.859669 36.064033, -95.859654 36.076909, -95.859489 36.082119, -95.859475 36.08605, -95.859906 36.114226, -95.928554 36.090232, -95.98478 36.089462, -95.984777 36.089573, -95.988878 36.089521, -95.983551 36.070151, -95.974918 36.050253, -95.969651 36.047465, -95.954145 36.029497, -95.952545 36.023329, -95.954467 36.020637, -95.953216 36.015173, -95.951127 36.006047, -95.921861 35.965031, -95.898893 35.965031, -95.886913 35.958671))",true,null
156,"Tulsa, OK",3668,OK: Tulsa,"POLYGON ((-96.02524079107846 36.148361652677423, -96.0121575724486 36.148534090836712, -95.988443339651809 36.131024186313248, -95.984167579688261 36.114522843448867, -95.984642664128643 36.089572369690224, -95.928582700162011 36.09034019472044, -95.859535625281239 36.114473701344416, -95.860508313818087 36.165732620841055, -95.849555323010634 36.183401545241679, -95.903762329769975 36.1839958446461, -95.904113744017437 36.206708747501843, -95.893986482703156 36.20924115461932, -95.877673693124052 36.219871583092804, -95.8690442025051 36.220059303957363, -95.869122411240383 36.250330387845253, -96.0019282890792 36.250259104102852, -96.060271273112164 36.184794526151514, -96.06141799435386 36.139041674332418, -96.042841111590548 36.142321715942465, -96.02524079107846 36.148361652677423))",true,null
156,"Tulsa, OK",4309,OK:Jenks,"POLYGON ((-96.265937520416259 36.160841935850819, -96.265130511372362 36.163338125320323, -96.2634466923947 36.165129119683428, -96.268246175724514 36.169453178756072, -96.270633150728287 36.164878960186293, -96.271615521737687 36.161793136402267, -96.274474101087435 36.1588034140075, -96.274171048089769 36.155595005759508, -96.270226242181039 36.1515740003218, -96.267398306459157 36.157303698762455, -96.265937520416259 36.160841935850819))",true,null
156,"Tulsa, OK",3669,OK:Owasso,"POLYGON ((-96.11561481827772 36.32954833342426, -96.11892121722171 36.331560586525036, -96.11629145888554 36.339427397792335, -96.10696973031534 36.337152481862624, -96.11117110518231 36.33274162469911, -96.11383925205386 36.33097875834971, -96.11561481827772 36.32954833342426))",true,null
156,"Tulsa, OK",3673,"Sapulpa, OK","POLYGON ((-96.305113068894485 35.955668170566788, -96.304480553287 35.954428638445037, -96.303463025919044 35.953421085662455, -96.303295939138422 35.954206655266191, -96.303645130258118 35.955069553914406, -96.304334188931733 35.9560245934082, -96.305723544576324 35.958067190845689, -96.305524667596288 35.956807765514242, -96.305113068894485 35.955668170566788))",true,null
579,"Tuscaloosa, AL",4029,AL: Tuscaloosa,"POLYGON ((-87.5086059 33.2974463, -87.6294555 33.2446297, -87.6679076 33.1963779, -87.5855102 33.1435002, -87.4701537 33.1389007, -87.4207153 33.1940796, -87.5086059 33.2974463))",true,null
620,"Twin Falls, ID",4078,ID: Twin Falls,"POLYGON ((-114.87787582706649 42.59013311468196, -114.72850463055455 42.348929915384886, -114.33983207342256 42.28942040192356, -114.10264185230568 42.59793115500266, -114.35861969415377 42.76017603964724, -114.74045727180409 42.85765536866145, -114.87787582706649 42.59013311468196))",true,null
287,"Tyler, TX",4729,TX: Lindale,"POLYGON ((-95.435835270427432 32.543623695022148, -95.450283044919189 32.480675704875765, -95.408143702651572 32.444782408224725, -95.347944642269283 32.450539843351052, -95.343530044507915 32.48507672810765, -95.370017631076124 32.52501463231134, -95.411354319205316 32.548359931686591, -95.435835270427432 32.543623695022148))",true,null
287,"Tyler, TX",4159,TX: Tyler,"POLYGON ((-95.3598144 32.410764, -95.429482523593748 32.329756137788195, -95.3639343 32.2227509, -95.2554443 32.2273979, -95.227756740947115 32.227454994918304, -95.205477835974293 32.248861363404558, -95.184357526480667 32.308421962286914, -95.1771667 32.386414, -95.267589107223685 32.413811034601714, -95.3598144 32.410764))",true,null
789,"Ukiah, CA",4349,CA: Ukiah,"POLYGON ((-123.247244 39.2188508, -123.2348844 39.1326189, -123.1497403 39.1006543, -123.1181546 39.1890542, -123.247244 39.2188508))",true,null
1076,"Union Bridge, MD",4656,MD: Union Bridge,"POLYGON ((-77.2144534 39.6099802, -77.207587 39.5369406, -77.0908572 39.554943, -77.1375491 39.6195014, -77.2144534 39.6099802))",true,null
883,"Upper Sandusky, OH",4452,OH: Upper Sandusky,"POLYGON ((-83.2810624 40.8674693, -83.326381 40.8269548, -83.2769425 40.7770567, -83.1972917 40.8352675, -83.2810624 40.8674693))",true,null
934,"Uvalde, TX",4511,TX: Uvalde,"POLYGON ((-99.8271129 29.2721256, -99.8768947 29.1270732, -99.8130367 29.1021779, -99.7093532 29.244869, -99.8223064 29.2864997, -99.8271129 29.2721256))",true,null
548,"Valdosta, GA",3993,GA: Valdosta,"POLYGON ((-83.38549091393641 30.80549257416847, -83.28478289940706 30.699800722626247, -83.1871266 30.8298666, -83.25426525146784 30.94902629471727, -83.42211200461837 30.874667007488473, -83.38549091393641 30.80549257416847))",true,null
718,"Vallejo, CA",4222,CA: Vallejo,"POLYGON ((-122.14078052986699 38.05689599110801, -122.149185581988 38.0474137356198, -122.16700113719972 38.05065205585751, -122.18185484263586 38.05335204525127, -122.18185494090982 38.053351911216254, -122.25759929999997 38.0671178, -122.25759929999997 38.13017577895791, -122.29197135781513 38.13017577895791, -122.32811381563029 38.1794014, -122.29197135781513 38.22859378746799, -122.21968644218484 38.22859378746799, -122.18354398436969 38.1794014, -122.20597312092185 38.14885708001222, -122.18893469999998 38.1368205, -122.14078052986699 38.05689599110801))",true,null
1009,"Vanceboro, NC",4585,NC: Vanceboro,"POLYGON ((-77.1628439 35.3207732, -77.1762339 35.3014416, -77.1580373 35.2928949, -77.1403556 35.3136294, -77.1628439 35.3207732))",true,null
94,"Vancouver, WA",4814,WA: Vancouver,"POLYGON ((-122.69902203122523 45.732167107220874, -122.69769538028886 45.630211998808164, -122.64131271549235 45.60840659414815, -122.60549314020983 45.60840659414815, -122.46685811735723 45.5770754866515, -122.4705064074323 45.647140133417395, -122.50433601454198 45.657804550404734, -122.50400435188452 45.686541994701194, -122.54977380358383 45.68746876361573, -122.55010546504623 45.723600764738485, -122.6187596401959 45.72360076463536, -122.61842796775178 45.732630116527, -122.69902203122523 45.732167107220874))",true,null
602,"Vernal, UT",4053,UT: Vernal,"POLYGON ((-109.4673035 40.5941065, -109.6760437 40.4646752, -109.5881531 40.3056767, -109.2750427 40.4730332, -109.4673035 40.5941065))",true,null
954,"Victoria, TX",4770,TX: Victoria,"POLYGON ((-97.112245294987162 28.885544642007556, -97.1431443406059 28.81277185758589, -97.132844658732992 28.736335783577285, -97.046066404931651 28.687395532261327, -96.91243146665262 28.743560484907391, -96.8561265390807 28.788101766451355, -96.882219066492084 28.851269591169437, -96.990022403428583 28.905984025357984, -97.112245294987162 28.885544642007556))",true,null
706,"Victorville, CA",4207,CA: Victorville,"POLYGON ((-117.3892405 34.6401527, -117.4647715 34.3492713, -117.2780039 34.3027723, -117.1626475 34.3980108, -117.1090891 34.6435422, -117.3892405 34.6401527))",true,null
586,"Vidalia, GA",4039,GA: Vidalia,"POLYGON ((-82.4388426 32.245841, -82.4937743 32.2133136, -82.4031371 32.1900727, -82.3097533 32.2179611, -82.4388426 32.245841))",true,null
211,"Virginia Beach, VA",4935,NC: Moyock,"POLYGON ((-76.150308 36.489388, -76.114165 36.5397, -76.150308 36.58998, -76.222592 36.58998, -76.258735 36.5397, -76.222592 36.489388, -76.150308 36.489388))",true,null
211,"Virginia Beach, VA",3588,VA: Chesapeake,"POLYGON ((-76.124377 36.769122, -76.12628 36.832945, -76.201146 36.83746, -76.239511 36.837666, -76.271536 36.839453, -76.293193 36.842114, -76.293695 36.8312, -76.28957 36.821845, -76.291979 36.813856, -76.292151 36.796081, -76.303332 36.789883, -76.308257 36.779546, -76.303396 36.776995, -76.295026 36.776157, -76.299529 36.764783, -76.298135 36.757946, -76.298216 36.757945, -76.29413 36.752337, -76.298645 36.742026, -76.292808 36.734735, -76.270321 36.731433, -76.250409 36.72434, -76.253646 36.719845, -76.20193 36.709046, -76.188922 36.664011, -76.149278 36.664011, -76.113135 36.71421, -76.115382 36.717329, -76.159755 36.717329, -76.184839 36.752148, -76.184773 36.757295, -76.164429 36.764417, -76.154131 36.768022, -76.151868 36.76526, -76.15102 36.764224, -76.149842 36.762786, -76.148724 36.761421, -76.142372 36.759908, -76.12435 36.768219, -76.124377 36.769122))",true,null
211,"Virginia Beach, VA",3589,VA: Hampton,"POLYGON ((-76.5282964 37.0798258, -76.5281248 37.0596913, -76.4979124 37.0439362, -76.4659834 37.0268073, -76.4496755 37.0072071, -76.4539671 36.9998043, -76.4486456 36.990207, -76.4265013 36.9653856, -76.4160299 36.9616823, -76.4095068 36.9625053, -76.3973188 36.9799229, -76.3784361 36.9947316, -76.3585233 37.0004898, -76.3499403 37.0041912, -76.3398123 37.0139238, -76.3245344 37.0107711, -76.3174963 37.0118677, -76.2980985 37.0336593, -76.2908888 37.0342074, -76.2783575 37.0698277, -76.3389539 37.0705125, -76.3394689 37.0809214, -76.5282964 37.0798258))",true,null
211,"Virginia Beach, VA",3957,VA: Hickory,"POLYGON ((-76.3194597 36.7480311, -76.3936174 36.7436294, -76.3379991 36.623036, -76.1738908 36.6114623, -76.2020433 36.7089576, -76.2837541 36.7260203, -76.3194597 36.7480311))",true,null
211,"Virginia Beach, VA",3590,VA: Newport News,"POLYGON ((-76.5786089 37.1871191, -76.573466 37.170445, -76.5631663 37.1597064, -76.5686703 37.153558, -76.565591 37.1438523, -76.5676379 37.1393765, -76.5799838 37.1370897, -76.5742911 37.1259477, -76.5701712 37.1259819, -76.5694032 37.1195938, -76.5500055 37.0900907, -76.5282964 37.0798258, -76.3394689 37.0809214, -76.3360296 37.0919392, -76.3455568 37.0926239, -76.3507925 37.0988538, -76.3817773 37.1069315, -76.3821207 37.1111753, -76.3688169 37.1267796, -76.3743101 37.1503853, -76.4180837 37.1494276, -76.468123 37.2141181, -76.4789377 37.2141864, -76.4986787 37.2088546, -76.5134416 37.1977113, -76.4624582 37.1436123, -76.462029 37.1339647, -76.4806543 37.1291063, -76.5042577 37.119936, -76.5108667 37.1281483, -76.5016828 37.1319804, -76.4992795 37.1367018, -76.5020479 37.1572319, -76.523334 37.178503, -76.5492548 37.1767249, -76.5597262 37.1924525, -76.5786089 37.1871191))",true,null
211,"Virginia Beach, VA",3586,VA: Norfolk,"POLYGON ((-76.3176997 36.8854716, -76.3151248 36.8812838, -76.3097175 36.8760659, -76.3122924 36.8736628, -76.3093742 36.8675517, -76.3121191 36.8634612, -76.3107458 36.857418, -76.2933221 36.8422392, -76.2715211 36.8395602, -76.2395063 36.8377742, -76.20114 36.8375681, -76.1262835 36.8330536, -76.1267532 36.8520556, -76.1243499 36.8557642, -76.115898 36.8622445, -76.1188162 36.8647853, -76.1085166 36.8731625, -76.1112202 36.8761835, -76.1102761 36.8804403, -76.1142672 36.8830491, -76.1033667 36.8936895, -76.0922946 36.906662, -76.0952128 36.909819, -76.1401022 36.9239552, -76.1776103 36.9310223, -76.1944331 36.9323945, -76.224903 36.9407642, -76.2626685 36.9631248, -76.2729682 36.9675138, -76.2846411 36.9696397, -76.2982882 36.969914, -76.3003481 36.9647707, -76.2978996 36.9625513, -76.2726653 36.9632371, -76.273867 36.952675, -76.2780636 36.9507158, -76.2755316 36.943239, -76.2753171 36.9398433, -76.2723559 36.9378538, -76.2714976 36.93312, -76.2672919 36.9316106, -76.2716692 36.9199462, -76.2746304 36.9197403, -76.3009804 36.9370648, -76.305229 36.9444737, -76.3114089 36.9558601, -76.3154 36.9556886, -76.3198203 36.9581577, -76.321494 36.96313, -76.3263863 36.9637129, -76.3302058 36.9438906, -76.3346084 36.9314536, -76.326712 36.902495, -76.3152106 36.9022205, -76.3144382 36.8991318, -76.3176997 36.8854716))",true,null
211,"Virginia Beach, VA",3587,VA: Portsmouth,"POLYGON ((-76.444966 36.90631, -76.45372 36.894229, -76.469598 36.868075, -76.476352 36.868075, -76.484349 36.856994, -76.484123 36.856372, -76.457043 36.767846, -76.404068 36.767846, -76.39715 36.777443, -76.370391 36.774004, -76.359062 36.757364, -76.29843 36.75805, -76.299805 36.764799, -76.295381 36.775975, -76.303491 36.776787, -76.308586 36.779461, -76.303555 36.790022, -76.29242 36.796195, -76.292248 36.813882, -76.289851 36.821834, -76.293966 36.831166, -76.293459 36.842199, -76.310871 36.857368, -76.310888 36.857442, -76.317176 36.85852, -76.33048 36.857216, -76.341295 36.854812, -76.34623 36.858486, -76.34005 36.860031, -76.341509 36.863499, -76.345543 36.86731, -76.375627 36.873936, -76.373498 36.879695, -76.380391 36.87936, -76.380541 36.893502, -76.410119 36.899309, -76.436726 36.906996, -76.444966 36.90631))",true,null
211,"Virginia Beach, VA",3956,VA: Suffolk,"POLYGON ((-76.6888759 36.9875416, -76.721149 36.6428715, -76.4265737 36.6676604, -76.4842529 36.8563442, -76.5264701 36.9724956, -76.6888759 36.9875416))",true,null
211,"Virginia Beach, VA",3585,VA: Virginia Beach,"POLYGON ((-76.126618 36.85203, -76.126149 36.833056, -76.124213 36.768158, -76.142355 36.759792, -76.14881 36.761329, -76.151496 36.764608, -76.154182 36.767887, -76.184639 36.757224, -76.184694 36.752958, -76.184704 36.752176, -76.159678 36.717437, -76.089492 36.717437, -76.055512 36.670245, -75.983228 36.670245, -75.947085 36.72044, -75.975055 36.759262, -75.971192 36.768138, -75.961665 36.772882, -75.95394 36.773569, -75.956515 36.782231, -75.956762 36.782254, -75.96908 36.8295, -75.990366 36.915122, -75.997662 36.913407, -75.99028 36.888217, -76.005387 36.88554, -76.019978 36.891375, -76.033883 36.894189, -76.039805 36.895768, -76.046328 36.90023, -76.058001 36.902495, -76.053109 36.903661, -76.04856 36.904073, -76.042036 36.905858, -76.03723 36.903867, -76.033539 36.904485, -76.034054 36.906098, -76.037573 36.909255, -76.047959 36.911005, -76.052164 36.90953, -76.058292 36.91789, -76.085726 36.912333, -76.090704 36.907667, -76.085726 36.902862, -76.064955 36.893253, -76.058947 36.874717, -76.068388 36.871146, -76.0665 36.862906, -76.10993 36.866614, -76.115799 36.862317, -76.115734 36.862261, -76.115709 36.86224, -76.124241 36.855699, -76.126618 36.85203))",true,null
269,"Visalia, CA",4869,CA: Goshen,"POLYGON ((-119.374176 36.358255, -119.356098 36.355974, -119.388892 36.401704, -119.461177 36.401704, -119.497319 36.351302, -119.461177 36.300868, -119.388892 36.300868, -119.370674 36.326293, -119.374176 36.358255))",false,null
269,"Visalia, CA",4209,CA: Visalia,"POLYGON ((-119.3741756 36.3582552, -119.3659359 36.2830145, -119.2794185 36.2741579, -119.190172 36.2902122, -119.1901546 36.3350269, -119.3741756 36.3582552))",true,null
962,"Von Ormy, TX",4539,TX: Von Ormy,"POLYGON ((-98.606628 29.379421, -98.692333 29.348446, -98.678959 29.311466, -98.636084 29.270789, -98.607522 29.292286, -98.59051 29.266584, -98.518225 29.266584, -98.482083 29.32118, -98.49741 29.344324, -98.515523 29.343148, -98.530784 29.344724, -98.545282 29.346299, -98.556638 29.347224, -98.565836 29.353114, -98.559147 29.364629, -98.559335 29.364713, -98.565345 29.354541, -98.592692 29.365803, -98.595091 29.368832, -98.596233 29.367108, -98.606628 29.379421))",true,null
821,"Wabash, IN",4384,IN: Wabash,"POLYGON ((-85.8614586 40.8302329, -85.8600853 40.7792974, -85.81614 40.7647372, -85.7845543 40.8146445, -85.8079003 40.8385452, -85.8614586 40.8302329))",true,null
390,"Waco, TX",4290,TX: Alta Vista,"POLYGON ((-97.12249492224824 31.532279563750294, -97.12391952228188 31.53094949321585, -97.12425540295074 31.531236795023027, -97.12811825794992 31.528336403936155, -97.13193550592653 31.525539592496617, -97.13342859541912 31.524460807710387, -97.13480604312907 31.524644948171254, -97.13489933675403 31.524354732350798, -97.13570714740774 31.522794533685754, -97.14321078748556 31.50842125383726, -97.1469991571548 31.501201277805233, -97.15137710918468 31.49296301218566, -97.14809352299213 31.491432561600785, -97.14666743027225 31.49038529591183, -97.14413407879793 31.489889823678876, -97.14080061351274 31.490492207300274, -97.10440840159868 31.507763483679042, -97.11353656351919 31.520332924954015, -97.11789932337187 31.526286058925034, -97.12210703318121 31.532084722099516, -97.12249492224824 31.532279563750294))",true,null
390,"Waco, TX",4295,TX: Brook Oaks,"POLYGON ((-97.11951374466496 31.58020267733798, -97.1337402673905 31.565818999783545, -97.14400178600624 31.55217956433061, -97.14559832704715 31.549976724570026, -97.14906488323753 31.54689733044298, -97.1548759883173 31.54217260441985, -97.15565065198913 31.54241360875941, -97.15698632346401 31.544407688869182, -97.15909666268927 31.547280178750512, -97.16350434285735 31.55318424746852, -97.17073019275678 31.564831930029644, -97.15304907156239 31.574112684357146, -97.1437410078667 31.579031507857696, -97.13899347579883 31.58153064870867, -97.13527445109032 31.583472166076746, -97.12726991723059 31.582381934353783, -97.1182982371108 31.581198346480033, -97.11951374466496 31.58020267733798))",true,null
390,"Waco, TX",4288,TX: Downtown / Baylor,"POLYGON ((-97.13368778487731 31.565853852986304, -97.12544803878356 31.561027075548846, -97.1168649699359 31.5592718218214, -97.11017017623473 31.557370259677946, -97.1033037211566 31.554298423565655, -97.10416202804137 31.548739605888084, -97.1084535624652 31.54391194293512, -97.11188679000426 31.542302666458127, -97.12391984495864 31.530959603028204, -97.14537751707778 31.550271436102747, -97.13368778487731 31.565853852986304))",true,null
390,"Waco, TX",4294,TX: Heart of Texas,"POLYGON ((-97.20637440140324 31.565443916186833, -97.21907734329777 31.54379450374255, -97.21083759720402 31.534431039949308, -97.16946510275307 31.529462290005554, -97.16222239522465 31.535610481968806, -97.15848893689657 31.538779972102066, -97.1550917937136 31.541758269146325, -97.16345905716496 31.553010746085295, -97.16860889847355 31.561641004788157, -97.20637440140324 31.565443916186833))",true,null
390,"Waco, TX",4143,TX: Hewitt,"POLYGON ((-97.172277 31.452216, -97.149494 31.491954, -97.151318 31.492804, -97.151322 31.492797, -97.190987 31.51075, -97.190929 31.5108, -97.228745 31.527898, -97.248343 31.516785, -97.249276 31.516255, -97.270295 31.504334, -97.264116 31.478278, -97.251413 31.482378, -97.229783 31.476229, -97.238023 31.46598, -97.227037 31.44958, -97.21914 31.455438, -97.214529 31.448554, -97.243053 31.448554, -97.279195 31.395134, -97.243053 31.341683, -97.170768 31.341683, -97.134625 31.395134, -97.170768 31.448554, -97.173822 31.448554, -97.172277 31.452216))",true,null
390,"Waco, TX",4292,TX: Kendrick,"POLYGON ((-97.16998680025405 31.52902927162418, -97.1759762197998 31.523858714502335, -97.18189905983438 31.518560159569144, -97.18589304742667 31.515114540816956, -97.18901104092296 31.512294094156744, -97.19076406579795 31.510779177610086, -97.1513859923767 31.492955778191458, -97.13484511924355 31.52463513665287, -97.1694197387132 31.529404567133263, -97.16998680025405 31.52902927162418))",true,null
390,"Waco, TX",4287,TX: North East Riverside,"POLYGON ((-97.10599239317834 31.567250812690688, -97.10864121323597 31.57155915244404, -97.11018732057364 31.57411199087318, -97.11175806042252 31.576643773549907, -97.1098640319104 31.57799038961432, -97.10798231935017 31.579389449364996, -97.11444159768052 31.580592661007067, -97.11593043370402 31.58085860033087, -97.11823069769082 31.581285552635308, -97.11953430388135 31.580165803656566, -97.12020976795864 31.579444761614848, -97.12210262272299 31.57754097726213, -97.12588833260439 31.573733291928864, -97.13359523412255 31.565865595481853, -97.1294822889997 31.56344699106899, -97.12538166050261 31.561049313332262, -97.12088998296234 31.560165787466012, -97.11700181462855 31.559334727672525, -97.11378027660754 31.55842134049956, -97.10984438148758 31.557287547262938, -97.10568217043202 31.555417102651326, -97.10156922525711 31.553557116098073, -97.09897967898434 31.55243343138957, -97.09662414643385 31.55145667405437, -97.0963918647709 31.552902864985914, -97.09628274820976 31.55387673735667, -97.09589208391321 31.555866432693563, -97.0957512138193 31.556424320295267, -97.09830535064899 31.558910667918227, -97.10114276695113 31.561669809803043, -97.10553668231381 31.566558206647127, -97.10599239317834 31.567250812690688))",true,null
390,"Waco, TX",4289,TX: Oakwood,"POLYGON ((-97.12210744514248 31.532111242477878, -97.11297926412344 31.519692744473073, -97.10850485846692 31.513501990696092, -97.1041649805623 31.507578445009486, -97.08048809172847 31.524568752856627, -97.06967199438904 31.539377286498745, -97.06907598398121 31.545528425514043, -97.0722440143316 31.547706798899547, -97.07581562442913 31.549999762775325, -97.08943853486134 31.554184295777034, -97.0957150339497 31.55625130587627, -97.09658105037965 31.55137268253055, -97.10325411909173 31.554177728125833, -97.10369798624647 31.55123923482344, -97.10407459248931 31.548625471291395, -97.1060490469707 31.54651380739823, -97.10849434694163 31.543886177547588, -97.11183718969349 31.542245849381345, -97.11659816623023 31.537726288616824, -97.1197181986473 31.53482908043659, -97.12248859811415 31.532264126618387, -97.12210744514248 31.532111242477878))",true,null
390,"Waco, TX",4293,TX: PARKDALE VIKING HILLS,"POLYGON ((-97.249231 31.516419, -97.228861 31.527971, -97.228753 31.528032, -97.190831 31.510885, -97.189108 31.512374, -97.18599 31.515194, -97.181996 31.51864, -97.176073 31.523939, -97.170076 31.529115, -97.169712 31.529357, -97.16975 31.529362, -97.16973 31.529378, -97.186323 31.531371, -97.186463 31.531388, -97.18754 31.531517, -97.210912 31.534324, -97.219155 31.543691, -97.219235 31.543782, -97.206453 31.565567, -97.206352 31.565557, -97.194789 31.576012, -97.206723 31.584443, -97.223032 31.584443, -97.259175 31.5311, -97.249231 31.516419))",true,null
390,"Waco, TX",4286,TX: Timbercrest,"POLYGON ((-97.07524026419073 31.582269543010565, -97.06668667332058 31.569107333544643, -97.06700340873053 31.56395224387549, -97.06761607221773 31.55854470777188, -97.06906334462073 31.545585044909426, -97.07566623946715 31.55000873223794, -97.08407764693786 31.5524955788388, -97.09557895919372 31.55629886308569, -97.10124378463317 31.561857230394683, -97.10562114974547 31.566757095289443, -97.11171512862731 31.57662917541105, -97.10725193282653 31.57984651639366, -97.10636067420019 31.58307113175313, -97.1007146996209 31.603332558681895, -97.09821111513592 31.611964965050795, -97.09563710513159 31.620956388744244, -97.09314063441923 31.62940121171038, -97.09257280383741 31.631332333566974, -97.09186412458382 31.633383338490287, -97.09037634012846 31.637275356360828, -97.07567478259493 31.583010148639904, -97.07524026419073 31.582269543010565))",true,null
390,"Waco, TX",4291,TX: University / Austin Ave.,"POLYGON ((-97.12500776683305 31.53119511490788, -97.13504995738481 31.54055890323134, -97.14560713206743 31.549775465086146, -97.16946806346391 31.529439300053394, -97.13341917430375 31.524464312032556, -97.12449278270219 31.53104879826421, -97.12500776683305 31.53119511490788))",true,null
390,"Waco, TX",4141,TX: Waco North,"POLYGON ((-97.090566 31.637279, -97.097604 31.651162, -97.155866 31.624721, -97.15532 31.625526, -97.191463 31.678815, -97.263747 31.678815, -97.29989 31.625526, -97.273328 31.586344, -97.257787 31.578867, -97.257787 31.572207, -97.23148 31.572207, -97.22311 31.584558, -97.206675 31.584558, -97.206674 31.584558, -97.194592 31.576022, -97.206146 31.565576, -97.190649 31.563976, -97.168999 31.561796, -97.170908 31.564873, -97.15312 31.57421, -97.143812 31.579129, -97.139374 31.581465, -97.135284 31.583627, -97.119705 31.581579, -97.118363 31.581335, -97.118274 31.581411, -97.115902 31.580971, -97.114413 31.580705, -97.107942 31.579499, -97.107636 31.57972, -97.101184 31.602147, -97.100846 31.60336, -97.099439 31.60821, -97.096718 31.617664, -97.095768 31.620984, -97.095578 31.621626, -97.092798 31.631287, -97.090566 31.637279))",true,null
1002,"Wadesboro, NC",4578,NC: Wadesboro,"POLYGON ((-80.086411 34.9803566, -80.0987706 34.9567239, -80.0634084 34.9387134, -80.0211797 34.9775435, -80.086411 34.9803566))",true,null
736,"Walla Walla, WA",4241,WA: Walla Walla,"POLYGON ((-119.43507760802846 46.194897776201373, -118.3774943 45.9893991, -118.215446 46.0656786, -118.3170695 46.09997, -119.32769127249608 46.410395170888506, -119.43507760802846 46.194897776201373))",true,null
1005,"Wallace, NC",4581,NC: Wallace,"POLYGON ((-78.0003363 34.7538444, -78.0109793 34.7352252, -77.9879767 34.719706, -77.9625708 34.7445353, -78.0003363 34.7538444))",true,null
1025,"Walnut Cove, NC",4602,NC: Walnut Cove,"POLYGON ((-80.1471123 36.324352, -80.1534638 36.2759307, -80.1311478 36.2752388, -80.1308045 36.3146702, -80.1471123 36.324352))",true,null
425,"Ware, MA",3861,MA: Ware,"POLYGON ((-72.2757268 42.3032496, -72.2922063 42.2209261, -72.1864629 42.2148238, -72.182343 42.2991868, -72.2757268 42.3032496))",true,null
583,"Warner Robins, GA",4033,GA: Warner Robins,"POLYGON ((-83.80058269128897 32.87782615362486, -83.7740324 32.4647466, -83.5927579 32.4531591, -83.5021207 32.5782252, -83.5570524 32.8832082, -83.77372722478881 33.0069050500807, -83.80058269128897 32.87782615362486))",true,null
472,"Warrendale, PA",3915,PA: Warrendale,"POLYGON ((-80.0927183 40.8311567, -79.93478989999998 40.7833415, -79.9277326530897 40.70008189229031, -79.9450895 40.6193655, -80.01357709822838 40.60421566432616, -80.04908837152865 40.59643700025757, -80.04908788602326 40.596431169634364, -80.12267309837284 40.59695274052216, -80.12267832649987 40.59694842557831, -80.1229307 40.5969502, -80.17229124384137 40.60660924971247, -80.19321028703895 40.57909574901387, -80.19424881213132 40.5788750010472, -80.19446007872894 40.57883009431863, -80.19473433869878 40.57877179770353, -80.26574145781512 40.57877179770353, -80.30188391563028 40.62630080999999, -80.29455911858471 40.63592913970334, -80.23772977376794 40.63829213006045, -80.25534259586668 40.67379602182599, -80.24077893525312 40.67379602182599, -80.2787993 40.7729423, -80.28360579999999 40.8145292, -80.0927183 40.8311567))",true,null
506,"Warrenton, VA",3949,VA: Warrenton,"POLYGON ((-77.9706341 38.7269446, -77.9380185 38.6422575, -77.6242215 38.7197126, -77.737518 38.812869, -77.9689175 38.7807599, -77.9706341 38.7269446))",true,null
1108,"Warsaw, NY",4688,NY: Warsaw,"POLYGON ((-78.1586127 42.7611463, -78.1575827 42.7250907, -78.1246237 42.7240818, -78.1246237 42.7611463, -78.1586127 42.7611463))",false,null
1074,"Warsaw, VA",4654,VA: Warsaw,"POLYGON ((-76.7830636 37.9830435, -76.8036629 37.9565195, -76.7301919 37.9294443, -76.7130257 37.9597679, -76.7830636 37.9830435))",true,null
205,"Washington, DC",3546,DC: Columbia Heights,"POLYGON ((-77.1360731 38.962454, -77.1250479 38.9490193, -77.1217863 38.9410088, -77.1126883 38.92819, -77.100672 38.9167045, -77.0972387 38.9110946, -77.090029 38.9073545, -77.0635931 38.9032133, -77.0563833 38.9004079, -77.056555 38.896888, -77.0249693 38.9210655, -77.0193045 38.9166581, -76.9784853 38.9469109, -76.9734709 38.9506213, -77.0097303 38.9798038, -77.0437192 38.9798038, -77.0437192 38.96192, -77.1360731 38.962454))",true,null
205,"Washington, DC",3549,DC: Southeast Washington,"POLYGON ((-76.8743814 38.8261484, -76.90339219999998 38.8038114, -76.90023418015677 38.79944495143708, -76.8832835343646 38.79944495143708, -76.84892412560023 38.74479720066515, -76.87216236742829 38.71920508871497, -76.93825311890609 38.739828233609046, -76.93914927548724 38.74010783193111, -76.94380561185513 38.74156057810531, -76.96137042589756 38.74704041799138, -77.01915451636565 38.73416303778448, -77.031873901729 38.711008383746005, -77.04284827600004 38.72583911812777, -77.04284780278164 38.72584114867147, -77.04284461494561 38.725854827428364, -77.04272026743038 38.726388390918565, -77.04409560146709 38.74301839327803, -77.04684239230791 38.74971305654002, -77.047741928394 38.75922922600151, -77.04817181022686 38.768682817503, -77.05039541430843 38.772816850919185, -77.04883972488005 38.777533662594855, -77.05303219325769 38.78006396557721, -77.0453270371255 38.79046694349589, -77.04010275270738 38.79022741233955, -77.04010275270738 38.797519553613974, -77.03186999781515 38.80863208238482, -77.02340732077121 38.80863208238482, -77.0273317 38.8167864, -77.01977859999998 38.8494141, -77.0139421 38.8579697, -77.0022691 38.867059, -76.9956588 38.8681169, -76.9916247 38.8686515, -76.9838141 38.8731287, -76.97239869999999 38.8770711, -76.9691371 38.8809465, -76.96330060000001 38.8860243, -76.96212640173174 38.898436893851816, -76.96184146177838 38.90004971613118, -76.94185413110439 38.91835803274849, -76.85436772718442 38.85239615907618, -76.8743814 38.8261484))",true,null
205,"Washington, DC",3545,DC: Washington,"POLYGON ((-77.056555 38.896888, -77.0553534 38.8928799, -77.0512335 38.8884707, -77.0371573 38.8870009, -77.024111 38.8792506, -77.0189612 38.8731032, -77.0184462 38.8612078, -77.0108931 38.8638811, -77.0060865 38.8713658, -76.9992201 38.8733705, -76.9923536 38.8710985, -76.9851439 38.8760433, -76.9734709 38.8792506, -76.9638578 38.889406, -76.9619696 38.9000943, -76.9418637 38.9185112, -76.9784853 38.9469109, -77.0193045 38.9166581, -77.0249693 38.9210655, -77.056555 38.896888))",true,null
205,"Washington, DC",3544,MD: Bethesda,"POLYGON ((-77.2150122 39.0130205, -77.1793317 38.970729, -77.1456861 38.9701952, -77.1360731 38.962454, -77.0437192 38.96192, -77.0437192 38.9798038, -77.0097303 38.9798038, -77.0105201 39.0384116, -77.0473575 39.0381487, -77.0474198 39.0719997, -77.1738319 39.072252, -77.174143 39.033296, -77.21883616990627 39.01780733001654, -77.2150122 39.0130205))",true,null
205,"Washington, DC",3551,MD: Bowie,"POLYGON ((-76.8294539 39.0058977, -76.8294539 38.9469126, -76.7838882 38.9442329, -76.7430328 38.8918772, -76.7045316 38.8913412, -76.7047893 38.965386, -76.6831599 38.9832688, -76.6721736 39.0222219, -76.6532908 39.0382237, -76.6786967 39.0535555, -76.6977511 39.0366904, -76.7132782 38.9901254, -76.7291998 38.9902421, -76.7395853 39.0054509, -76.8294539 39.0058977))",true,null
205,"Washington, DC",3547,MD: College Park,"POLYGON ((-76.9362272 39.0387052, -76.9607106 39.0386639, -77.0105201 39.0384116, -77.0097303 38.9798038, -76.9734709 38.9506213, -76.9784853 38.9469109, -76.9418637 38.9185112, -76.8294539 38.9469126, -76.8294539 39.0058977, -76.8761458 39.0053641, -76.8761458 39.0200361, -76.9358839 39.0203029, -76.9362272 39.0387052))",true,null
205,"Washington, DC",4937,MD: Damascus,"POLYGON ((-77.169147 39.337827, -77.241431 39.337827, -77.277574 39.289394, -77.241431 39.240927, -77.184877 39.240927, -77.176262 39.252482, -77.160532 39.252482, -77.133004 39.289394, -77.169147 39.337827))",true,null
205,"Washington, DC",3542,MD: Gaithersburg,"POLYGON ((-77.176262 39.252482, -77.201482 39.218649, -77.219151 39.239972, -77.290733 39.239307, -77.290218 39.161486, -77.261379 39.160954, -77.260743 39.119975, -77.278637 39.095924, -77.242495 39.047324, -77.174166 39.047324, -77.173966 39.072357, -77.173876 39.072357, -77.173836 39.072357, -77.121417 39.072252, -77.106019 39.072252, -77.150277 39.120712, -77.150621 39.17064, -77.0923 39.171147, -77.067835 39.20399, -77.103978 39.252482, -77.176262 39.252482))",true,null
205,"Washington, DC",3550,MD: Largo,"POLYGON ((-76.7838882 38.9442329, -76.8294539 38.9469126, -76.9418637 38.9185112, -76.854297 38.8524889, -76.7856048 38.8547241, -76.7430328 38.8918772, -76.7838882 38.9442329))",true,null
205,"Washington, DC",3548,MD: Laurel,"POLYGON ((-76.8914903 39.1848033, -76.9596806 39.1170202, -76.9607106 39.0386639, -76.9362272 39.0387052, -76.9358839 39.0203029, -76.8761458 39.0200361, -76.8761458 39.0053641, -76.8442167 39.0050973, -76.8283189 39.0590855, -76.7733872 39.1139815, -76.8914903 39.1848033))",true,null
205,"Washington, DC",3543,MD: Silver Spring,"POLYGON ((-77.0582143 39.1713387, -77.1504859 39.1705364, -77.1501426 39.1207455, -77.105854 39.072252, -77.0474198 39.0719997, -77.0473575 39.0381487, -76.9607106 39.0386639, -76.9596806 39.1170202, -76.9988194 39.1479123, -77.0582143 39.1713387))",true,null
205,"Washington, DC",3552,VA: Alexandria,"POLYGON ((-77.0478765 38.7592235, -77.0483056 38.7686599, -77.0505372 38.7728088, -77.0489923 38.7774929, -77.0543138 38.7807046, -77.0539705 38.7855219, -77.0519105 38.790874, -77.0402375 38.7903388, -77.0402375 38.7994367, -77.0385209 38.8136163, -77.0405809 38.8235136, -77.0395509 38.8307351, -77.0452157 38.8326072, -77.048134 38.84063, -77.0459024 38.8666979, -77.0501939 38.8719103, -77.0718232 38.8665642, -77.090706 38.8665642, -77.090706 38.8596137, -77.1185151 38.8593464, -77.1188585 38.8433041, -77.1613446 38.8433709, -77.1617738 38.7595581, -77.0478765 38.7592235))",true,null
205,"Washington, DC",3554,VA: Arlington,"POLYGON ((-77.1893599 38.882967, -77.1892523 38.8502046, -77.1613446 38.8433709, -77.1188585 38.8433041, -77.1185151 38.8593464, -77.090706 38.8596137, -77.090706 38.8665642, -77.0718232 38.8665642, -77.0501939 38.8719103, -77.0705702 38.9008707, -77.0939162 38.9046112, -77.1042159 38.9099544, -77.1145156 38.9259816, -77.1893599 38.882967))",true,null
205,"Washington, DC",3579,VA: Fairfax,"POLYGON ((-77.5518829 38.9453692, -77.5612607 38.9127513, -77.4654093 38.8663519, -77.4068513 38.8362036, -77.42793519915544 38.806067175318894, -77.37641482373598 38.78294599864755, -77.3177320619776 38.781688200501726, -77.32654719653095 38.79967824598219, -77.3319313265908 38.81639523982657, -77.293183 38.8182685, -77.2698371 38.8182685, -77.2695796 38.8500934, -77.3155052 38.9061066, -77.4288017 38.9065074, -77.494033 38.9233368, -77.5518829 38.9453692))",true,null
205,"Washington, DC",4936,VA: Leesburg,"POLYGON ((-77.590529 39.16366, -77.607283 39.16366, -77.643426 39.115106, -77.638926 39.109059, -77.640235 39.1073, -77.604092 39.058707, -77.531808 39.058707, -77.518153 39.07707, -77.510398 39.07707, -77.474255 39.12565, -77.510398 39.174197, -77.582682 39.174197, -77.590529 39.16366))",true,null
205,"Washington, DC",3553,VA: Lorton,"POLYGON ((-77.2766586 38.6958542, -77.2581191 38.6859392, -77.2509093 38.6797751, -77.2495361 38.6745486, -77.2455878 38.6740125, -77.2364898 38.6647646, -77.2100539 38.6650327, -77.2107406 38.6851352, -77.1667953 38.6859392, -77.1582122 38.6955862, -77.1530624 38.688887, -77.1561523 38.6829912, -77.143106 38.6757547, -77.133493 38.6733424, -77.1225066 38.6880831, -77.1297164 38.7001413, -77.131433 38.705232, -77.1242232 38.7065716, -77.1170135 38.6990696, -77.1001907 38.6988016, -77.0850845 38.7100544, -77.0789046 38.7148765, -77.0703216 38.7113939, -77.0545287 38.7105902, -77.0456023 38.7146086, -77.0428558 38.7263945, -77.044229 38.7429987, -77.0469756 38.7496929, -77.0478765 38.7592235, -77.1617738 38.7595581, -77.1870299 38.7597162, -77.1870513 38.7344293, -77.2766586 38.7336259, -77.2766586 38.6958542))",true,null
205,"Washington, DC",3578,VA: Manassas,"POLYGON ((-77.465476 38.866261, -77.493969 38.827482, -77.571946 38.807319, -77.566568 38.814578, -77.572267 38.822268, -77.572247 38.823203, -77.572958 38.8232, -77.585302 38.839855, -77.562152 38.87108, -77.598295 38.919802, -77.670579 38.919802, -77.706722 38.87108, -77.687988 38.845813, -77.711138 38.814578, -77.674996 38.765784, -77.629618 38.765784, -77.648703 38.740005, -77.623976 38.719663, -77.640138 38.715676, -77.617281 38.684778, -77.544996 38.684778, -77.51526 38.724971, -77.45895 38.724971, -77.431485 38.745324, -77.429768 38.806082, -77.408759 38.833697, -77.407029 38.836169, -77.427253 38.846583, -77.444322 38.855371, -77.465476 38.866261))",true,null
205,"Washington, DC",3558,VA: Reston,"POLYGON ((-77.4284584 38.9543137, -77.4288017 38.9065074, -77.3155052 38.9061066, -77.2612602 38.9619223, -77.2808296 39.0063565, -77.2808296 39.03063, -77.3367912 39.0314301, -77.4284584 38.9543137))",true,null
205,"Washington, DC",3556,VA: Springfield,"POLYGON ((-77.2761886 38.7620722, -77.2766586 38.7336259, -77.1870513 38.7344293, -77.1870299 38.7597162, -77.1617738 38.7595581, -77.1613446 38.8433709, -77.1892523 38.8502046, -77.2695796 38.8500934, -77.2698371 38.8182685, -77.293234353578654 38.818213139658319, -77.312134507693187 38.81719115864, -77.330963424471491 38.81616299571391, -77.326362608281258 38.799864285399259, -77.2935264 38.7719767, -77.2846 38.7719767, -77.2846 38.7623399, -77.2761886 38.7620722))",true,null
205,"Washington, DC",3559,VA: Sterling,"POLYGON ((-77.3367912 39.0314301, -77.3364479 39.06156, -77.3858864 39.0610269, -77.4600441 39.073022, -77.5070793 39.0732885, -77.5450222 38.9854533, -77.5518829 38.9453692, -77.494033 38.9233368, -77.4816734 38.9794058, -77.4497444 38.978872, -77.4497444 38.9548477, -77.4284584 38.9543137, -77.3367912 39.0314301))",true,null
205,"Washington, DC",3557,VA: Vienna,"POLYGON ((-77.1390373 38.9528453, -77.2612602 38.9619223, -77.3155052 38.9061066, -77.2695796 38.8500934, -77.1892523 38.8502046, -77.1893599 38.882967, -77.1145156 38.9259816, -77.1390373 38.9528453))",true,null
205,"Washington, DC",3555,VA: Woodbridge,"POLYGON ((-77.254825 38.68005, -77.261277 38.68534, -77.281637 38.695854, -77.378421 38.695727, -77.378421 38.685276, -77.387082 38.685357, -77.403674 38.707786, -77.475958 38.707786, -77.512101 38.658919, -77.475958 38.610019, -77.403674 38.610019, -77.393234 38.624147, -77.392498 38.624147, -77.392154 38.610198, -77.361255 38.609661, -77.361255 38.602954, -77.337223 38.602417, -77.336536 38.574508, -77.292934 38.573972, -77.271992 38.611539, -77.251735 38.604295, -77.247616 38.621733, -77.250705 38.630584, -77.246586 38.637557, -77.235943 38.657667, -77.240921 38.66638, -77.245899 38.671071, -77.251564 38.673885, -77.254825 38.68005))",true,null
459,"Washington, NJ",3896,NJ: Washington,"POLYGON ((-74.83244089999998 41.0863531, -74.71865568041649 41.08616535430656, -74.71301762399132 41.08360309239197, -74.70316859988378 41.08613980057116, -74.6125625 41.0859903, -74.4498275 40.8988924, -74.45051419999999 40.8578777, -74.45306286766224 40.85671620494799, -74.44694005574121 40.84869463401252, -74.4578657619554 40.82027922083041, -74.45787877761298 40.820245362640144, -74.45841590901678 40.820565620261505, -74.49703876742761 40.78689239140005, -74.49137630292023 40.78300739191236, -74.54139910781515 40.78300739191236, -74.56032030197264 40.807817703367625, -74.82885589999998 40.6852346, -75.060942 40.6961681, -75.0437759 40.8589164, -74.9586319 40.9704773, -74.83244089999998 41.0863531))",true,null
483,"Washington, PA",3925,PA: Washington,"POLYGON ((-80.2309478 40.2964471, -80.3744567 40.1979178, -80.3689635 40.0981947, -80.2268279 40.0981947, -80.1011718 40.2466763, -80.2309478 40.2964471))",true,null
116,"Waterloo, IA",4073,IA: Waterloo,"POLYGON ((-92.4016668 42.5773368, -92.4950506 42.5692463, -92.5005437 42.4862585, -92.4552251 42.3940332, -92.1805669 42.4629616, -92.2148992 42.4781562, -92.4016668 42.5773368))",true,null
1126,"Waterloo, NY",4706,NY: Waterloo,"POLYGON ((-76.9313872 42.9023545, -76.9155944 42.8817289, -76.8345702 42.8933002, -76.8428099 42.920459, -76.9313872 42.9023545))",false,null
1059,"Watertown, WI",4639,WI: Watertown,"POLYGON ((-88.7708804 43.2131988, -88.7626407 43.1711478, -88.7351749 43.1651382, -88.6898563 43.1651382, -88.6898563 43.2202045, -88.7708804 43.2131988))",true,null
490,"Watsontown, PA",3932,PA: State College,"POLYGON ((-78.35650175299828 41.520437837127794, -78.38710281953821 41.17200933826469, -77.69467927215258 41.0222017285135, -77.4566335473096 41.20686397404639, -77.0991892827886 41.3611414764014, -76.70269697682508 41.26100533263351, -76.3434128872594 41.048235537812594, -76.5803444727199 40.8945809966256, -76.80700580022905 40.81784696674298, -76.79070641436968 40.79647827, -76.82684887218485 40.749070517428, -76.89913378781515 40.749070517428, -76.92188787278327 40.77892080036577, -76.95859538791599 40.76647816600509, -77.5434100542396 40.5660460710951, -78.00747879999999 40.6560183, -78.89187819999998 41.1004286, -78.6938391193257 41.4998315747434, -78.35650175299828 41.520437837127794))",true,null
802,"Watsonville, CA",4362,CA: Watsonville,"POLYGON ((-121.8037976 37.0016657, -121.8491162 36.9440653, -121.7728986 36.8974045, -121.7282666 36.8974045, -121.6959943 36.9330889, -121.8037976 37.0016657))",true,null
989,"Wauchula, FL",4565,FL: Wauchula,"POLYGON ((-81.8252249 27.564797, -81.8358679 27.5278121, -81.7936392 27.5226362, -81.7866011 27.5651014, -81.8252249 27.564797))",true,null
516,"Waverly, VA",3959,VA: Waverly,"POLYGON ((-77.1339012 37.0646302, -77.2039391 36.9873352, -77.0535637 36.9664904, -77.0048119 37.0454509, -77.1339012 37.0646302))",true,null
1116,"Wayland, NY",4696,NY: Wayland,"POLYGON ((-77.6118176 42.5764264, -77.6035778 42.556198, -77.5610058 42.5622672, -77.5788586 42.5885603, -77.6118176 42.5764264))",false,null
486,"Waynesboro, PA",3928,PA: Waynesboro,"POLYGON ((-77.6043079 39.7961787, -77.7251575 39.7328415, -77.4532459 39.7317854, -77.5617359 39.8193878, -77.6043079 39.7961787))",true,null
480,"Waynesburg, PA",3923,PA: Waynesburg,"POLYGON ((-80.2291318 39.919498, -80.234625 39.8510031, -80.0986692 39.8562743, -80.1034757 39.9226576, -80.2291318 39.919498))",true,null
422,"Webster, MA",3858,MA: Webster,"POLYGON ((-72.0238128 42.0899783, -72.0162597 42.0323725, -71.7848602 42.0303324, -71.8288055 42.0955832, -72.0238128 42.0899783))",true,null
990,"Wedgefield, FL",4566,FL: Wedgefield,"POLYGON ((-81.0952062 28.5184545, -81.0941762 28.5112143, -81.100871 28.5119685, -81.101386 28.4976376, -81.0957212 28.4974867, -81.0936612 28.4667063, -81.1123723 28.4667063, -81.1089391 28.452822, -81.0296316 28.4522183, -81.0339231 28.5196612, -81.0952062 28.5184545))",true,null
526,"Weirton, OH",3967,OH: Weirton,"POLYGON ((-80.7831438 40.4780576, -80.7385118 40.2934326, -80.5208452 40.2960512, -80.5180986 40.4670884, -80.7831438 40.4780576))",true,null
888,"Wellston, OH",4457,OH: Wellston,"POLYGON ((-82.5606717 39.14509, -82.571658 39.0918171, -82.5153531 39.0800917, -82.4988736 39.1429599, -82.5606717 39.14509))",true,null
1096,"Wellsville, NY",4676,NY: Wellsville,"POLYGON ((-77.9797352 42.1400526, -77.9811085 42.1044019, -77.9028309 42.1064396, -77.9014576 42.1522711, -77.9797352 42.1400526))",false,null
737,"Wenatchee, WA",4242,WA: Wenatchee,"POLYGON ((-120.5228915 47.5747316, -120.5805697 47.507984, -120.3251376 47.3277131, -120.190555 47.4244299, -120.3059115 47.5358058, -120.5228915 47.5747316))",true,null
958,"West Columbia, TX",4535,TX: West Columbia,"POLYGON ((-95.6671475 29.153106, -95.6759023 29.1333153, -95.6401967 29.1150204, -95.6276654 29.1405123, -95.642085 29.1591025, -95.6671475 29.153106))",true,null
275,"West Palm Beach, FL",3392,FL: Boynton Beach,"POLYGON ((-80.2073513 26.6119543, -80.2082278 26.5199781, -80.0485827 26.5196709, -80.0527703 26.5361121, -80.0486504 26.6119542, -80.2073513 26.6119543))",true,null
275,"West Palm Beach, FL",3391,FL: Delray Beach,"POLYGON ((-80.2082278 26.5199781, -80.2080141 26.4146021, -80.0648486 26.415217, -80.0485827 26.5196709, -80.2082278 26.5199781))",true,null
275,"West Palm Beach, FL",3828,FL: Hobe Sound,"POLYGON ((-80.194499298669314 26.978302800621289, -80.090815826362828 26.987481281166669, -80.1498673403917 27.119568297605991, -80.156733795511329 27.126901902583104, -80.168729871991616 27.147444222621917, -80.18934271330491 27.138081130747857, -80.249605945700267 27.115074430202668, -80.249681552977123 27.097762364169515, -80.248753853211511 27.079911626097097, -80.251205525667885 27.080216407638549, -80.256903236123151 27.080064016754164, -80.239817902458924 27.027857698520695, -80.194499298669314 26.978302800621289))",true,null
275,"West Palm Beach, FL",3827,FL: Jupiter,"POLYGON ((-80.152813084349475 26.868311117475642, -80.148967853220626 26.862920808697275, -80.055792070955818 26.882501673431868, -80.088884378742989 26.985963155631584, -80.195478436549166 26.976348473384078, -80.152813084349475 26.868311117475642))",true,null
275,"West Palm Beach, FL",3393,FL: Lake Worth,"POLYGON ((-80.2064555 26.6354418, -80.2073513 26.6119543, -80.0486504 26.6119542, -80.0464671 26.6467961, -80.0476687 26.6742566, -80.1986369 26.6775992, -80.1985958 26.6890468, -80.2744334 26.6903616, -80.2764933 26.6382038, -80.2064555 26.6354418))",true,null
275,"West Palm Beach, FL",3837,FL: Loxahatchee,"POLYGON ((-80.17535506745908 26.791658453105896, -80.1740334039173 26.717307675154295, -80.21103998308838 26.7137659490852, -80.20839665600468 26.696055666239403, -80.22773219377844 26.696683825047845, -80.22314989453612 26.68959291023822, -80.27456338556676 26.690484265709312, -80.27663267450275 26.638088734460165, -80.24942353698621 26.637015725914086, -80.25544537218484 26.627692224561844, -80.32773028781513 26.627692224561844, -80.3638727456303 26.68363953, -80.32773028781513 26.739559392137753, -80.31669630573968 26.739559392137753, -80.3141297393506 26.792838231890695, -80.17535506745908 26.791658453105896))",true,null
275,"West Palm Beach, FL",3395,FL: Palm Beach Gardens,"POLYGON ((-80.133634 26.774062, -80.099097 26.772906, -80.099097 26.772905, -80.051093 26.771298, -80.049521 26.728463, -79.998078 26.728463, -79.961935 26.784361, -79.994882 26.835292, -79.991407 26.840662, -80.02755 26.896505, -80.060129 26.896505, -80.057082 26.886975, -80.055624 26.882414, -80.14859 26.862877, -80.14107 26.84336, -80.133634 26.774062))",true,null
275,"West Palm Beach, FL",3394,FL: West Palm Beach,"POLYGON ((-80.051223 26.771182, -80.133621 26.773941, -80.13486 26.744213, -80.148692 26.765605, -80.174757 26.765605, -80.173897 26.7172, -80.210888 26.713659, -80.208242 26.69593, -80.227494 26.696556, -80.222993 26.68959, -80.198461 26.689165, -80.198502 26.677717, -80.047673 26.674377, -80.051223 26.771182))",true,null
876,"West Union, OH",4444,OH: West Union,"POLYGON ((-83.5487349 38.8371255, -83.5968001 38.7804088, -83.5693342 38.7632779, -83.4869368 38.7804088, -83.5487349 38.8371255))",true,null
1093,"Westfield, NY",4673,NY: Westfield,"POLYGON ((-79.5652154 42.3544289, -79.6088173 42.3369203, -79.597831 42.3244837, -79.6143105 42.3138218, -79.5902779 42.3006188, -79.5525124 42.3018885, -79.5363762 42.3262605, -79.5652154 42.3544289))",false,null
1011,"Westhaven, NC",4587,NC: Westhaven,"POLYGON ((-78.6262396 35.3305483, -78.6518171 35.3085581, -78.5967138 35.2738096, -78.5752561 35.3049158, -78.6014305 35.3317404, -78.6262396 35.3305483))",true,null
1077,"Westminster, MD",4657,MD: Westminster,"POLYGON ((-77.0904352 39.4866683, -77.1158411 39.4612268, -77.0684626 39.4485026, -77.0471766 39.4755388, -77.0904352 39.4866683))",true,null
744,"White City, OR",4251,OR: White City,"POLYGON ((-122.57294 42.106654, -122.745975 42.539194, -123.009647 42.494656, -123.253124 42.466479, -123.284098 42.506042, -123.286408 42.506042, -123.287097 42.506923, -123.359382 42.506923, -123.395525 42.460757, -123.387802 42.450888, -123.465536 42.441887, -122.960209 42.275556, -122.57294 42.106654))",true,null
660,"Whitesboro, TX",4139,TX: Whitesboro,"POLYGON ((-96.9216322 33.6444089, -96.873052 33.6526971, -96.8859266 33.681271, -96.9037794 33.681271, -96.9386267 33.6641278, -96.9216322 33.6444089))",true,null
553,"Whiteville, NC",4000,NC: Whiteville,"POLYGON ((-78.6666132 34.3658546, -78.7517572 34.3613202, -78.7503839 34.3136936, -78.6570001 34.3091563, -78.6666132 34.3658546))",true,null
857,"Whitmore Lake, MI",4895,MI: Brighton,"POLYGON ((-83.807922 42.478632, -83.735637 42.478632, -83.699495 42.524785, -83.735637 42.570903, -83.807922 42.570903, -83.844064 42.524785, -83.807922 42.478632))",false,null
857,"Whitmore Lake, MI",4424,MI: Whitmore Lake,"POLYGON ((-83.7571316 42.4215105, -83.7639981 42.432661, -83.7845974 42.432661, -83.7914639 42.4210036, -83.7701779 42.4093441, -83.7688046 42.3921044, -83.7337857 42.3971754, -83.7289792 42.4128929, -83.7406521 42.4245517, -83.7571316 42.4215105))",true,null
177,"Wichita Falls, TX",3253,TX: Wichita Falls,"POLYGON ((-98.478148 33.880786, -98.474822 33.887366, -98.476469 33.890239, -98.445925 33.934143, -98.482067 33.986066, -98.554352 33.986066, -98.590495 33.934143, -98.585678 33.927222, -98.620349 33.877379, -98.606748 33.857819, -98.607042 33.857396, -98.570899 33.805395, -98.498614 33.805395, -98.462472 33.857396, -98.476073 33.876957, -98.475779 33.877379, -98.478148 33.880786))",true,null
302,"Wichita, KS",4095,KS: Wichita,"POLYGON ((-97.443904 37.839767, -97.423037 37.811219, -97.511159 37.775994, -97.53399 37.677151, -97.523862 37.569468, -97.15582 37.547695, -97.111874 37.843262, -97.307074 37.829179, -97.299334 37.839767, -97.335477 37.889188, -97.407762 37.889188, -97.443904 37.839767))",true,null
562,"Wilkesboro, NC",4009,NC: Wilkesboro,"POLYGON ((-81.2686278 36.2116022, -81.2631346 36.0430009, -80.9953428 36.0624307, -81.0571409 36.2265591, -81.2686278 36.2116022))",true,null
1121,"Williamson, NY",4701,NY: Williamson,"POLYGON ((-77.2298541 43.2752426, -77.224361 43.2052128, -77.0856586 43.2092167, -77.1090045 43.2732429, -77.2298541 43.2752426))",false,null
899,"Williamson, WV",4468,WV: Williamson,"POLYGON ((-82.2762911 37.6694645, -82.2638456 37.6747635, -82.270883799999993 37.6795867, -82.2943155 37.6800622, -82.2941439 37.6707553, -82.2879641 37.6691248, -82.28496 37.6763939, -82.2823851 37.6768015, -82.2762911 37.6694645))",true,null
407,"Williamsport, PA",3841,PA: Williamsport,"POLYGON ((-77.7854979 39.6941149, -77.9200804 39.5714289, -77.7168333 39.5502542, -77.57665657349901 39.63129927228446, -77.5675809062575 39.70501317298841, -77.76933072491256 39.71627729450627, -77.7854979 39.6941149))",true,null
854,"Williamston, MI",4421,MI: Williamston,"POLYGON ((-84.319603 42.7265408, -84.3237229 42.6568932, -84.2550583 42.6508332, -84.2234726 42.7114067, -84.319603 42.7265408))",true,null
1030,"Williamston, NC",4607,NC: Williamston,"POLYGON ((-77.0987056 35.8713531, -77.1028254 35.8190331, -77.0465205 35.8156923, -77.0286677 35.8802552, -77.0987056 35.8713531))",true,null
978,"Willow Grove, TX",4555,TX: Willow Grove,"POLYGON ((-97.3166298 31.5811395, -97.3040986 31.5448654, -97.2579216 31.5499856, -97.2579216 31.5787997, -97.2910523 31.5947387, -97.3133683 31.5906445, -97.3258996 31.5871351, -97.3166298 31.5811395))",true,null
557,"Wilmington, NC",4004,NC: Wilmington,"POLYGON ((-77.8665624 34.4009734, -78.094040003784215 34.255225014283546, -78.1686864 33.9100422, -77.954453 33.82338, -77.9040221 33.9917439, -77.8258601 34.1737372, -77.7227152 34.287422, -77.6358495 34.3511018, -77.723167237449346 34.394730644740747, -77.8665624 34.4009734))",true,null
874,"Wilmington, OH",4442,OH: Wilmington,"POLYGON ((-83.8887933 39.4706171, -83.8833002 39.4016757, -83.736358 39.4006145, -83.7514642 39.4939357, -83.8887933 39.4706171))",true,null
973,"Wimberley, TX",4550,TX: Wimberley,"POLYGON ((-98.1230583 30.0100637, -98.1340446 29.9377945, -98.0636635 29.9309515, -98.0489006 30.0076853, -98.1230583 30.0100637))",true,null
1133,"Windsor, NY",4713,NY: Windsor,"POLYGON ((-75.7810392 42.1174347, -75.7769193 42.0843194, -75.7144346 42.0858481, -75.7261075 42.1159067, -75.7810392 42.1174347))",false,null
964,"Winnie, TX",4541,TX: Winnie,"POLYGON ((-94.4027873 29.8373748, -94.4048472 29.8230788, -94.4192668 29.7932889, -94.3629618 29.7378561, -94.3279429 29.8373748, -94.4027873 29.8373748))",true,null
245,"Winston, NC",3404,NC: Winston-Salem,"POLYGON ((-80.10645495781513 36.17592946741181, -80.03417004218484 36.17592946741181, -80.00082595807717 36.12929637362354, -80.02710810474879 36.11472336814259, -80.03892618170009 36.10816956288651, -80.09182610525146 36.03653669685917, -80.2455059 36.0437165, -80.3773419 36.01261920000001, -80.4185406 36.0387195, -80.413169319104 36.043251537819486, -80.44915411563031 36.09363174, -80.41301165781513 36.14420018665463, -80.34072674218486 36.14420018665463, -80.32295149747263 36.11933415729886, -80.3079907 36.1319438, -80.2825848 36.2123162, -80.12765924741073 36.146277593174155, -80.10645495781513 36.17592946741181))",true,null
745,"Winston, OR",4252,OR: Winston,"POLYGON ((-123.4985386 43.2914761, -123.5589634 43.0912308, -123.3886754 43.0470887, -123.1250035 43.1273234, -123.174442 43.3114645, -123.4985386 43.2914761))",true,null
747,"Woodburn, OR",4254,OR: Woodburn,"POLYGON ((-122.8709832 45.1853027, -122.9698602 45.1291357, -122.8105584 45.0942457, -122.7391473 45.1698139, -122.8709832 45.1853027))",true,null
1070,"Woodstock, VA",4650,VA: Woodstock,"POLYGON ((-78.4961656 38.9634168, -78.6293748 38.830886, -78.5648302 38.7977147, -78.4220079 38.9014574, -78.4961656 38.9634168))",true,null
968,"Woodville, TX",4545,TX: Woodville,"POLYGON ((-94.434614 30.7948665, -94.4401071 30.7559297, -94.4098947 30.7574048, -94.3968484 30.7792347, -94.434614 30.7948665))",true,null
379,"Worcester, MA",3604,MA: Worcester,"POLYGON ((-71.752842709272642 42.301090079521551, -71.756725427205723 42.305789098138057, -71.778939656407246 42.331716038019287, -71.801942280918965 42.331335330503926, -71.883309773594746 42.281696730175106, -71.854127339512715 42.2264262095909, -71.844391578575767 42.195476238586913, -71.808810801118483 42.205884457981355, -71.793359212071309 42.207483331759917, -71.731947158385893 42.238107594028854, -71.745207999755522 42.244017040289435, -71.748126243163725 42.245716697878457, -71.748834346343656 42.249417662994084, -71.7451458672001 42.26126806777372, -71.7446245063663 42.272639025609713, -71.74746760447826 42.286853472182919, -71.747567397160779 42.2975896796381, -71.752842709272642 42.301090079521551))",true,null
497,"Wytheville, VA",3940,VA: Wytheville,"POLYGON ((-81.0171428538992 36.98590330995921, -80.95796002218485 36.98590330995921, -80.92181756436969 36.93588257, -80.95796002218485 36.885828977753526, -81.03024493781514 36.885828977753526, -81.05652331748057 36.92222509363644, -81.1421758 36.8934403, -81.166895 36.976865, -81.0460454 36.9988037, -81.0171428538992 36.98590330995921))",true,null
117,"Yakima, Wa",4244,WA: Yakima,"POLYGON ((-120.6394185 46.6066899, -120.6627644 46.5415524, -120.363387 46.542497, -120.3839863 46.6019724, -120.52450651267345 46.689108709105795, -120.6231047566809 46.65539488858421, -120.6394185 46.6066899))",true,null
304,"Yonkers, NY",3909,NY: Yonkers,"POLYGON ((-73.865835 41.066452, -73.915221 40.902261, -73.865415 40.892135, -73.852272 40.914679, -73.851484 40.913646, -73.850429 40.915353, -73.783902 40.892948, -73.793996 40.88137, -73.813865 40.884478, -73.814989 40.880074, -73.753556 40.880074, -73.717414 40.927388, -73.753556 40.974669, -73.76822 40.974669, -73.731596 41.047294, -73.865835 41.066452))",true,null
294,"York, PA",3913,PA: York,"POLYGON ((-76.8049681 40.0200684, -76.8712645420566 39.995291516265226, -76.7884886 39.8895339, -76.58551320485257 39.89059131724113, -76.58302866428721 39.992369440467755, -76.7033153979313 40.036663057991504, -76.8049681 40.0200684))",true,null
1100,"Yorkshire, NY",4680,NY: Yorkshire,"POLYGON ((-78.73178542387481 42.491043568767836, -78.54758017952653 42.492602949864576, -78.47100715348066 42.49927200156848, -78.44847514001702 42.495453145973634, -78.3774500682435 42.4937967794805, -78.35791911935215 42.562143652475626, -78.42887176384045 42.57372461709452, -78.46256784512367 42.552924025986385, -78.74189424825983 42.56471265970841, -78.73178542387481 42.491043568767836))",true,null
499,"Yorktown, VA",3942,VA: Yorktown,"POLYGON ((-76.6177319 37.1902197, -76.478938 37.214186, -76.5071819 37.2367007, -76.450877 37.2787824, -76.4845226 37.4763055, -76.8202923 37.5803138, -76.9988201 37.4817546, -76.8450115 37.2656686, -76.78596 37.2246731, -76.7543743 37.1880316, -76.7344616 37.200612, -76.7694805 37.2181117, -76.6960094 37.2230328, -76.6472576 37.2208457, -76.6245983 37.2033466, -76.6177319 37.1902197))",false,null
945,"Yturria, TX",4522,TX: Yturria,"POLYGON ((-97.7780404 26.5762463, -97.7861943 26.550605, -97.7586856 26.5478026, -97.7571835 26.5743273, -97.7780404 26.5762463))",true,null
711,"Yuba City, CA",4213,CA: Yuba City,"POLYGON ((-121.7032092 39.1880052, -121.6708549 39.1000641, -121.6139453 39.0089576, -121.4834826 39.0740215, -121.5082019 39.1816185, -121.7032092 39.1880052))",true,null
702,"Yuka Valley, CA",4202,CA: Yuka Valley,"POLYGON ((-116.5333338 34.1285829, -116.4234706 34.0512462, -115.9400721 34.1308564, -116.0307093 34.2308314, -116.5333338 34.1285829))",true,null
28,"Yuma, AZ",4274,AZ: Yuma,"POLYGON ((-114.70119721670157 32.7538643514567, -114.73532528951479 32.66672777986085, -114.8074601937646 32.49806928265468, -114.64556037690168 32.4459748658968, -114.5586101 32.4792954, -114.5229045 32.626303, -114.3182842 32.6228332, -114.3333904 32.7049168, -114.56590952501429 32.73676749196119, -114.59702513370802 32.76079367221303, -114.66556589410402 32.76318663262904, -114.70119721670157 32.7538643514567))",true,null
510,"Zion Crossroads, VA",3953,VA: Zion Crossroads,"POLYGON ((-78.42138147628631 37.961357476770615, -78.289608 37.8767569, -77.9558983 37.8810927, -77.99620692013328 38.074618420748926, -78.34647232923065 38.08927145819983, -78.40739887022212 38.020129896799226, -78.42138147628631 37.961357476770615))",true,null
